iata	airport	osm	terminal	km_from_published_point	latitude	longitude
AAA	Anaa Airport	way/431688928	Anaa Airport	0.37	-17.3559	-145.51
AAC	El Arish International Airport	way/251575733	El Arish International Airport Terminal	2.72	31.0786	33.8368
AAE	Annaba Rabah Bitat Airport	way/341055053	(unnamed)	0.63	36.8214	7.8113
AAL	Aalborg Airport	way/220302291	(unnamed)	1.57	57.0867	9.8713
AAN	Al Ain International Airport	way/201660823	(unnamed)	0.73	24.2604	55.6163
AAP	Aji Pangeran Tumenggung Pranoto International Airport	relation/16790539	(unnamed)	0.88	-0.371	117.2572
AAR	Aarhus Airport	relation/2152501	(unnamed)	0.77	56.3077	10.6279
AAT	Altay Xuedu Airport	way/553805907	(unnamed)	0.26	47.752	88.0872
AAX	Romeu Zema Airport	way/318743954	(unnamed)	0.62	-19.5607	-46.9657
AAY	Al Ghaydah International Airport	way/287415615	(unnamed)	0.30	16.1958	52.1731
AAZ	Quezaltenango Airport	way/258388324	Aeropuerto Internacional de Occidente	0.72	14.8611	-91.5068
ABA	Abakan International Airport	way/87971996	Абакан, МВПП «Абакан»	1.59	53.7513	91.3998
ABB	Asaba International Airport	way/495687558	Asaba International Airport	0.72	6.2092	6.6612
ABD	Abadan Ayatollah Jami International Airport	relation/2887013	(unnamed)	0.52	30.364	48.227
ABE	Lehigh Valley International Airport	way/8085980	(unnamed)	0.65	40.6526	-75.4352
ABJ	Félix-Houphouët-Boigny International Airport	way/186905401	Ancien Aérogare Domestique	0.90	5.2555	-3.9319
ABK	Kebri Dahar Airport	way/1001046973	(unnamed)	0.50	6.7293	44.2445
ABQ	Albuquerque International Sunport	way/44159883	Albuquerque International Sunport	1.16	35.0484	-106.6165
ABR	Aberdeen Regional Airport	way/251277302	Aberdeen Regional Airport Terminal	0.50	45.453	-98.4185
ABS	Abu Simbel Airport	way/251566939	(unnamed)	0.93	22.3677	31.61
ABT	King Saud Bin Abdulaziz (Al Baha) Airport	way/158305523	(unnamed)	0.62	20.2943	41.64
ABU	AA Bere Tallo (Haliwen) Airport	way/542037450	(unnamed)	0.48	-9.076	124.9075
ABV	Nnamdi Azikiwe International Airport	way/557738455	New International Terminal	0.64	9.0064	7.269
ABX	Albury Airport	way/286015556	(unnamed)	0.39	-36.0692	146.956
ABY	Southwest Georgia Regional Airport	way/433285349	(unnamed)	0.68	31.5326	-84.189
ABZ	Aberdeen International Airport	way/51816691	Offshore Helicopter Services	0.30	57.2012	-2.1929
ACA	General Juan N. Álvarez International Airport	way/27021896	(unnamed)	0.62	16.7622	-99.7556
ACC	Kotoka International Airport	way/369427338	Terminal 2Domestic Departures	0.56	5.6069	-0.1715
ACE	César Manrique-Lanzarote Airport	way/33423861	Aeropuerto César Manrique-Lanzarote T1	0.62	28.9503	-13.6085
ACF	Aral Tarim Airport	way/1237916639	(unnamed)	0.52	40.4394	81.2615
ACH	Sankt Gallen Altenrhein Airport	node/1845255447	Ankunftshalle Airport Altenrhein	0.69	47.4877	9.5525
ACI	Alderney Airport	way/4235023	(unnamed)	0.30	49.7088	-2.2147
ACK	Nantucket Memorial Airport	way/100895992	Nantucket Memorial Airport	0.50	41.2564	-70.0642
ACT	Waco Regional Airport	way/188426811	(unnamed)	0.72	31.6093	-97.2233
ACV	California Redwood Coast-Humboldt County Airport	way/462532220	(unnamed)	0.81	40.971	-124.1066
ACX	Xingyi Wanfenglin Airport	way/525684026	(unnamed)	0.41	25.0841	104.9568
ACY	Atlantic City International Airport	way/802693053	Atlantic City International Airport Terminal	0.69	39.4514	-74.5725
ADB	Adnan Menderes International Airport	way/739787803	Adnan Menderes Havalimanı - İç ve Dış Hatlar	0.70	38.2932	27.149
ADD	Addis Ababa Bole International Airport	relation/10075524	ቦሌ ዓለም አቀፍ አውሮፕላን ማረፊያ ተርሚናል	0.64	8.9833	38.7974
ADE	Aden International Airport	relation/12702125	(unnamed)	0.85	12.8254	45.0366
ADF	Adıyaman Airport	way/245021916	Adıyaman Havalimanı Terminali	0.57	37.7364	38.4705
ADK	Adak Airport	way/480342116	Captain Pat Kelly Air Terminal	1.60	51.8692	-176.6449
ADL	Adelaide International Airport	way/26586784	Domestic & International Terminal	1.05	-34.9389	138.538
ADQ	Kodiak Airport	way/238687115	(unnamed)	1.33	57.7543	-152.515
ADU	Ardabil Airport	way/118372454	(unnamed)	0.41	38.3242	48.4201
ADZ	Gustavo Rojas Pinilla International Airport	way/169875610	(unnamed)	1.03	12.5864	-81.7022
AEB	Baise (Bose) Bama Airport	way/549469285	航站楼	0.78	23.7194	106.9675
AEP	Aeroparque Jorge Newbery	relation/15953916	Terminal de pasajeros	0.33	-34.5569	-58.4137
AER	Sochi International Airport	way/295233440	VIP и правительственный дипломатический терминал	0.85	43.4497	39.9461
AES	Ålesund Airport	way/222321585	(unnamed)	0.31	62.5586	6.1154
AEU	Abu Musa Island Airport	way/34392276	پایانه فرودگاه	0.81	25.8786	55.0256
AEX	Alexandria International Airport	way/51459724	James L. Meyer Terminal	0.55	31.3229	-92.5421
AEY	Akureyri International Airport	way/431690684	(unnamed)	0.28	65.6546	-18.0758
AFA	Suboficial Ay Santiago Germano Airport	way/89750699	Aeropuerto San Rafael	0.44	-34.5912	-68.4007
AFL	Piloto Osvaldo Marques Dias Airport	way/630022381	(unnamed)	0.68	-9.8724	-56.1052
AFZ	Sabzevar National Airport	way/118442651	(unnamed)	0.80	36.1712	57.6033
AGA	Al Massira Airport	way/363828043	Aérogare	0.86	30.3301	-9.4105
AGE	Wangerooge Airport	way/36109108	Flughafen-Terminal	0.95	53.7883	7.9088
AGH	Ängelholm-Helsingborg Airport	way/424894170	(unnamed)	1.62	56.2873	12.8681
AGP	Málaga-Costa del Sol Airport	relation/10285666	Costa del Sol Málaga - Terminal 3	0.56	36.677	-4.4934
AGS	Augusta Regional At Bush Field	way/625861092	Aviation Services Terminal	0.75	33.3718	-81.9722
AGU	Aguascalientes International Airport	way/801828567	Aeropuerto Internacional Jesús Terán Peredo	0.47	21.7013	-102.3142
AGX	Agatti Airport	way/389443386	(unnamed)	0.65	10.8284	72.1795
AHA	Maa Mahamaya Airport	way/1073724892	Ambikapur Airport Terminal	0.40	22.9865	83.1999
AHB	Abha International Airport	way/423655023	(unnamed)	0.66	18.2346	42.6579
AHE	Ahe Airport	way/883998517	(unnamed)	0.26	-14.4288	-146.2547
AHO	Alghero-Fertilia Airport	way/279263612	Terminal Alghero AHO	0.43	40.6311	8.2957
AHU	Cherif Al Idrissi Airport	way/95226118	(unnamed)	0.37	35.1789	-3.843
AIA	Alliance Municipal Airport	way/398958711	(unnamed)	1.07	42.0619	-102.8069
AIT	Aitutaki Airport	node/2544587187	Aitutaki	0.32	-18.8295	-159.7667
AJA	Ajaccio Napoléon Bonaparte airport	way/66272308	(unnamed)	0.82	41.9197	8.7945
AJF	Al-Jawf International Airport	way/111475444	(unnamed)	0.57	29.7884	40.1018
AJI	Ağrı Airport	way/568504489	(unnamed)	0.40	39.6546	43.0213
AJL	Lengpui Airport	way/197997814	Aizwal Airport Terminal	0.50	23.8389	92.6243
AJR	Arvidsjaur Airport	way/247765039	Arvidsjaur Airport	0.83	65.5921	19.2644
AJU	Aracaju - Santa Maria Airport	way/85929455	Aeroporto Internacional de Aracaju/Santa Maria - Terminal de Passageiros	0.33	-10.9869	-37.0725
AKA	Ankang Fuqiang Airport	way/923410453	(unnamed)	0.52	32.7529	108.8762
AKF	Kufra Airport	way/236241545	صالة الركاب	1.02	24.1843	23.322
AKJ	Asahikawa Airport	way/141973522	旭川空港	0.57	43.6707	142.4541
AKL	Auckland International Airport	relation/14258543	Auckland Domestic Terminal	0.76	-37.0063	174.7911
AKN	King Salmon Airport	node/6023624719	Pen Air	1.07	58.6826	-156.668
AKR	Akure Airport	way/1443018780	(unnamed)	0.50	7.251	5.2996
AKU	Aksu Hongqipo Airport	way/705641308	(unnamed)	0.59	41.2585	80.2964
AKV	Akulivik Airport	way/408652404	(unnamed)	0.44	60.8181	-78.1566
AKX	Aktobe International Airport	way/150023603	Әлия Молдағұлова халықаралық әуежайы	0.46	50.2488	57.2105
AKY	Sittwe Airport	way/222638250	Sittwe Airport	0.38	20.1356	92.8732
ALA	Almaty International Airport	way/1180396891	Жаңа Халықаралық Терминал (Т2)	2.56	43.3487	77.0121
ALB	Albany International Airport	way/97882727	Terminal B	0.62	42.7463	-73.8088
ALC	Alicante-Elche Miguel Hernández Airport	way/23035936	(unnamed)	0.49	38.2866	-0.5574
ALF	Alta Airport	way/129133831	(unnamed)	0.95	69.9778	23.3472
ALG	Houari Boumediene Airport	relation/10752708	Aérogare Nationale T2	0.70	36.6999	3.2123
ALH	Albany Airport	way/245216542	Albany Airport Terminal	0.53	-34.945	117.8034
ALO	Waterloo Regional Airport	way/424779719	(unnamed)	0.80	42.5504	-92.3969
ALP	Aleppo International Airport	way/102590318	Airport Terminal Building	0.37	36.1846	37.2273
ALS	San Luis Valley Regional Airport/Bergman Field	way/44782035	(unnamed)	1.06	37.4442	-105.8644
ALW	Walla Walla Regional Airport	way/93758853	Walla Walla Regional Airport Terminal Building	0.87	46.0874	-118.2847
AMD	Sardar Vallabh Patel International Airport	way/172369233	Ahmedabad Airport International Terminal	1.11	23.0747	72.6242
AMH	Arba Minch Airport	way/310227866	(unnamed)	0.29	6.0409	37.5884
AMM	Queen Alia International Airport	way/155418133	محطة المطار	0.48	31.7225	35.9881
AMQ	Pattimura International Airport	way/149294070	(unnamed)	0.56	-3.7052	128.0886
AMV	Amderma Airport	way/883964794	(unnamed)	0.94	69.7591	61.5772
ANC	Ted Stevens Anchorage International Airport	way/28589049	North Terminal	0.29	61.1784	-149.9873
ANF	Andrés Sabella Gálvez International Airport	way/111754905	Aeropuerto Internacional Andrés Sabella Gálvez	0.58	-23.4489	-70.4411
ANR	Antwerp International Airport (Deurne)	way/41615256	(unnamed)	0.83	51.1872	4.4526
ANS	Andahuaylas Airport	way/101603726	Aeropuerto de Andahuaylas	0.79	-13.7132	-73.3524
ANU	V. C. Bird International Airport	way/84038912	(unnamed)	0.40	17.1403	-61.7923
ANX	Andøya Airport, Andenes	way/146245960	(unnamed)	1.81	69.3105	16.124
AOE	Hasan Polatkan Airport	way/309027702	Hasan Polatkan Havalimanı Terminali	0.78	39.8126	30.5283
AOG	Anshan Teng'ao Airport / Anshan Air Base	way/818251222	鞍山腾鳌机场航站楼	0.90	41.1113	122.8612
AOI	Marche Airport	way/69260001	(unnamed)	0.92	43.6088	13.3576
AOJ	Aomori Airport	way/191189346	青森空港ビル	0.50	40.7383	140.6893
AOK	Karpathos Airport	way/192742111	(unnamed)	0.65	35.4268	27.1487
AOR	Sultan Abdul Halim Airport	way/1393100893	(unnamed)	0.34	6.1919	100.3959
APL	Nampula Airport	way/219091450	(unnamed)	0.31	-15.1075	39.2839
APN	Alpena County Regional Airport	way/1263813325	(unnamed)	0.96	45.0707	-83.5667
APO	Antonio Roldán Betancur Airport	way/737654853	(unnamed)	0.69	7.818	-76.7178
APW	Faleolo International Airport	way/1379570954	Samoa Regional Terminal	0.54	-13.8326	-172.0122
AQA	Araraquara Airport	way/253651607	(unnamed)	1.01	-21.8058	-48.1402
AQG	Anqing Tianzhushan Airport / Anqing North Air Base	way/970047391	(unnamed)	0.45	30.5854	117.0472
AQI	Qaisumah–Hafar Al-Batin International Airport	way/423660205	(unnamed)	0.55	28.3344	46.1217
AQJ	King Hussein International Airport	way/193374380	(unnamed)	0.33	29.6103	35.0212
AQP	Rodríguez Ballón International Airport	way/292667467	(unnamed)	0.40	-16.3443	-71.5686
ARD	Alor Island - Mali Airport	way/515190518	(unnamed)	0.55	-8.1358	124.5934
ARH	Talagi Airport	way/95702617	Павильон № 3	0.47	64.5962	40.7145
ARI	Chacalluta International Airport	way/45953357	Terminal de Pasajeros Aeropuerto Chacalluta	0.33	-18.3493	-70.3357
ARK	Arusha Airport	relation/17482564	Departures	0.97	-3.3679	36.6246
ARM	Armidale Airport	way/424713327	Armidale Regional Airport	0.49	-30.5321	151.6148
ART	Watertown International Airport	way/202352759	Watertown International Airport	0.28	43.9941	-76.0234
ARU	Araçatuba Airport	relation/12872448	Terminal Aeroportuário de Araçatuba	0.44	-21.1377	-50.4259
ARW	Arad International Airport	way/591332585	Terminal T1	1.06	46.1719	21.2766
ASB	Ashgabat International Airport	way/425942959	Ashgabat International Airport Terminal	1.00	37.9821	58.3707
ASE	Aspen-Pitkin County Airport (Sardy Field)	way/40233697	(unnamed)	0.56	39.2196	-106.8644
ASF	Astrakhan Narimanovo Boris M. Kustodiev International Airport	relation/4635977	Астрахань	0.96	46.2872	47.9998
ASI	RAF Ascension Island	way/25615291	(unnamed)	1.41	-7.9678	-14.4053
ASJ	Amami Airport	way/1347473569	(unnamed)	0.48	28.4315	129.7082
ASM	Asmara International Airport	way/281677725	(unnamed)	0.52	15.2936	38.9062
ASO	Asosa Airport	way/188322071	(unnamed)	1.55	10.0267	34.5748
ASP	Alice Springs Airport	way/186248239	Alice Springs Airport	0.52	-23.8019	133.9031
ASR	Kayseri Erkilet International Airport	way/1339858755	(unnamed)	0.91	38.7657	35.4868
ASU	Silvio Pettirossi International Airport	way/130018386	Aeropuerto Internacional Silvio Pettirossi	0.52	-25.2417	-57.5143
ASV	Amboseli Airport	way/362733394	(unnamed)	0.53	-2.6462	37.2484
ASW	Aswan International Airport	way/5199168	(unnamed)	0.88	23.968	32.8245
ATH	Athens Eleftherios Venizelos International Airport	way/327797564	Κύριος Αεροσταθμός	0.27	37.9361	23.9475
ATL	Hartsfield Jackson Atlanta International Airport	way/24445166	Concourse D	0.44	33.6405	-84.4293
ATM	Altamira Interstate Airport	way/308922299	Aeroporto de Altamira	0.54	-3.2536	-52.2491
ATQ	Sri Guru Ram Das Ji International Airport	way/297249078	Sri Guru Ram Dass Jee Airport Terminal	0.99	31.7055	74.8066
ATW	Appleton International Airport	way/1225339245	(unnamed)	0.46	44.2602	-88.5137
ATY	Watertown Regional Airport	way/1229539306	(unnamed)	0.95	44.9223	-97.1573
ATZ	Asyut International Airport	way/247046068	مطار أسيوط الدولى	0.64	27.0508	31.0163
AUA	Queen Beatrix International Airport	way/79342593	JET-TNCA, FBO	0.45	12.4982	-70.0113
AUC	Santiago Perez Airport	way/166619879	(unnamed)	0.29	7.0666	-70.7357
AUG	Augusta State Airport	way/90091850	Augusta State Airport	0.44	44.3176	-69.7937
AUH	Zayed International Airport	relation/20328079	مطار أبوظبي الدولي (مطار زايد الدولي) – مبنى المسافرين A	1.26	24.4507	54.6429
AUR	Aurillac airport	way/1016392079	Aérogare d'Aurillac	0.72	44.8978	2.4207
AUS	Austin Bergstrom International Airport	relation/2778149	Barbara Jordan Terminal	0.70	30.2021	-97.6671
AUX	Araguaína Airport	way/950272848	(unnamed)	0.52	-7.232	-48.2428
AVA	Anshun Huangguoshu Airport	way/974236547	(unnamed)	0.34	26.2575	105.8733
AVL	Asheville Regional Airport	relation/6704511	Commercial Terminal	0.37	35.4349	-82.5378
AVN	Avignon Caumont airport	way/525552587	(unnamed)	0.35	43.9055	4.8983
AVP	Wilkes-Barre/Scranton International Airport	way/115434146	(AVP) Wilkes-Barre Scranton International Airport	0.38	41.3375	-75.7288
AVV	Melbourne Avalon International Airport	way/48570142	Domestic Terminal	1.60	-38.0267	144.4734
AWA	Hawassa International Airport	way/704570854	(unnamed)	0.79	7.0947	38.4005
AWK	Wake Island Airfield	way/293763868	(unnamed)	1.55	19.2838	166.6513
AWZ	Qasem Soleimani International Airport	way/409236709	(unnamed)	1.79	31.3433	48.7468
AXD	Alexandroupoli Democritus Airport	way/228240687	(unnamed)	0.95	40.8565	25.945
AXF	Alxa Left Banner Bayanhot Airport	way/369488397	(unnamed)	0.46	38.7486	105.5895
AXJ	Amakusa Airport	way/453472729	(unnamed)	0.34	32.4828	130.1554
AXR	Arutua Airport	way/740573618	(unnamed)	0.44	-15.2476	-146.621
AXT	Akita Airport	way/177630507	秋田空港ビル	0.42	39.6119	140.2199
AXU	Axum Airport	way/262791598	Axum Emperor Yohannes IV Airport / የአክሱም ዮሃነስ አራት የአየር ማረፊያ	0.51	14.1445	38.7769
AYJ	Maharshi Valmiki International Airport	way/1241981528	(unnamed)	1.29	26.748	82.1507
AYQ	Ayers Rock Connellan Airport	way/210878537	Ayers Rock Airport	0.53	-25.1907	130.9767
AZA	Mesa Gateway Airport	way/1392436615	New AZA Terminal	0.86	33.3025	-111.6618
AZD	Shahid Sadooghi Airport	way/942043386	(unnamed)	0.95	31.9015	54.2857
AZN	Andijan International Airport	way/180729290	(unnamed)	2.06	40.7392	72.3131
AZO	Kalamazoo/Battle Creek International Airport	way/258199372	(unnamed)	1.00	42.2401	-85.5553
AZR	Touat-Cheikh Sidi Mohamed Belkebir Airport	way/356977233	Terminal	0.57	27.842	-0.1893
AZS	Samaná El Catey International Airport	way/124077341	(unnamed)	0.74	19.2677	-69.7306
BAH	Bahrain International Airport	way/892458117	(unnamed)	0.64	26.2672	50.6312
BAL	Batman Airport	way/221346581	Batman Havaalanı Terminali	1.94	37.9461	41.1208
BAQ	Ernesto Cortissoz International Airport	way/200859709	Aeropuerto Internacional Ernesto Cortissoz	0.53	10.8869	-74.7768
BAR	Qionghai Bo'ao Airport	relation/13122752	(unnamed)	0.56	19.1414	110.4581
BAV	Baotou Donghe International Airport	way/103628252	(unnamed)	0.50	40.5645	109.9972
BAX	Barnaul Gherman Titov International Airport	way/1346105764	Зал прилёта	0.44	53.3613	83.5464
BAY	Maramureș International Airport	way/424904498	(unnamed)	0.33	47.661	23.4666
BAZ	Barcelos Airport	way/149309736	(unnamed)	0.47	-0.9797	-62.9226
BBA	Balmaceda Airport	way/86354240	Aeropuerto Balmaceda	0.48	-45.9125	-71.6931
BBG	Butaritari Airport	way/262886962	Domestic Terminal	0.64	3.0852	172.8053
BBI	Biju Patnaik International Airport	way/746487546	Terminal T2	0.29	20.2528	85.8168
BBK	Kasane International Airport	way/311556316	Kasane Airport	0.44	-17.8297	25.1626
BBM	Battambang Airport	way/468367791	(unnamed)	0.41	13.0921	103.2228
BBO	Berbera Airport	way/196221832	(unnamed)	2.02	10.3944	44.9526
BBQ	Burton-Nibbs International Airport	way/134997466	(unnamed)	3.44	17.6368	-61.8264
BBU	Bucharest Băneasa Aurel Vlaicu International Airport	way/28246549	Aeroportul Internațional Aurel Vlaicu	1.85	44.4962	26.0817
BCA	Gustavo Rizo Airport	way/237587151	Gustavo Rizo	0.83	20.358	-74.5046
BCD	Bacolod-Silay International Airport	way/308206795	Bacolod-Silay Airport Terminal	0.45	10.7767	123.0148
BCH	Baucau Airport	way/477203049	(unnamed)	0.91	-8.4784	126.3985
BCI	Barcaldine Airport	way/277175716	(unnamed)	0.57	-23.5613	145.3008
BCM	Bacău George Enescu International  Airport	way/173258694	Terminal Pasageri	1.02	46.5311	26.911
BCN	Josep Tarradellas Barcelona-El Prat Airport	way/195174463	El Prat Barcelona – T2B	0.64	41.3028	2.0774
BCO	Jinka Airport	way/1257267518	(unnamed)	0.64	5.7511	36.5658
BCU	Sir Abubakar Tafawa Balewa Bauchi State International Airport	way/769534816	(unnamed)	0.67	10.4883	9.7466
BDA	L.F. Wade International Airport	way/73553568	L.F. Wade International Airport	2.31	32.3596	-64.7023
BDB	Bundaberg Airport	way/71653179	Bundaberg Regional Airport	0.72	-24.8987	152.3214
BDD	Badu Island Airport	way/400163870	(unnamed)	0.34	-10.1522	142.1753
BDH	Bandar Lengeh International Airport	way/992395225	(unnamed)	0.51	26.5297	54.8291
BDJ	Syamsudin Noor International Airport	relation/18045350	Terminal Bandar Udara Syamsudin Noor	0.34	-3.4371	114.7606
BDL	Bradley International Airport	way/152295811	International Arrivals Terminal	0.62	41.9331	-72.6898
BDO	Husein Sastranegara International Airport	way/1199514086	(unnamed)	0.56	-6.9039	107.5798
BDQ	Vadodara International Airport	way/911745246	New International Terminal	1.08	22.3319	73.2169
BDS	Brindisi Airport	way/422355604	BDS	0.66	40.658	17.9392
BDT	Gbadolite Airport	way/177308693	(unnamed)	0.62	4.2548	20.9701
BDU	Bardufoss Airport	way/395974163	Bardufoss Flyplass Terminal	0.42	69.0595	18.5383
BEB	Benbecula Airport	way/274656612	Benbecula Airport Terminal	0.96	57.4739	-7.3717
BED	Laurence G Hanscom Field	way/39595855	Civil Air Terminal	0.78	42.4632	-71.2912
BEF	Bluefields Airport	way/1331092344	(unnamed)	0.93	11.9964	-83.7676
BEG	Belgrade Nikola Tesla Airport	node/11162026430	Terminal 1	1.41	44.8192	20.2913
BEJ	Kalimarau Airport	way/543723992	(unnamed)	0.36	2.1482	117.4339
BEK	Bareilly Air Force Station	way/1265206434	Bareilly Airport	1.50	28.4248	79.4658
BEL	Val de Cans/Júlio Cezar Ribeiro International Airport	way/40751346	Aeroporto Internacional de Belém Val de Cans	1.22	-1.3897	-48.4796
BEM	Beni Mellal Airport	node/3647702540	New terminal	1.24	32.3968	-6.3277
BEN	Benina International Airport	way/102730398	(unnamed)	1.18	32.087	20.2648
BER	Berlin Brandenburg Airport	way/1132137322	BER Terminal 1	0.42	52.3638	13.5076
BES	Brest Bretagne airport	node/38457345	(unnamed)	0.48	48.4464	-4.4124
BET	Bethel Airport	way/718215797	Alaska Airlines -Bethel Alaska	0.40	60.7833	-161.8399
BEU	Bedourie Airport	node/8942835014	Bedourie Aerodrome	0.83	-24.3528	139.4636
BEW	Beira International Airport	way/202754893	Aeroporto Internacio nal da Beira	0.60	-19.7986	34.9024
BEY	Beirut Rafic Hariri International Airport	way/5037594	(unnamed)	0.76	33.8246	35.4933
BFD	Bradford Regional Airport	way/123635442	Bradford Regional Airport Terminal	0.41	41.7994	-78.6396
BFF	Western Neb. Rgnl/William B. Heilig Airport	way/398956238	(unnamed)	0.52	41.8698	-103.5932
BFI	King County International Airport - Boeing Field	way/1089939598	Modern Aviation Executive Terminal	0.30	47.5277	-122.2961
BFJ	Bijie Feixiong Airport	way/375326771	(unnamed)	0.77	27.265	105.4795
BFL	Meadows Field	way/423843579	Bakersfield Air Terminal - Meadows Field	0.50	35.4377	-119.0546
BFN	Bram Fischer International Airport	way/180928409	(unnamed)	0.54	-29.0956	26.2979
BFQ	Bahia Piña Airport	way/520703998	(unnamed)	0.35	7.5845	-78.1813
BFS	Belfast International Airport	relation/15881731	Belfast International Airport	0.41	54.661	-6.2176
BFV	Buri Ram Airport	way/516875629	Old Terminal	0.57	15.2281	103.2479
BFY	Bengbu Tenghu Airport	way/1347968432	航站楼	0.54	33.1615	117.0591
BGA	Palonegro Airport	way/96053152	Aeropuerto Internacional Palonegro	0.42	7.1279	-73.1813
BGF	Bangui M'Poko International Airport	way/90893331	(unnamed)	0.59	4.3988	18.5241
BGG	Bingöl Airport	way/476251017	Bingöl Havalimanı Terminali	0.36	38.8588	40.5907
BGI	Grantley Adams International Airport	way/25639014	(unnamed)	0.68	13.0799	-59.4877
BGO	Bergen Airport, Flesland	relation/9561295	Helikopterterminal	0.43	60.2921	5.2254
BGR	Bangor International Airport	way/92615029	Bangor International Airport	0.79	44.8083	-68.817
BGW	Baghdad International Airport / New Al Muthana Air Base	way/28647537	مطار بغداد الدولي	0.73	33.2678	44.23
BGY	Il Caravaggio International Airport	way/165260976	Aeroporto Internazionale Caravaggio di Orio al Serio	0.88	45.6659	9.6987
BHB	Hancock County-Bar Harbor Airport	way/90959937	(unnamed)	0.42	44.4462	-68.3614
BHD	George Best Belfast City Airport	way/383586996	(unnamed)	0.31	54.6156	-5.8703
BHE	Woodbourne Airport	way/28718262	Marlborough Airport Terminal	0.50	-41.5141	173.8679
BHH	Bisha Airport	way/223571910	Bisha Airport Terminal	1.12	19.9942	42.6186
BHI	Comandante Espora Airport	way/71801653	(unnamed)	1.07	-38.7164	-62.1638
BHJ	Bhuj Airport	way/233887368	(unnamed)	1.51	23.2756	69.6638
BHK	Bukhara International Airport	way/107936401	(unnamed)	1.10	39.7669	64.4756
BHO	Raja Bhoj International Airport	way/238380895	(unnamed)	0.42	23.291	77.3358
BHQ	Broken Hill Airport	way/177017741	Broken Hill Airport Terminal	0.34	-31.9988	141.4702
BHS	Bathurst Airport	way/432157845	Bathurst Regional Airport	0.84	-33.4137	149.655
BHU	Bhavnagar Airport	way/440751742	(unnamed)	0.25	21.7538	72.1835
BHV	Bahawalpur Airport	relation/20954601	(unnamed)	0.74	29.3508	71.711
BHX	Birmingham Airport	way/17954280	(unnamed)	0.91	52.4524	-1.7348
BHY	Beihai Fucheng Airport	way/368515027	(unnamed)	0.66	21.543	109.2893
BIA	Bastia-Poretta International airport	way/321447241	(unnamed)	0.52	42.5486	9.4807
BIH	Eastern Sierra Regional Airport	way/603933667	(unnamed)	0.28	37.3712	-118.3661
BIK	Frans Kaisiepo Airport	way/158325087	Bandar Udara Frans Kaisiepo	0.27	-1.1919	136.1064
BIL	Billings Logan International Airport	way/70011300	(unnamed)	0.63	45.804	-108.5372
BIM	South Bimini Airport	way/296710077	(unnamed)	0.80	25.7015	-79.2725
BIO	Bilbao Airport	way/574037292	Bilboko aireportuko bidaiarien terminala	0.53	43.3048	-2.9064
BIQ	Biarritz Pays Basque airport	way/157257713	Aéroport de Biarritz Pays Basque	0.77	43.4719	-1.5314
BIR	Biratnagar Airport	way/953328946	(unnamed)	0.34	26.4841	87.2658
BIS	Bismarck Municipal Airport	way/34956082	(unnamed)	0.85	46.7751	-100.7575
BJA	Soummam–Abane Ramdane Airport	way/337993698	Aeroport internationale Soummam - Abane Ramdane	0.33	36.7153	5.0713
BJB	Bojnord Airport	way/48362436	(unnamed)	0.34	37.49	57.3087
BJC	Rocky Mountain Metropolitan Airport	way/367184321	Rocky Mountain Metropolitan Airport Terminal Building	0.45	39.9097	-105.1119
BJF	Båtsfjord Airport	way/1530824246	(unnamed)	0.27	70.6027	29.6935
BJL	Banjul International Airport	way/1098783998	Old terminal	0.60	13.3433	-16.6511
BJM	Bujumbura Melchior Ndadaye International Airport	way/86783132	(unnamed)	0.38	-3.3215	29.3208
BJR	Bahir Dar Airport	way/1092123973	(unnamed)	0.55	11.6034	37.3231
BJV	Milas Bodrum International Airport	way/4986704	İç Hatlar Terminali	0.98	37.2444	27.6732
BJX	Guanajuato International Airport	way/188549992	Aeropuerto Internacional del Bajío (BJX)	0.76	20.986	-101.4787
BJZ	Badajoz Airport	way/190819232	Terminal de pasajeros	0.36	38.8939	-6.8189
BKG	Branson Airport	way/256411528	(unnamed)	0.74	36.5386	-93.1991
BKI	Kota Kinabalu International Airport	way/117168851	Kota Kinabalu International Airport (KKIA) Terminal 1 (BKI)	0.94	5.9244	116.0507
BKN	Balkanabat International Airport	way/405179859	Jebel Howa Terminaly	1.35	39.6689	54.205
BKO	Modibo Keita International Airport	way/149866912	(unnamed)	0.84	12.5407	-7.9475
BKQ	Blackall Airport	way/1299889043	(unnamed)	0.57	-24.4283	145.434
BKS	Fatmawati Soekarno Airport	way/302989471	(unnamed)	0.39	-3.8602	102.3388
BKW	Raleigh County Memorial Airport	way/288129922	Raleigh County Airport Terminal	0.43	37.7842	-81.1213
BLA	General José Antonio Anzoategui International Airport	way/118845970	Terminal De Aviación Comercial	1.34	10.1039	-64.6824
BLB	Panamá Pacífico International Airport	way/573290163	Aeropuerto Internacional Panama Pacifico	0.74	8.9196	-79.595
BLD	Boulder City Municipal Airport	way/591110495	Terminal Building	0.33	35.9487	-114.8557
BLE	Dala Airport	node/1732092970	Terminal 1	0.94	60.4296	15.5078
BLI	Bellingham International Airport	way/31059381	(unnamed)	0.47	48.7955	-122.5331
BLJ	Batna Mostefa Ben Boulaid Airport	way/221178589	(unnamed)	0.60	35.7575	6.3082
BLL	Billund Airport	way/96215030	Billund Lufthavn	0.87	55.746	9.1474
BLQ	Bologna Guglielmo Marconi Airport	way/302247989	(unnamed)	0.66	44.5305	11.2934
BLR	Kempegowda International Airport Bengaluru	way/616362496	KIAL VIP Terminal	0.34	13.2009	77.7069
BLV	Scott AFB/Midamerica Airport	way/180019030	MidAmerica St. Louis Airport Terminal	1.70	38.5477	-89.8159
BLZ	Chileka International Airport	way/279225844	Bakili Muluzi Airport Terminal	0.47	-15.6813	34.9714
BME	Broome International Airport	way/1186695391	(unnamed)	0.51	-17.9476	122.2328
BMI	Central Illinois Regional Airport at Bloomington-Normal	way/366516626	Central Illinois Regional Airport	0.66	40.4829	-88.9141
BMK	Borkum Airport	way/115667065	Flugplatz Borkum	0.52	53.5982	6.7019
BMO	Banmaw Airport	way/976665006	(unnamed)	0.29	24.2678	97.2474
BMU	Sultan Muhammad Salahuddin Airport	way/293068217	(unnamed)	0.94	-8.5418	118.6922
BMV	Buon Ma Thuot Airport	way/242683860	Cảng Hàng Không Buôn Ma Thuột	0.47	12.6648	108.1176
BMW	Bordj Badji Mokhtar Airport	way/929737029	(unnamed)	0.76	21.3716	0.924
BNA	Nashville International Airport	way/1228723629	(unnamed)	0.61	36.1262	-86.6718
BNB	Boende Airport	way/300146617	(unnamed)	0.34	-0.2863	20.8805
BND	Bandar Abbas International Airport	relation/13353847	(unnamed)	1.23	27.2105	56.369
BNE	Brisbane International Airport	relation/17485858	Brisbane Domestic Terminal	0.37	-27.3855	153.1204
BNI	Benin Airport	way/42967110	(unnamed)	0.48	6.3172	5.6038
BNK	Ballina Byron Gateway Airport	way/155762592	Ballina Byron Gateway Airport Terminal	0.68	-28.8375	153.5564
BNN	Brønnøysund Airport, Brønnøy	way/167837557	(unnamed)	0.34	65.4604	12.2104
BNS	Barinas Airport	way/371787530	Terminal Aérea	1.09	8.6219	-70.2212
BNX	Banja Luka International Airport	way/87531501	(unnamed)	1.00	44.9336	17.3037
BOB	Bora Bora Airport	way/1190002060	Terminal Building	0.42	-16.4464	-151.7544
BOC	Bocas del Toro "Isla Colón" International Airport	relation/21300531	Aeropuerto Internacional Bocas del Toro	0.69	9.3405	-82.2445
BOD	Bordeaux–Mérignac Airport	relation/8168104	Hall A	0.95	44.8309	-0.7038
BOG	El Dorado International Airport	way/67200836	Terminal T1	0.68	4.6988	-74.1414
BOH	Bournemouth Airport	way/207628975	Arrivals	0.51	50.7786	-1.8329
BOI	Boise Air Terminal/Gowen Field	way/232371332	Concourse C	0.39	43.5679	-116.2227
BOJ	Burgas Airport	way/264634715	Терминал1 - Заминаващи	0.42	42.5669	27.5182
BOM	Chhatrapati Shivaji Maharaj International Airport	way/315613914	Terminal 2	1.12	19.097	72.8739
BON	Flamingo International Airport	way/315658171	(unnamed)	0.92	12.1332	-68.2767
BOO	Bodø Airport	way/210798048	Bodø lufthavn - Bådådjo girddesalljo	0.35	67.2723	14.3672
BOR	Bokeo International Airport	relation/15578863	(unnamed)	0.93	20.3193	100.158
BOS	Boston Logan International Airport	way/29518154	Terminal C	0.86	42.3668	-71.0161
BOT	Bosset Airport	way/1134262322	(unnamed)	0.31	-7.2396	141.1078
BOY	Bobo Dioulasso Airport	way/286103284	Aeroport de Bobo Dioulasso	1.23	11.1638	-4.3203
BPE	Qinhuangdao Beidaihe Airport	way/822531300	(unnamed)	0.55	39.6619	119.0586
BPL	Bole Alashankou Airport	way/183939280	(unnamed)	0.43	44.8993	82.3
BPN	Sultan Aji Muhammad Sulaiman Sepinggan International Airport	way/782637837	Terminal Bandar Udara Sultan Aji Muhammad Sulaiman	0.81	-1.2622	116.8984
BPS	Porto Seguro International Airport	way/403401424	Aeroporto de Porto Seguro	0.29	-16.441	-39.0808
BPT	Jack Brooks Regional Airport	way/52011336	(unnamed)	0.49	29.9548	-94.0186
BQG	Bogorodskoye Airport	way/211202489	Аэропорт Богородское	0.53	52.3768	140.4458
BQJ	Batagay Airport	way/676662573	(unnamed)	0.36	67.6491	134.6871
BQK	Brunswick Golden Isles Airport	way/424778758	(unnamed)	0.43	31.255	-81.467
BQL	Boulia Airport	way/965281595	Boulia Airport	0.34	-22.9126	139.9032
BQN	Rafael Hernández International Airport	way/191661761	Rafael Hernández International Airport (BQN)	0.67	18.4956	-67.1357
BQS	Ignatyevo Airport	relation/19452055	(unnamed)	0.69	50.4233	127.4073
BQT	Brest International Airport	way/105326258	Аэравакзал Брэст	0.45	52.1116	23.9003
BRA	Dom Ricardo Weberberger Airport	way/954503260	(unnamed)	0.98	-12.0792	-45
BRC	Teniente Luis Candelaria International Airport	way/115883791	(unnamed)	0.66	-41.146	-71.1614
BRE	Bremen Airport	way/23189848	Terminal 1	0.65	53.0522	8.7856
BRI	Bari Karol Wojtyła International Airport	way/24995995	Aeroporto Karol Wojtyła Bari Palese	0.57	41.1346	16.7642
BRK	Bourke Airport	way/350231803	Bourke Airport Terminal	0.37	-30.0419	145.9498
BRL	Southeast Iowa Regional Airport	way/229856578	(unnamed)	0.50	40.7816	-91.12
BRM	Jacinto Lara International Airport	way/287315738	Terminal Aérea Aeropuerto Internacional Jacinto Lara	0.39	10.0461	-69.3596
BRO	Brownsville South Padre Island International Airport	way/1005752435	(unnamed)	0.75	25.9061	-97.4326
BRQ	Brno-Tuřany Airport	way/161291874	Terminál 1	0.37	49.1545	16.6926
BRR	Barra Airport	way/60003698	Barra Airport	0.48	57.0254	-7.4494
BRS	Bristol Airport	way/749208190	(unnamed)	0.45	51.3857	-2.713
BRW	Wiley Post Will Rogers Memorial Airport	node/11133243358	Ravn Alaska Passenger Terminal	0.34	71.2876	-156.7725
BRX	Maria Montez International Airport	way/398748220	(unnamed)	0.42	18.249	-71.1234
BSA	Bender Qassim International Airport	way/196221674	(unnamed)	1.27	11.279	49.1502
BSD	Baoshan Yunrui Airport	way/564039899	(unnamed)	0.39	25.0544	99.1646
BSG	Bata International Airport	way/1163702017	Airport Terminal Building	0.36	1.9076	9.8033
BSK	Biskra - Mohamed Khider Airport	way/363197738	(unnamed)	0.53	34.7915	5.7335
BSL	EuroAirport Basel–Mulhouse–Freiburg	way/481916833	Euroairport Basel-Mulhouse	0.69	47.5989	7.53
BSO	Basco Airport	way/560898061	(unnamed)	0.51	20.4494	121.9755
BSR	Basra International Airport	way/234732410	صالة البصرة الدولى	0.70	30.5525	47.6682
BSZ	Manas International Airport	way/167454779	Международный аэропорт «Манас», главный терминал	1.03	43.0542	74.4695
BTC	Batticaloa International Airport	way/588788611	(unnamed)	0.49	7.7055	81.6816
BTH	Hang Nadim International Airport	way/60754281	Hang Nadim Airport	0.45	1.1232	104.1156
BTJ	Sultan Iskandar Muda International Airport	way/301914801	Terminal VIP	0.69	5.5195	95.4172
BTK	Bratsk Airport	way/116095506	Братск	0.49	56.3652	101.7028
BTM	Bert Mooney Airport	way/886817917	Bert Mooney Airport	0.48	45.9553	-112.5032
BTR	Baton Rouge Metropolitan Airport	way/423656522	Baton Rouge Metropolitan Airport Terminal	0.62	30.5328	-91.1561
BTS	M. R. Štefánik Airport	way/51741302	Terminál B	0.88	48.1702	17.2009
BTU	Bintulu Airport	way/189266271	Bintulu Airport Terminal	0.42	3.1237	113.0238
BTV	Patrick Leahy Burlington International Airport	way/28011801	Burlington International Airport	0.32	44.4692	-73.1548
BTW	Bersujud Airport	way/799259690	(unnamed)	0.59	-3.4113	116.0002
BUA	Buka Airport	way/463418594	(unnamed)	0.35	-5.4211	154.6756
BUC	Burketown Airport	way/195884797	Burketown Aerodrome	0.64	-17.7453	139.539
BUD	Budapest Liszt Ferenc International Airport	way/103133681	2B Terminal	0.27	47.432	19.26
BUF	Buffalo Niagara International Airport	way/711133445	Buffalo-Niagara International Airport - Main Terminal	0.64	42.9347	-78.732
BUN	Gerardo Tobar López Airport	relation/9859120	(unnamed)	0.41	3.8208	-76.9933
BUR	Hollywood Burbank/Bob Hope Airport	way/432323240	Atlantic Aviation BUR	0.63	34.2006	-118.3644
BUS	Alexander Kartveli Batumi International Airport	way/96054389	(unnamed)	0.92	41.6068	41.6108
BUU	Muara Bungo Airport	way/1066596131	(unnamed)	0.43	-1.5428	102.1779
BUX	Bunia Airport	way/1552218980	Bunia Airport	0.32	1.5684	30.2196
BUZ	Bushehr Airport	node/6239868488	(unnamed)	0.59	28.9501	50.8349
BVA	Beauvais-Tillé airport	way/749411145	IGN Beauvais	0.40	49.4537	2.1074
BVB	Atlas Brasil Cantanhede International Airport	way/1452005435	(unnamed)	0.52	2.8417	-60.6922
BVC	Aristides Pereira International Airport	way/23165087	(unnamed)	0.36	16.1353	-22.892
BVE	Brive Souillac airport	way/738685933	(unnamed)	0.40	45.0414	1.49
BVH	Brigadeiro Camarão Airport	way/956525876	(unnamed)	0.57	-12.6898	-60.1006
BVI	Birdsville Airport	way/631683571	(unnamed)	0.31	-25.8972	139.3511
BVJ	Bovanenkovo Airport	way/678200905	(unnamed)	0.45	70.3191	68.3379
BVS	Breves Airport	way/425176507	(unnamed)	0.51	-1.641	-50.4448
BWA	Gautam Buddha International Airport	way/882120418	(unnamed)	0.70	27.508	83.4164
BWI	Baltimore/Washington International Thurgood Marshall Airport	way/91508120	Concourse B	0.27	39.1774	-76.67
BWK	Brač Airport	way/97452494	(unnamed)	0.48	43.2887	16.6791
BWN	Brunei International Airport	relation/9391566	(unnamed)	0.65	4.9456	114.9337
BWT	Wynyard Airport	way/87603499	Burnie Airport	0.39	-40.9935	145.7257
BWX	Banyuwangi Airport	way/630069188	(unnamed)	0.32	-8.3129	114.341
BXG	Bendigo Airport	way/175191952	Bendigo Airport Terminal	0.33	-36.7389	144.3263
BXH	Balkhash Airport	way/189845472	(unnamed)	1.17	46.8838	75.0025
BXR	Bam Airport	way/229602299	(unnamed)	0.40	29.0811	58.448
BXT	LNG Badak Airport	way/420335382	(unnamed)	0.50	0.1192	117.4728
BXU	Bancasi Airport	way/167940751	Butuan Airport Terminal	0.45	8.9483	125.4813
BXY	Baikonur Krayniy International Airport	way/173450632	(unnamed)	0.51	45.6181	63.2143
BYK	Bouaké Airport	way/199924448	Aérogare	0.61	7.736	-5.0689
BYM	Carlos Manuel de Cespedes Airport	way/236357929	Carlos Manuel de Céspedes	0.30	20.3938	-76.6221
BYN	Bayankhongor Airport	way/309932283	нисэх буудал	1.29	46.1747	100.7071
BYO	Bonito Airport	way/229352409	(unnamed)	0.48	-21.2435	-56.4502
BZE	Philip S. W. Goldson International Airport	relation/17268586	Philip S. W. Goldson International Airport	0.61	17.5363	-88.3078
BZG	Ignacy Jan Paderewski Bydgoszcz Airport	way/82511578	(unnamed)	1.32	53.0939	17.9969
BZI	Balıkesir Airport	way/640219637	Askeri Terminal	1.50	39.632	27.932
BZL	Barisal Airport	way/909993078	(unnamed)	0.33	22.7987	90.2991
BZN	Bozeman Yellowstone International Airport	way/919021788	Bozeman Yellowstone Intl. Airport (BZN)	0.57	45.7784	-111.161
BZO	Bolzano Airport	way/161639450	(unnamed)	0.47	46.4625	11.33
BZR	Béziers Vias airport	way/1029273071	(unnamed)	0.31	43.3207	3.354
BZV	Maya-Maya International Airport	way/1094488819	Aéroport International Maya-Maya	0.78	-4.2585	15.2514
BZX	Bazhong Enyang Airport	relation/18921637	(unnamed)	0.43	31.7423	106.6454
CAB	Cabinda Airport	way/234769456	Aeroporto de Cabinda	1.31	-5.5867	12.1897
CAE	Columbia Metropolitan Airport	way/420441687	Columbia Metropolitan Airport	0.88	33.9459	-81.1252
CAF	Carauari Airport	way/885086371	(unnamed)	0.45	-4.8753	-66.8989
CAG	Cagliari Elmas Airport	way/38811543	Aeroporto di Cagliari-Elmas	0.58	39.2539	9.0602
CAH	Cà Mau Airport	way/463419909	(unnamed)	0.29	9.176	105.1757
CAJ	Canaima Airport	way/764153846	Terminal Aérea Aeropuerto Parque Nacional Canaima	1.02	6.2412	-62.8551
CAK	Akron Canton Regional Airport	way/239595462	(unnamed)	0.51	40.9146	-81.4365
CAL	Campbeltown Airport	way/255826307	Campbeltown Airport Terminal	1.52	55.4371	-5.6623
CAN	Guangzhou Baiyun International Airport	way/220206411	白云国际机场T1航站楼	0.41	23.3889	113.2977
CAP	Cap Haitien International Airport	way/217562528	(unnamed)	1.45	19.7371	-72.1942
CAU	Caruaru Airport	way/958775040	(unnamed)	0.40	-8.2848	-36.0108
CAW	Bartolomeu Lisandro Airport	way/304389587	Terminal de Heliporto	0.49	-21.6995	-41.3063
CAY	Cayenne – Félix Eboué Airport	way/34822438	(unnamed)	0.39	4.8223	-52.364
CAZ	Cobar Airport	way/231890626	(unnamed)	0.34	-31.5376	145.7975
CBB	Jorge Wilsterman International Airport	way/28568056	Terminal Aeropuerto Internacional Jorge Wilstermann	0.77	-17.4144	-66.179
CBH	Béchar Boudghene Ben Ali Lotfi Airport	way/359881010	(unnamed)	1.74	31.6515	-2.2528
CBO	Cotabato (Awang) Airport	way/118716432	(unnamed)	0.68	7.1617	124.2153
CBQ	Margaret Ekpo International Airport	way/669841602	(unnamed)	0.72	4.9695	8.3472
CBR	Canberra Airport	way/66860402	Canberra Airport Terminal Building	0.49	-35.3078	149.1897
CBT	Catumbela Airport	way/575535324	Aeroporto Militar da Catumbela	0.56	-12.4799	13.492
CCA	Chimore Airport	way/622540941	Terminal Chimoré	1.01	-16.9695	-65.1511
CCC	Jardines Del Rey Airport	way/29194558	(unnamed)	0.57	22.466	-78.3294
CCE	Capital International Airport	relation/7763681	(unnamed)	1.12	30.0744	31.8429
CCF	Carcassonne Salvaza Airport	way/68363818	Aérogare de Carcassonne	0.28	43.214	2.3084
CCJ	Calicut International Airport	way/254158852	Karipur Airport Terminal	0.53	11.1394	75.9518
CCK	Cocos (Keeling) Islands Airport	way/184114973	Airport Terminal	0.71	-12.188	96.8292
CCP	Carriel Sur International Airport	way/115464313	Terminal Aeropuerto Carriel Sur	0.58	-36.7769	-73.0596
CCR	Buchanan Field	way/223288048	(unnamed)	0.34	37.9886	-122.0606
CCS	Maiquetía Simón Bolívar International Airport	way/248411074	Terminal Rampa 4	0.57	10.5971	-66.9911
CCU	Netaji Subhash Chandra Bose International Airport	relation/5537419	International Terminal	0.96	22.6487	88.4403
CDB	Cold Bay Airport	way/549561966	ASI	0.60	55.2034	-162.7198
CDC	Cedar City Regional Airport	way/699105392	Cedar City Regional Airport Terminal	0.60	37.6956	-113.099
CDE	Chengde Puning Airport	way/564177410	(unnamed)	0.38	41.1259	118.0736
CDG	Charles de Gaulle International Airport	relation/8051748	Terminal 3 (départs)	0.52	49.0126	2.5587
CDP	Kadapa Airport	way/824636557	(unnamed)	0.60	14.5184	78.768
CDR	Chadron Municipal Airport	way/398959129	(unnamed)	0.98	42.8289	-103.0968
CDT	Castellón-Costa Azahar Airport	way/87716350	Aeroport de Castelló-Costa Azahar	1.09	40.2054	0.0669
CDV	Merle K (Mudhole) Smith Airport	way/304715623	2709 Airport Road	0.43	60.4944	-145.4721
CEB	Mactan Cebu International Airport	way/565082418	Mactan–Cebu International Airport Terminal 2	0.54	10.3132	123.9768
CEC	Jack Mc Namara Field Airport	way/963065565	(unnamed)	0.36	41.7757	-124.2371
CEE	Cherepovets Airport	way/382854035	(unnamed)	0.90	59.2813	38.0207
CEI	Mae Fah Luang - Chiang Rai International Airport	way/87458645	อาคารผู้โดยสาร	0.45	19.9543	99.8792
CEK	Kurchatov Chelyabinsk International Airport	way/690498545	Терминал внутренних авиалиний	0.63	55.2981	61.5094
CEL	Canela Airport	way/370806838	(unnamed)	0.40	-29.3687	-50.8279
CEN	Ciudad Obregón International Airport	way/188996364	(unnamed)	0.61	27.3981	-109.8334
CFB	Cabo Frio Airport	way/1418174521	(unnamed)	0.88	-22.9257	-42.0791
CFE	Clermont-Ferrand Auvergne airport	way/345333227	Terminal CFE 2	0.78	45.7896	3.16
CFG	Jaime Gonzalez Airport	way/201595872	(unnamed)	1.04	22.1584	-80.4097
CFK	Chlef Aboubakr Belkaid International Airport	way/229896953	(unnamed)	1.49	36.2174	1.3245
CFN	Donegal Airport	way/177218511	Terminal Building	0.67	55.0382	-8.3425
CFR	Caen Carpiquet airport	way/966248044	(unnamed)	0.64	49.1823	-0.4576
CFS	Coffs Harbour Airport	way/105886122	Coffs Harbour Airport	0.27	-30.323	153.1157
CFU	Corfu Ioannis Kapodistrias International Airport	way/41189480	Σταθμός Γ	0.55	39.606	19.9148
CGB	Várzea Grande–Marechal Rondon International Airport	way/1293481489	(unnamed)	0.35	-15.6519	-56.1198
CGD	Changde Taohuayuan Airport	way/88314535	(unnamed)	0.67	28.9247	111.6381
CGH	Congonhas–Deputado Freitas Nobre Airport	way/96494374	Aeroporto de Congonhas - Terminal de Passageiros	0.59	-23.6253	-46.6598
CGI	Cape Girardeau Regional Airport	way/316539517	(unnamed)	0.56	37.2269	-89.5648
CGK	Soekarno-Hatta International Airport	node/4149561896	Bandara Soekarno-Hatta Airport Terminal 2	0.33	-6.1242	106.6534
CGM	Camiguin Airport	way/315933289	Departures	0.55	9.251	124.705
CGN	Cologne Bonn Airport	way/218043446	Terminal 1 Fluggastbereich B	1.88	50.8772	7.1228
CGP	Shah Amanat International Airport	way/48244097	Chittagong International Airport Terminal	0.46	22.2457	91.8147
CGQ	Changchun Longjia International Airport	way/234783033	龙嘉机场1号航站楼	0.53	43.9928	125.6897
CGR	Campo Grande Airport	way/154893627	Terminal de passageiros	1.50	-20.4573	-54.6692
CGY	Laguindingan International Airport	way/330616351	(unnamed)	0.46	8.6085	124.4584
CHA	Chattanooga Metropolitan Airport (Lovell Field)	way/707132128	Wilson Air Center	0.38	35.0328	-85.2066
CHC	Christchurch International Airport	way/229862990	Christchurch Airport Terminal	0.62	-43.4892	172.5398
CHG	Chaoyang Airport	way/429641486	(unnamed)	0.72	41.5445	120.4359
CHH	Chachapoyas Airport	way/498709560	(unnamed)	0.64	-6.2071	-77.8536
CHM	FAP Lieutenant Jaime Andres de Montreuil Morales Airport	way/293777274	(unnamed)	0.29	-9.1509	-78.5261
CHO	Charlottesville Albemarle Airport	way/157032315	Charlottesville-Albemarle Airport Terminal	0.32	38.1395	-78.4494
CHQ	Chania International Airport	way/234278033	Chania International Airport	1.32	35.5397	24.1405
CHS	Charleston International Airport	node/1863910334	Atlantic Aviation	0.58	32.899	-80.0329
CHT	Inia William Tuuta Memorial Airport	way/519167018	(unnamed)	0.82	-43.8161	-176.4736
CHX	Changuinola Captain Manuel Niño International Airport	relation/21300672	(unnamed)	0.37	9.4565	-82.5173
CIA	Ciampino–G. B. Pastine International Airport	way/45011128	Aviazione Generale	0.36	41.7974	12.5914
CID	The Eastern Iowa Airport	relation/21167477	Eastern Iowa Airport - Donald J. Canney Terminal	0.90	41.8883	-91.701
CIF	Chifeng Yulong Airport	way/183944332	(unnamed)	0.88	42.1544	118.8331
CIH	Changzhi Wangcun Airport	way/1022770567	王村机场航站楼	0.52	36.2443	113.1218
CIJ	Capitán Aníbal Arab Airport	way/627826514	(unnamed)	0.35	-11.0411	-68.7803
CIT	Shymkent International Airport	way/1150734426	Шымкент Халықаралық Әуежайы	1.25	42.3678	69.4904
CIU	Chippewa County International Airport	way/341937625	Chippewa County International Airport	1.99	46.2578	-84.4744
CIW	Canouan Airport	way/115933179	(unnamed)	0.30	12.699	-61.3452
CIX	Capitán FAP José A. Quiñones González International Airport	way/201939142	(unnamed)	1.32	-6.7774	-79.8292
CIY	Comiso Airport	way/211446967	(unnamed)	0.31	36.9983	14.6072
CJA	Mayor General FAP Armando Revoredo Iglesias Airport	way/178168916	Aeropuerto Armando Revoredo	0.38	-7.1426	-78.4898
CJB	Coimbatore International Airport	way/128979883	Coimbatore International Airport	0.46	11.0305	77.0392
CJC	El Loa Airport	way/361506566	Aeropuerto El Loa - Terminal	0.51	-22.4953	-68.9074
CJJ	Cheongju International Airport/Cheongju Air Base (K-59/G-513)	way/125836349	청주국제공항	0.80	36.7219	127.496
CJL	Chitral Airport	way/397630608	Chitral Airport	0.54	35.8815	71.7986
CJM	Chumphon Airport	way/529814057	(unnamed)	0.49	10.7146	99.3588
CJS	Abraham González International Airport	way/304320211	(unnamed)	0.57	31.6369	-106.4345
CJU	Jeju International Airport	way/75615560	제주국제공항	0.64	33.5063	126.4926
CKB	North Central West Virginia Airport	way/397898885	North Central West Virginia Airport	0.26	39.2967	-80.2311
CKS	Carajás Airport	way/370090171	(unnamed)	0.46	-6.1144	-50.001
CKW	Christmas Creek Airport	node/3076192397	(unnamed)	0.95	-22.3561	119.6516
CKY	Ahmed Sékou Touré International Airport	way/370666460	(unnamed)	0.88	9.5752	-13.6198
CKZ	Çanakkale Airport	way/363873611	(unnamed)	0.28	40.1396	26.4247
CLE	Cleveland Hopkins International Airport	way/131620950	Cleveland Hopkins International Airport - Concourse B	0.77	41.4114	-81.8406
CLJ	Avram Iancu Cluj International Airport	node/90514295	Aeroportul Internațional Avram Iancu Cluj	0.32	46.7834	23.6873
CLL	Easterwood Field	way/52720454	Easterwood Airport	0.62	30.5936	-96.3666
CLO	Alfonso Bonilla Aragon International Airport	way/87607141	Terminal C	0.82	3.5369	-76.3865
CLQ	Licenciado Miguel de la Madrid International Airport	way/188831176	Aeropuerto Nacional Colima	0.39	19.2805	-103.5773
CLT	Charlotte Douglas International Airport	way/1347416955	Concourse C	0.55	35.2189	-80.9425
CLV	Nelson Ribeiro Guimarães Airport	way/321831707	(unnamed)	0.89	-17.7254	-48.6147
CLY	Calvi Sainte Catherine Airport	way/217657684	Aéroport de Calvi-Sainte-Catherine	0.62	42.5253	8.7901
CMA	Cunnamulla Airport	way/194422366	Cunnamulla Airport	0.40	-28.0332	145.6239
CMB	Bandaranaike International Colombo Airport	way/1222953311	Cinnamon Air Domestic Terminal	0.53	7.1807	79.8889
CME	Ciudad del Carmen International Airport	way/113841511	(unnamed)	0.32	18.6511	-91.8024
CMF	Chambéry Aix les Bains airport	way/1313666047	Terminal	0.26	45.6379	5.8835
CMG	Corumbá International Airport	way/147982480	Terminal de Passageiros - Aeroporto de Corumbá	1.00	-19.0142	-57.6636
CMH	John Glenn Columbus International Airport	way/169277375	John Glenn Columbus International Airport	0.69	39.998	-82.8838
CMI	University of Illinois Willard Airport	node/2968942162	Flightstar Corporation	0.49	40.0395	-88.2705
CMN	Mohammed V International Airport	way/127684035	Terminal 2	0.94	33.3722	-7.5815
CMW	Ignacio Agramonte International Airport	way/255830429	Terminal Nacional	0.49	21.4207	-77.8527
CMX	Houghton County Memorial Airport	way/173223540	(unnamed)	0.37	47.1687	-88.494
CNB	Coonamble Airport	way/373397770	Coonamble	0.64	-30.9755	148.3801
CND	Mihail Kogălniceanu International Airport	way/725989026	(unnamed)	1.43	44.3502	28.482
CNF	Tancredo Neves International Airport	way/1432466757	(unnamed)	0.59	-19.6305	-43.9658
CNM	Cavern City Air Terminal	way/193242007	(unnamed)	1.32	32.3456	-104.2527
CNN	Kannur International Airport	way/392012106	Kannur International Airport- Passenger Terminal Building	0.45	11.9142	75.5485
CNQ	Corrientes Airport	way/954507640	(unnamed)	0.52	-27.4491	-58.7586
CNS	Cairns International Airport	relation/2298758	Cairns Domestic Terminal	0.48	-16.8769	145.7535
CNX	Chiang Mai International Airport	way/786472126	(unnamed)	0.60	18.7671	98.9683
CNY	Canyonlands Regional Airport	relation/16701325	(unnamed)	1.13	38.7614	-109.7449
COD	Yellowstone Regional Airport	way/328625314	YRA Terminal	0.33	44.5173	-109.023
COK	Cochin International Airport	way/452201953	CIAL Terminal-3	0.88	10.1573	76.3959
COL	Coll Airport	way/169206466	Coll Airport	0.37	56.5986	-6.6184
COO	Cotonou Cadjehoun International Airport	way/1188157148	(unnamed)	0.38	6.3542	2.3859
COQ	Choibalsan Airport	way/239508110	Чойбалсан ОУ-ын нисэх буудал Choibalsan airport	1.12	48.1354	114.6321
COR	Ingeniero Aeronáutico Ambrosio L.V. Taravella International Airport	way/577258696	(unnamed)	0.58	-31.3156	-64.2131
COS	City of Colorado Springs Municipal Airport	way/156864482	Passenger Terminal	0.82	38.7984	-104.7009
COV	Çukurova International Airport	way/1306289159	VIP Terminali	0.96	36.8995	35.0673
CPC	Aviador C. Campos Airport	way/55581217	Aeropuerto Aviador Carlos Campos	0.79	-40.081	-71.1431
CPD	Coober Pedy Airport	way/826524602	(unnamed)	0.33	-29.0354	134.7228
CPE	Ingeniero Alberto Acuña Ongay International Airport	way/264127920	Aeropuerto Internacional Ing. Alberto Acuña Ongay	0.43	19.814	-90.5037
CPH	Copenhagen Kastrup Airport	way/242422297	CPH Go	0.87	55.6257	12.6568
CPO	Desierto de Atacama Airport	way/79157173	Aeropuerto Desierto de Atacama	0.62	-27.2644	-70.7741
CPR	Casper-Natrona County International Airport	way/398847263	Passenger Terminal	1.16	42.8972	-106.4646
CPT	Cape Town International Airport	relation/8083063	(unnamed)	0.88	-33.9688	18.5971
CQW	Chongqing Xiannüshan Airport	way/997094454	(unnamed)	0.61	29.4607	107.6964
CRA	Craiova International Airport	way/941772633	(unnamed)	1.00	44.3127	23.8786
CRD	General Enrique Mosconi International Airport	way/705257365	(unnamed)	0.51	-45.7901	-67.4681
CRK	Clark International Airport / Clark Air Base	way/763048155	Clark International Airport Terminal 2	1.10	15.1959	120.5607
CRL	Brussels South Charleroi Airport	way/98279899	Brussels South Charleroi Airport Terminal 1	1.15	50.4695	4.4706
CRM	Catarman National Airport	way/316709824	Catarman Airport Terminal	0.41	12.5051	124.6365
CRP	Corpus Christi International Airport	way/204145932	Hayden W. Head Terminal	0.43	27.7741	-97.5026
CRV	Crotone Sant'Anna Pythagoras Airport	way/86937223	(unnamed)	0.36	38.9949	17.0773
CRW	Yeager Airport	way/324785155	Yeager Airport Terminal	0.40	38.3705	-81.5963
CRZ	Türkmenabat International Airport	way/551077805	(unnamed)	0.67	38.9362	63.5671
CSH	Solovki Airport	way/55142917	Аэропорт "Соловецкие острова"	0.34	65.0299	35.7233
CSK	Cap Skirring Airport	way/219021754	(unnamed)	0.99	12.3878	-16.7432
CSW	Cabo San Lucas International Airport	way/1032913270	Cabo San Lucas International Airport	0.48	22.946	-109.9362
CSX	Changsha Huanghua International Airport	way/412477358	长沙黄花国际机场T2航站楼	0.58	28.1905	113.2143
CSY	Cheboksary Airport	relation/3297379	(unnamed)	1.88	56.0828	47.3201
CTA	Catania-Fontanarossa Airport	way/25453012	Terminal A	0.39	37.4702	15.0654
CTC	Coronel Felipe Varela International Airport	way/654101853	Catamarca - Terminal 1	0.37	-28.5926	-65.7549
CTD	Alonso Valderrama Airport	way/1304936747	(unnamed)	0.71	7.9815	-80.41
CTG	Rafael Nuñez International Airport	way/100101945	(unnamed)	0.50	10.446	-75.5158
CTL	Charleville Airport	node/2230763828	Charleville Airport	0.30	-26.4132	146.259
CTM	Chetumal International Airport	way/103127519	(unnamed)	0.43	18.5064	-88.3242
CTS	New Chitose Airport	node/7925146051	71	1.55	42.7838	141.6759
CTU	Chengdu Shuangliu International Airport	way/1191239246	远机位登机厅	0.57	30.5533	103.9476
CUA	Ciudad Constitución National Airport	way/681078163	(unnamed)	0.48	25.0498	-111.6132
CUC	Camilo Daza International Airport	way/46414609	(unnamed)	0.32	7.9262	-72.5089
CUE	Mariscal Lamar Airport	way/260486416	Aeropuerto Mariscal Lamar	0.34	-2.8898	-78.9874
CUF	Cuneo International Airport	way/383919889	Aeroporto Cuneo Levaldigi	0.35	44.5476	7.6186
CUK	Caye Caulker Airport	way/260210845	Tropic Air	0.47	17.7355	-88.0285
CUL	Bachigualato Federal International Airport	way/27033890	(unnamed)	0.57	24.7668	-107.4699
CUM	Antonio José de Sucre Airport	way/105086482	(unnamed)	0.41	10.4526	-64.1334
CUP	General Francisco Bermúdez Airport	way/200053658	(unnamed)	0.48	10.6565	-63.2592
CUR	Hato International Airport	way/686990782	Curaçao International Airport Arrivals	0.46	12.1849	-68.9589
CUU	General Roberto Fierro Villalobos International Airport	way/27030621	(unnamed)	0.53	28.704	-105.969
CUZ	Alejandro Velasco Astete International Airport	way/4818980	(unnamed)	0.58	-13.5379	-71.9437
CVG	Cincinnati Northern Kentucky International Airport	relation/18299335	Concourse B	1.07	39.0503	-84.6556
CVM	General Pedro Jose Mendez International Airport	way/684772800	(unnamed)	0.93	23.7116	-98.9556
CVN	Clovis Municipal Airport	way/398960428	(unnamed)	0.35	34.4268	-103.0826
CWA	Central Wisconsin Airport	way/360150411	(unnamed)	0.73	44.7838	-89.6724
CWB	Curitiba-Afonso Pena International Airport	relation/6289769	Terminal de Passageiros	0.99	-25.5368	-49.1721
CWJ	Cangyuan Washan Airport	way/977088860	(unnamed)	1.22	23.267	99.3668
CWL	Cardiff International Airport	way/112004460	Cardiff Airport	0.33	51.3984	-3.3394
CXB	Cox's Bazar Airport	way/168850789	Cox's Bazar Airport Passenger Terminal	0.79	21.4511	91.9665
CXI	Cassidy International Airport	way/1121984252	(unnamed)	0.72	1.9831	-157.3557
CXJ	Hugo Cantergiani Regional Airport	way/192075707	Terminal de Passageiros	0.26	-29.1949	-51.187
CXR	Cam Ranh International Airport / Cam Ranh Air Base	way/193327902	Ga Nội địa	1.06	12.0072	109.2158
CYA	Antoine-Simon International Airport	way/204613272	(unnamed)	0.54	18.2715	-73.7832
CYB	Charles Kirkconnell International Airport	way/65746337	Charles Kirkconnell International Airport	0.47	19.6899	-79.8795
CYC	Caye Chapel Airport	way/228406105	(unnamed)	0.53	17.6882	-88.0431
CYI	Chiayi Airport	way/821761429	嘉義航空站	1.62	23.4546	120.4038
CYO	Vilo Acuña International Airport	way/40014260	Terminal Principal	1.11	21.6233	-81.5538
CYP	Calbayog Airport	way/317862367	(unnamed)	0.57	12.0777	124.5456
CYS	Cheyenne Regional Jerry Olson Field	way/879348650	Passenger Terminal	0.29	41.1532	-104.811
CYZ	Cauayan Airport	way/233643378	Cauayan Domestic Airport Terminal	0.34	16.9271	121.7542
CZL	Mohamed Boudiaf International Airport	way/321222584	Aéroport Mohamed Boudiaf	0.83	36.2834	6.6219
CZM	Cozumel International Airport	way/292087142	(unnamed)	0.42	20.5115	-86.9303
CZS	Cruzeiro do Sul Airport	way/242631141	(unnamed)	0.61	-7.5962	-72.7736
CZX	Changzhou Benniu International Airport	way/757993015	(unnamed)	1.05	31.9132	119.7826
DAC	Hazrat Shahjalal International Airport	way/143950720	হযরত শাহ্‌জালাল আন্তর্জাতিক বিমানবন্দর	0.86	23.8479	90.4046
DAD	Da Nang International Airport	way/295394150	Nhà ga Quốc nội T1	1.10	16.0531	108.2028
DAR	Julius Nyerere International Airport	way/1188629104	Terminal 1 (Charter Terminal)	0.57	-6.8736	39.2021
DAT	Datong Yungang International Airport	way/596098230	T2航站楼	0.52	40.0567	113.4802
DAV	Enrique Malek International Airport	relation/21300501	Aeropuerto Internacional Enrique Malek	0.61	8.3916	-82.4315
DAX	Dachuan Airport	way/974018241	(unnamed)	0.32	31.1318	107.4267
DBA	Dalbandin Airport	way/272949750	(unnamed)	0.47	28.8743	64.4015
DBB	El Alamein International Airport	way/1339690406	VIP Terminal	0.61	30.9277	28.4666
DBC	Baicheng Chang'an Airport	way/522336000	(unnamed)	0.46	45.5078	123.015
DBO	Dubbo City Regional Airport	way/423657673	Dubbo City Regional Airport Terminal	0.53	-32.2189	148.57
DBQ	Dubuque Regional Airport	way/827166176	Dubuque Jet Center	0.61	42.4034	-90.7023
DBR	Darbhanga Airport	way/948883746	Darbhanga Airport Civil Aviation Terminal	1.43	26.1928	85.9026
DBV	Dubrovnik Ruđer Bošković Airport	way/171204794	Zračna luka Dubrovnik	0.36	42.5606	18.2617
DCA	Ronald Reagan Washington National Airport	way/55970523	Terminal 2	0.39	38.8513	-77.0421
DCF	Canefield Airport	way/115938359	Canefield Airport Terminal	0.29	15.3392	-61.3915
DCM	Castres Mazamet Airport	way/135278361	(unnamed)	0.26	43.554	2.289
DCY	Daocheng Yading Airport	way/1337062086	(unnamed)	0.78	29.3115	100.0661
DDC	Dodge City Regional Airport	way/965225917	(unnamed)	0.37	37.7603	-99.967
DDG	Dandong Langtou International Airport	way/503268058	(unnamed)	0.73	40.0302	124.2807
DDR	Shigatse Tingri Airport	way/1169160544	候机楼	0.34	28.6016	86.7972
DEA	Dera Ghazi Khan Airport	way/387628784	Dera Ghazi Khan International Airport	0.31	29.961	70.4891
DEB	Debrecen International Airport	way/265828190	(unnamed)	0.55	47.4912	21.6094
DEC	Decatur Airport	relation/9061477	Decatur Airport	1.00	39.8331	-88.8772
DED	Dehradun Jolly Grant Airport	way/1336992068	(unnamed)	1.70	30.1954	78.1928
DEE	Yuzhno-Kurilsk Mendeleyevo Airport	way/104012713	(unnamed)	0.35	43.9593	145.6813
DEF	Dezful Airport	way/677641464	فرودگاه دزفول	2.76	32.4179	48.3756
DEL	Indira Gandhi International Airport	way/35261858	(unnamed)	0.85	28.559	77.0874
DEM	Dembidollo Airport	way/1010495345	(unnamed)	0.68	8.5573	34.8528
DEX	Nop Goliat Dekai Airport	way/605883328	Bandar Udara Nop Goliat Dekai	0.49	-4.8527	139.4853
DGO	General Guadalupe Victoria International Airport	relation/11775852	(unnamed)	0.61	24.1261	-104.5339
DGT	Sibulan Airport	way/252236364	Arrivals	0.63	9.3327	123.2964
DHM	Kangra Airport	way/229488730	(unnamed)	0.29	32.1649	76.2599
DHN	Dothan Regional Airport	way/431692943	(unnamed)	0.72	31.3149	-85.4484
DHX	Dhoho International Airport	way/1231907679	Terminal VVIP	0.40	-7.7524	111.9447
DIA	Doha International Airport	way/160033080	Premium Terminal	1.02	25.266	51.5585
DIB	Dibrugarh Airport	way/423657730	(unnamed)	0.59	27.4841	95.0229
DIE	Arrachart Airport	way/179607751	(unnamed)	0.39	-12.3498	49.2953
DIG	Diqing Shangri-La Airport	way/249483212	(unnamed)	0.54	27.7956	99.6822
DIK	Dickinson Theodore Roosevelt Regional Airport	way/58828067	(unnamed)	0.83	46.8017	-102.7929
DIL	Presidente Nicolau Lobato International Airport	way/438203597	Gate A	0.25	-8.5488	125.5248
DIN	Dien Bien Phu Airport	way/1227941359	Nhà ga Sân bay Điện Biên	0.42	21.4009	103.0062
DIR	Aba Tenna Dejazmach Yilma International Airport	way/266662089	(unnamed)	1.24	9.6128	41.8579
DIU	Diu Airport	way/897119194	New Terminal	0.27	20.7124	70.9236
DIY	Diyarbakır Airport	way/637228717	(unnamed)	0.64	37.8926	40.2081
DJB	Sultan Thaha Airport	way/529193790	(unnamed)	0.72	-1.6324	103.6434
DJE	Djerba Zarzis International Airport	way/183796981	International Airport of Djerba	0.28	33.8717	10.7754
DJG	Tiska Djanet Airport	way/309126458	Terminal	0.49	24.2894	9.4657
DJJ	Dortheys Hiyo Eluay International Airport	way/160066928	Bandar Udara Sentani	1.30	-2.5702	140.5129
DJT	President Donald J. Trump International Airport	way/297836715	Atlantic Aviation PBI FBO	0.46	26.6792	-80.0946
DKA	Umaru Musa Yar'adua Airport	way/213163561	(unnamed)	0.45	13.0038	7.6607
DLA	Douala International Airport	way/1188126405	Presidential Pavillion	0.66	4.012	9.7188
DLC	Dalian Zhoushuizi International Airport	relation/3201283	(unnamed)	0.50	38.9616	121.5361
DLE	Dole Tavaux Airport	way/252104141	Aéroport Dole-Tavaux	0.57	47.0438	5.425
DLG	Dillingham Airport	way/714475955	(unnamed)	0.53	59.0428	-158.5135
DLH	Duluth International Airport	way/382011653	James L. Oberstar Terminal	1.47	46.8384	-92.1801
DLM	Dalaman International Airport	way/35845349	Dalaman Terminal 1 (İç Hatlar)	0.66	36.7171	28.787
DLU	Dali Fengyi Airport	way/561559445	大理机场航站楼	0.33	25.6493	100.3223
DLZ	Dalanzadgad Airport	way/925222325	(unnamed)	0.43	43.6053	104.3704
DMB	Taraz International Airport	way/457954947	Aulie Ata	1.66	42.8664	71.2932
DME	Domodedovo International Airport	relation/8404426	Аэропорт Домодедово	0.68	55.4146	37.9027
DMK	Don Mueang International Airport	way/28502780	(unnamed)	0.72	13.9149	100.6008
DMU	Dimapur Airport	way/462529695	Dimapur Airport	0.46	25.8802	93.7731
DND	Dundee Airport	way/45405405	(unnamed)	0.66	56.454	-3.0155
DNH	Dunhuang Mogao International Airport	way/751344345	T3航站楼	0.76	40.1659	94.8055
DNZ	Çardak Airport	way/177526889	Denizli Çardak Havaalanı İç/Dış Hatlar Terminali	1.60	37.7742	29.6901
DOD	Dodoma Airport	way/1221892045	(unnamed)	0.78	-6.1692	35.7491
DOH	Hamad International Airport	way/1250736656	Concourse D	0.53	25.2686	51.6063
DOL	Deauville Normandie airport	way/170074842	Deauville-Normandie	0.53	49.3611	0.1582
DOY	Dongying Shengli Airport	way/399825420	(unnamed)	0.69	37.5048	118.7833
DPL	Dipolog Airport	way/463420677	(unnamed)	0.28	8.6001	123.3436
DPO	Devonport Airport	way/87221926	Devonport Airport	0.31	-41.1718	146.4276
DPS	Denpasar I Gusti Ngurah Rai International Airport	relation/4541183	Terminal Internasional	0.56	-8.7436	115.1687
DQA	Daqing Sartu Airport	way/245185905	(unnamed)	0.63	46.7471	125.1324
DQM	Duqm International Airport	way/626158072	(unnamed)	0.33	19.5032	57.637
DRO	Durango La Plata County Airport	way/221296083	(unnamed)	0.96	37.1597	-107.7506
DRP	Bicol International Airport	way/958027554	BIA Terminal	0.52	13.1117	123.6816
DRS	Dresden Airport	way/35915003	Flughafen Dresden Terminal	1.00	51.1253	13.765
DRW	Darwin International Airport / RAAF Darwin	way/833764001	Darwin International Airport	0.90	-12.4081	130.8775
DSD	La Désirade Airport	way/647818544	Aérodrome de Desirade Terminal	0.28	16.2971	-61.087
DSE	Kombolcha Airport	way/462532784	(unnamed)	0.25	11.1097	39.7236
DSI	Destin Executive Airport	way/89903942	(unnamed)	0.38	30.3967	-86.471
DSM	Des Moines International Airport	way/76965586	(unnamed)	0.62	41.5333	-93.6493
DSN	Ordos Ejin Horo International Airport	way/136205416	T1航站楼	0.47	39.4949	109.8651
DSS	Blaise Diagne International Airport	way/177902246	(unnamed)	0.58	14.671	-17.0674
DSY	Dara Sakor International Airport	way/917631631	Dara Sakor International Airport Terminal	0.54	10.9185	103.2243
DTB	Silangit Airport	way/536586594	(unnamed)	0.57	2.2625	98.9876
DTM	Dortmund Airport	way/52956485	(unnamed)	0.35	51.5152	7.6129
DTU	Wudalianchi Dedu Airport	way/909914016	(unnamed)	0.59	48.4459	126.1317
DTW	Detroit Metropolitan Wayne County Airport	way/606891696	(unnamed)	0.47	42.2127	-83.3593
DUB	Dublin Airport	way/129653888	Terminal 1	1.04	53.4282	-6.2465
DUD	Dunedin International Airport	node/12129363987	Dunedin Airport	0.58	-45.924	170.1997
DUE	Dundo Airport	way/403367803	(unnamed)	0.91	-7.3933	20.8215
DUJ	DuBois Regional Airport	way/514536094	Dubois Regional Airport	0.73	41.1831	-78.8927
DUM	Pinang Kampai Airport	way/611271253	(unnamed)	0.37	1.6123	101.433
DUR	King Shaka International Airport	way/44946167	Passenger Terminal	1.42	-29.6185	31.1058
DUS	Düsseldorf Airport	way/369814328	Terminal A	0.91	51.2813	6.7665
DUT	Tom Madsen (Dutch Harbor) Airport	node/12289452065	Unalaska Airport Terminal	0.47	53.8948	-166.5426
DVL	Devils Lake Regional Airport	way/399254385	(unnamed)	0.80	48.109	-98.9039
DVO	Francisco Bangoy International Airport	way/28980097	Davao International Airport Terminal	0.52	7.1302	125.6454
DWC	Al Maktoum International Airport	way/170139991	مطار آل مكتوم الدولي في دبي وورلد سنترال	1.15	24.8862	55.1592
DXB	Dubai International Airport	way/231888210	Concourse A	0.76	25.2431	55.3723
DXJ	Xiangxi Biancheng Airport	way/1197981330	(unnamed)	0.40	28.4955	109.5254
DXN	Noida International Airport	way/1427032672	Terminal 1	1.40	28.1758	77.5983
DYG	Zhangjiajie Hehua International Airport	relation/18581783	张家界荷花国际机场T2航站楼	0.37	29.107	110.44
DYR	Ugolny Yuri Ryktheu Airport	way/82896047	Старый терминал	2.35	64.7139	177.7361
DYU	Dushanbe International Airport	relation/8269315	Внутренние линии	0.84	38.5486	68.8156
DZH	Dazhou Jinya Airport	way/957973124	(unnamed)	0.53	31.0453	107.4394
DZN	Zhezkazgan National Airport	way/170503827	(unnamed)	0.53	47.7136	67.7366
EAM	Najran Domestic Airport	way/1237502148	VIP Terminal	0.50	17.613	44.4148
EAR	Kearney Regional Airport	way/380714051	Kearney Regional Airport Terminal	0.45	40.7274	-99.0121
EAT	Pangborn Memorial Airport	way/35423349	(unnamed)	0.67	47.4045	-120.2103
EAU	Chippewa Valley Regional Airport	way/105056545	Hawthorn FBO KEAU	0.30	44.8639	-91.4816
EBA	Marina di Campo Airport	way/585328449	(unnamed)	0.29	42.7628	10.2375
EBD	El-Obeid Airport	way/177718071	Ubayid Airport Terminal	0.65	13.1579	30.2362
EBH	El Bayadh Airport	way/357830219	(unnamed)	0.41	33.718	1.0932
EBJ	Esbjerg Airport	way/149098307	(unnamed)	0.52	55.5217	8.5496
EBL	Erbil International Airport	node/2746864448	North Wing	0.74	36.2348	43.9547
ECN	Ercan International Airport	way/624460625	Yolcu Terminali	0.62	35.1484	33.5037
ECP	Northwest Florida Beaches International Airport	way/122421519	Northwest Florida Beaches International Airport	0.43	30.3549	-85.7991
EDI	Edinburgh Airport	way/388850345	Edinburgh Airport	0.60	55.948	-3.3635
EDL	Eldoret International Airport	way/217634951	(unnamed)	1.68	0.4051	35.2238
EDO	Balıkesir Koca Seyit Airport	way/530516772	VIP Giriş ( Terminal 2 )	0.43	39.5496	27.0134
EFL	Kefallinia Airport	way/113233773	Kefalonia Airport	0.41	38.1192	20.505
EGC	Bergerac Dordogne-Périgord airport	way/731827748	(unnamed)	0.47	44.8224	0.5142
EGE	Eagle County Regional Airport	way/1303764641	Eagle County Regional Airport	0.48	39.6402	-106.9134
EGS	Egilsstaðir Airport	way/214228559	(unnamed)	0.97	65.2748	-14.4064
EHU	Ezhou Huahu International Airport	way/1116575643	鄂州机场航站楼	2.01	30.324	115.0326
EIE	Yeniseysk Airport	way/207670339	Енисейск	1.39	58.464	92.0987
EIN	Eindhoven Airport	way/475916776	Eindhoven Airport	1.49	51.4583	5.3915
EIS	Terrance B. Lettsome International Airport	way/424714243	(unnamed)	0.49	18.4445	-64.5372
EJH	Al Wajh Domestic Airport	way/239308070	(unnamed)	1.01	26.2076	36.4748
EKO	Elko Regional Airport	way/1295119407	(unnamed)	0.56	40.8276	-115.7864
ELD	South Arkansas Regional Airport at Goodwin Field	way/1004817629	(unnamed)	0.51	33.217	-92.8106
ELF	El Fasher Airport	way/1338953815	El-Fasher Airport	0.88	13.6216	25.3289
ELG	El Golea Airport	way/317382433	(unnamed)	1.20	30.5716	2.8683
ELM	Elmira Corning Regional Airport	relation/16381583	(unnamed)	0.45	42.163	-76.8951
ELP	El Paso International Airport	way/994060029	Million Air	1.43	31.7975	-106.3718
ELQ	Prince Naif bin Abdulaziz International Airport	way/321513366	Royal Pavillion	0.41	26.3016	43.7705
ELS	King Phalo Airport	way/164703475	(unnamed)	0.39	-33.038	27.8289
ELU	Guemar Airport - مطار قمار بالوادي	way/383779399	(unnamed)	0.89	33.5071	6.7849
EMA	East Midlands Airport	relation/8228808	East Midlands International Airport	0.54	52.8266	-1.3309
EMD	Emerald Airport	way/173022825	Emerald Airport	0.49	-23.5691	148.1745
EME	Emden Airport	way/49901508	(unnamed)	0.26	53.3888	7.2274
EMK	Emmonak Airport	node/9923427456	(unnamed)	1.10	62.7764	-164.4953
ENA	Kenai Municipal Airport	way/264694675	Kenai Airport	0.66	60.5651	-151.2468
ENE	H. Hasan Aroeboesman (Ende) Airport	way/189311991	H. Aroeboesman	0.31	-8.8481	121.6636
ENF	Enontekio Airport	way/263964156	Enontekiön lentoasema	0.30	68.3603	23.4282
ENH	Enshi Xujiaping Airport	way/463276121	(unnamed)	0.33	30.3222	109.4823
ENI	El Nido Airport	way/915789240	Lio Airport	0.27	11.2015	119.4184
ENO	Teniente Ramon A. Ayub Gonzalez International Airport	relation/12875672	(unnamed)	0.75	-27.2217	-55.8338
ENU	Akanu Ibiam International Airport	way/1079792548	İnternational Terminal	0.43	6.4705	7.5627
EOH	Enrique Olaya Herrera Airport	way/323460116	(unnamed)	0.28	6.2194	-75.5881
EOI	Eday Airport	way/199728800	Eday Airfield Terminal	0.29	59.1923	-2.7684
EPR	Esperance Airport	way/265079634	Esperance Airport Terminal	0.72	-33.6828	121.8305
EPU	Pärnu Airport	way/249057860	Pärnu lennujaam	0.47	58.4214	24.4662
EQS	Esquel Brigadier Antonio Parodi International Airport	way/182470603	(unnamed)	0.62	-42.906	-71.1466
ERC	Erzincan Airport	way/223155032	(unnamed)	0.79	39.7166	39.523
ERF	Erfurt-Weimar Airport	way/32477853	Terminal B	0.34	50.9752	10.9612
ERH	Moulay Ali Cherif Airport	way/1010690595	(unnamed)	0.46	31.9438	-4.4005
ERI	Erie International Tom Ridge Field	way/864164985	Passenger Terminal	0.65	42.0831	-80.1818
ERL	Erenhot Saiwusu International Airport	way/184045175	(unnamed)	0.54	43.427	112.0965
ERS	Eros Airport	way/117917753	Eros Airport Terminal Building	0.43	-22.6017	17.0814
ERZ	Erzurum International Airport	node/441226783	Erzurum Havaalanı	0.93	39.9612	41.1792
ESB	Esenboğa International Airport	way/68560146	Esenboğa Terminal Binası	1.52	40.1146	32.9927
ESC	Delta County Airport	way/255743216	(unnamed)	0.74	45.718	-87.0946
ESD	Orcas Island Airport	way/620935813	(unnamed)	0.35	48.7051	-122.9094
ESL	Elista Airport	way/119270539	(unnamed)	0.50	46.3694	44.3308
ESM	Carlos Concha Torres International Airport	way/1036307050	(unnamed)	0.28	0.9771	-79.6245
ESR	Ricardo García Posada Airport	way/829185903	(unnamed)	1.31	-26.3133	-69.7523
ESU	Essaouira-Mogador Airport	way/88027271	(unnamed)	0.89	31.4033	-9.6882
ETM	Ramon International Airport	relation/9226648	(unnamed)	0.63	29.7276	35.0076
ETR	Santa Rosa - Artillery Colonel Victor Larrea International Airport	way/453295150	(unnamed)	0.34	-3.4448	-79.9958
ETZ	Metz-Nancy-Lorraine Airport	way/133958835	(unnamed)	0.58	48.9813	6.2435
EUG	Eugene Airport	way/88782630	(unnamed)	0.61	44.1192	-123.213
EUN	Laayoune Hassan I International Airport	way/92076936	(unnamed)	1.44	27.1539	-13.2182
EUX	F. D. Roosevelt Airport	way/844788544	FD Roosevelt Terminal (2021)	0.37	17.4934	-62.9807
EVE	Harstad/Narvik Airport	way/167472806	Harstad/Narvik lufthavn, Evenes	0.36	68.4902	16.6865
EVG	Sveg Airport	way/313799644	(unnamed)	0.28	62.0464	14.4185
EVN	Zvartnots International Airport	way/371822640	Zvartnots Airport	0.37	40.1523	44.3978
EVV	Evansville Regional Airport	way/171996583	(unnamed)	1.08	38.0459	-87.5275
EWB	New Bedford Regional Airport	relation/10175338	(unnamed)	0.27	41.6739	-70.9582
EWN	Coastal Carolina Regional Airport	relation/8412820	Coastal Carolina Regional Airport	0.96	35.0786	-77.0349
EWR	Newark Liberty International Airport	relation/6442061	Terminal B	0.46	40.69	-74.176
EXT	Exeter International Airport	way/58987831	(unnamed)	0.39	50.7312	-3.4166
EYK	Beloyarskiy Airport	way/206676296	(unnamed)	1.23	63.6978	66.6947
EYP	El Alcaravan - Yopal Airport	node/13245354077	EYP	0.35	5.3222	-72.3848
EYW	Key West International Airport	way/305700506	Island City Flying Service	0.41	24.5539	-81.7563
EZE	Ezeiza International Airport - Ministro Pistarini	way/1089581825	Preembarque C	0.88	-34.8159	-58.5417
EZS	Elazığ Airport	way/387687334	Elazığ Havaalanı Terminali	1.37	38.6002	39.268
FAE	Vágar Airport	way/443991023	(unnamed)	0.46	62.0673	-7.278
FAI	Fairbanks International Airport	way/60727856	Fairbanks International Airport	0.64	64.8176	-147.8681
FAO	Faro - Gago Coutinho International Airport	way/93276133	Aeroporto de Faro	0.51	37.02	-7.9684
FAR	Hector International Airport	relation/20211956	Hector International Airport Passenger Terminal	0.70	46.9199	-96.8249
FAT	Fresno Yosemite International Airport	relation/15797969	Concourse A	0.55	36.7709	-119.719
FAV	Fakarava Airport	way/578935980	Fakarava Airport	0.49	-16.0534	-145.6525
FAY	Fayetteville Regional Airport - Grannis Field	way/103285691	Fayetteville Regional Airport	0.62	34.9907	-78.8871
FBE	Paulo Abdala Airport	way/958171790	(unnamed)	0.30	-26.0592	-53.0668
FBM	Lubumbashi International Airport	way/692428103	LUBuMBASHI INTERNATIONAL AIRPORT (FBM)	0.39	-11.588	27.5313
FCA	Glacier Park International Airport	way/55367945	Glacier Park Intl. Airport (FCA)	0.38	48.3078	-114.2528
FCN	Sea-Airport Cuxhaven/Nordholz / Nordholz Naval Airbase	way/508492829	Sportfluggruppe Nordholz/Cuxhaven e.V.	1.47	53.7671	8.6369
FCO	Rome–Fiumicino Leonardo da Vinci International Airport	way/28583394	Boarding Area A1-A10	0.69	41.7983	12.2524
FDE	Førde Airport, Bringeland	way/463276769	(unnamed)	0.39	61.3911	5.7642
FDF	Martinique Aimé Césaire International Airport	way/96436706	(unnamed)	0.48	14.5937	-61.0067
FDH	Bodensee Airport Friedrichshafen	node/13189203212	Zeppelin NT	0.51	47.6751	9.5077
FDU	Bandundu Airport	way/233635128	(unnamed)	0.69	-3.3088	17.376
FEG	Fergana International Airport	way/173796164	Аэрапорт	1.98	40.3758	71.7518
FEN	Fernando de Noronha Airport	way/30687823	(unnamed)	0.64	-3.8565	-32.4284
FEZ	Fes Saïss International Airport	way/141100618	Terminal 1	0.52	33.9305	-4.9821
FGU	Fangatau Airport	way/603434270	(unnamed)	0.26	-15.821	-140.8859
FIH	Ndjili International Airport	way/1217910646	Domestic Terminal	0.39	-4.3886	15.4466
FJR	Fujairah International Airport	way/195117701	Main Terminal	0.74	25.1127	56.3337
FKB	Karlsruhe Baden-Baden Airport	way/6615979	Flughafen Karlsruhe/Baden-Baden Terminal	0.52	48.7782	8.0874
FKI	Bangoka International Airport	way/589734904	(unnamed)	1.45	0.4922	25.3303
FKQ	Fakfak Airport	way/758757900	(unnamed)	0.34	-2.919	132.2643
FLA	Gustavo Artunduaga Paredes Airport	way/499554429	(unnamed)	0.42	1.5893	-75.5606
FLG	Flagstaff Pulliam Airport	way/133131487	Flagstaff Pulliam Airport	0.46	35.1389	-111.6748
FLL	Fort Lauderdale Hollywood International Airport	way/333046537	(unnamed)	0.40	26.0699	-80.1553
FLN	Hercílio Luz International Airport	way/628144667	Terminal de Passageiros do Floripa Airport	0.79	-27.6735	-48.5453
FLO	Florence Regional Airport	relation/12346919	Florence Regional Airport	0.93	34.1929	-79.7284
FLR	Florence Airport, Peretola	node/1988241468	Aeroporto di Firenze	0.71	43.8023	11.2012
FLS	Flinders Island Airport	way/395979536	Flinders Island Airport	1.03	-40.0914	148.0051
FLW	Flores Airport	way/173692580	(unnamed)	0.42	39.4591	-31.1311
FLZ	Dr. Ferdinand Lumban Tobing Airport	way/1489378817	Pinangsori	1.12	1.5537	98.8966
FMA	Formosa National Airport	way/244451390	(unnamed)	0.30	-26.2142	-58.2306
FMI	Kalemie Airport	node/1352760942	Terminal MONUSCO	0.36	-5.8784	29.2484
FMM	Memmingen Allgau Airport	way/1195284719	(unnamed)	0.30	47.9892	10.2345
FMO	Münster Osnabrück Airport	way/74314591	Münsterland e.V.	0.44	52.1304	7.6918
FMT	Faresmaathoda Airport	way/1104753217	(unnamed)	0.36	0.1947	73.1943
FNA	Lungi International Airport	way/60616298	Lungi Old Terminal	0.54	8.6153	-13.2003
FNC	Cristiano Ronaldo International Airport	way/23594854	Terminal do Aeroporto da Madeira	0.47	32.6936	-16.7754
FNI	Nîmes-Arles-Camargue Airport	way/114998024	Aéroport de Nîmes Grande Provence Méditerranée	0.75	43.763	4.4215
FNJ	Pyongyang Sunan International Airport	way/356324168	1항공역사	2.51	39.202	125.6759
FNT	Bishop International Airport	way/42431620	Bishop International Airport	0.55	42.973	-83.7388
FOD	Fort Dodge Regional Airport	way/262462093	(unnamed)	0.68	42.5521	-94.183
FOG	Foggia Gino Lisa Airport	way/405222098	(unnamed)	0.79	41.434	15.544
FON	La Fortuna Arenal Airport	way/1028454108	(unnamed)	0.45	10.4711	-84.5754
FOR	Pinto Martins International Airport	way/1097062373	JetFOR	0.53	-3.7728	-38.5359
FPO	Grand Bahama International Airport	way/177775300	Domestic and Non U.S. Departure Terminal	1.09	26.5482	-78.6962
FRA	Frankfurt Main Airport	way/942640216	Flugsteig J	1.26	50.0311	8.5746
FRL	Forlì-Luigi Ridolfi International Airport	way/151153884	(unnamed)	0.38	44.1978	12.0723
FRO	Florø Airport	way/361363384	(unnamed)	0.26	61.5859	5.0248
FRS	Mundo Maya International Airport	way/113756243	(unnamed)	1.19	16.9148	-89.8773
FRW	Phillip Gaonwe Matante International Airport	relation/2758174	(unnamed)	0.76	-21.1571	27.4758
FSC	Figari Sud-Corse Airport	way/583434721	(unnamed)	0.29	41.4996	9.0989
FSD	Sioux Falls Regional Airport	relation/20266569	Sioux Falls Regional Airport	0.94	43.5801	-96.7322
FSH	Syekh Hamzah Fansyuri Airport	way/234736545	(unnamed)	0.31	2.2723	97.9672
FSM	Fort Smith Regional Airport	relation/3894513	Fort Smith Regional Airport	0.92	35.3408	-94.3587
FSP	Saint-Pierre Pointe-Blanche Airport	way/40485176	Service de l'Aviation Civile	0.36	46.7653	-56.1776
FSZ	Mount Fuji Shizuoka Airport	way/175429384	富士山静岡空港ターミナルビル	1.06	34.7953	138.1794
FTE	El Calafate - Commander Armando Tola International Airport	way/903130109	(unnamed)	0.40	-50.2839	-72.0538
FUE	Fuerteventura Airport	way/30393278	Terminal de Llegadas Aeropuerto de Fuerteventura	0.55	28.4535	-13.8694
FUG	Fuyang Xiguan Airport	way/1443412265	(unnamed)	0.45	32.881	115.739
FUJ	Fukue Airport	way/454192092	(unnamed)	0.47	32.6683	128.8374
FUK	Fukuoka Airport	way/922841357	USAF AMC Air Terminal	0.57	33.5819	130.4472
FUO	Foshan Shadi Airport	way/1491447567	佛山机场航站楼	1.38	23.0708	113.0662
FUT	Pointe Vele Airport	way/191296558	Aéroport de Pointe Vele	0.28	-14.3111	-178.069
FWA	Fort Wayne International Airport	way/1337628762	(unnamed)	1.02	40.9866	-85.1879
FYJ	Fuyuan Dongji Airport	way/299908348	(unnamed)	0.64	48.2029	134.3641
FYN	Fuyun Koktokay Airport	way/906302141	(unnamed)	0.44	46.808	89.5134
GAJ	Yamagata Airport	way/300531211	(unnamed)	0.43	38.4106	140.3664
GAL	Edward G. Pitka Sr Airport	node/7818589908	Wright Air Service	0.75	64.7393	-156.9511
GAN	Gan International Airport	way/1363529404	Gan International Airport Terminal	0.51	-0.6903	73.1563
GAQ	Gao International Airport	way/170327996	(unnamed)	0.36	16.2516	-0.0064
GAU	Lokpriya Gopinath Bordoloi International Airport	way/1336970458	Terminal 1	0.32	26.1053	91.588
GAY	Gaya Airport	way/112503023	Terminal	0.91	24.7489	84.9437
GBB	Gabala International Airport	way/229446987	Qəbələ Hava limani Airport	2.39	40.8276	47.712
GBE	Sir Seretse Khama International Airport	way/168057860	Seretse Khama International Airport Terminal	0.63	-24.5575	25.9239
GBI	Kalaburagi Airport	way/890948890	Kalaburagi Airport Terminal	1.28	17.3103	76.9534
GBJ	Marie-Galante Airport	way/364327950	Aérodrome les Basses	0.27	15.8695	-61.2725
GBZ	Great Barrier Aerodrome	way/338565478	(unnamed)	0.40	-36.2425	175.4678
GCC	Northeast Wyoming Regional Airport	way/48716018	(unnamed)	0.55	44.3463	-105.5331
GCI	Guernsey Airport	way/423563768	(unnamed)	0.45	49.4324	-2.5972
GCK	Garden City Regional Airport	way/52526017	(unnamed)	0.36	37.927	-100.7199
GCM	Owen Roberts International Airport	way/62184823	Owen Roberts International Airport	0.36	19.296	-81.3576
GCN	Grand Canyon National Park Airport	way/130092420	Maverick Helicopters	1.39	35.9581	-112.1333
GDB	Gondia Airport	way/191630324	(unnamed)	0.59	21.5215	80.2897
GDE	Gode Airport	way/1167663953	(unnamed)	0.43	5.9389	43.5778
GDL	Guadalajara International Airport	relation/16380827	Terminal 1	0.91	20.5252	-103.3016
GDN	Gdańsk Lech Wałęsa Airport	way/110317241	Terminal T1	0.37	54.3807	18.4684
GDQ	Gondar Airport	way/208771502	(unnamed)	0.51	12.5164	37.4309
GDT	JAGS McCartney International Airport	way/191802506	JAGS McCartney International Airport	0.48	21.4421	-71.1462
GDX	Sokol Airport	way/1355310261	Аэропорт Магадан	0.41	59.9147	150.7206
GDZ	Gelendzhik Airport	way/105830837	(unnamed)	1.57	44.5931	38.0248
GEA	Nouméa Magenta Airport	way/79263380	Aérogare de Nouméa Magenta	0.34	-22.2604	166.4713
GEG	Spokane International Airport	node/1335027061	Concourse B	0.52	47.6244	-117.5361
GEL	Santo Ângelo Airport	way/564787571	Aeroporto de Santo Ângelo - Sepé Tiaraju (GEL)	0.27	-28.2804	-54.171
GEM	President Obiang Nguema International Airport	way/496339648	(unnamed)	0.44	1.6784	11.0215
GEO	Cheddi Jagan International Airport	way/1210861685	(unnamed)	0.52	6.5032	-58.2535
GER	Rafael Cabrera Airport	way/427167877	(unnamed)	0.49	21.8387	-82.7817
GES	General Santos International Airport	way/628297745	General Santos International Airport Terminal	0.45	6.0576	125.1003
GET	Geraldton Airport	way/243142351	(unnamed)	0.45	-28.7961	114.7024
GEV	Gällivare Airport	way/290143111	(unnamed)	0.32	67.1351	20.8123
GFF	Griffith Airport	way/424777432	(unnamed)	0.66	-34.2553	146.0624
GFK	Grand Forks International Airport	way/187589615	Byron L. Dorgan Terminal	0.71	47.9429	-97.1767
GGF	Almeirim Airport	way/954554719	(unnamed)	0.45	-1.4832	-52.58
GGG	East Texas Regional Airport	way/60833478	Henry Atkinson Airport Terminal	0.83	32.3877	-94.7192
GGJ	Guaíra Airport	way/452286129	(unnamed)	0.46	-24.0806	-54.1872
GGR	Garowe Airport	way/893397750	General Mohamed Abshir Terminal	0.44	8.4552	48.5704
GGS	Gobernador Gregores Airport	way/339298278	(unnamed)	0.88	-48.7834	-70.162
GGT	Exuma International Airport	way/32121949	(unnamed)	0.57	23.5638	-75.8726
GGW	Glasgow Valley County Airport Wokal Field	way/227765624	(unnamed)	0.92	48.2096	-106.6266
GHA	Noumérat - Moufdi Zakaria Airport	way/188687589	(unnamed)	0.91	32.3777	3.8001
GHB	Governor's Harbour Airport	way/260164727	Governor's Harbour Airport	0.96	25.2792	-76.3237
GHV	Brașov-Ghimbav International Airport	way/1027699380	Aeroportul Internațional Brașov-Ghimbav	1.31	45.6945	25.5173
GIB	Gibraltar Airport	way/1477842239	Gibraltar International Airport	0.40	36.154	-5.3464
GID	Gitega Airport	way/242930888	(unnamed)	0.41	-3.4194	29.9143
GIS	Gisborne Airport	way/863231313	Gisborne Airport Terminal	0.40	-38.6621	177.9823
GIZ	Jizan Regional Airport / King Abdullah bin Abdulaziz Airport	way/95599805	مبنى المطار	0.41	16.899	42.5826
GJL	Jijel Ferhat Abbas Airport	way/171969938	(unnamed)	0.43	36.7927	5.8782
GJT	Grand Junction Regional Airport	way/230782975	Walker Field Terminal	0.45	39.1226	-108.529
GLA	Glasgow Airport	way/56674699	Terminal 1	0.70	55.8656	-4.4342
GLF	Golfito Airport	way/1028455371	(unnamed)	0.74	8.6492	-83.1776
GLH	Mid Delta Regional Airport	way/440750887	(unnamed)	0.42	33.4819	-90.99
GMA	Gemena Airport	way/399552734	Gemena Airport	0.27	3.2376	19.7704
GMB	Gambela Airport	way/346567471	(unnamed)	0.58	8.1315	34.5676
GME	Gomel Airport	way/46755575	Гомель	0.42	52.5232	31.0171
GMO	Gombe Lawanti International Airport	way/1089612665	(unnamed)	0.77	10.3049	10.9035
GMP	Seoul Gimpo International Airport	way/226573238	김포국제공항 국내선청사	1.06	37.5585	126.803
GMQ	Golog Maqên Airport	way/574218092	(unnamed)	0.48	34.4224	100.3017
GMR	Totegegie Airport	way/128358494	(unnamed)	0.52	-23.084	-134.8876
GMZ	La Gomera Airport	way/123625447	(unnamed)	0.31	28.0315	-17.2123
GNB	Grenoble Alpes Isère Airport	way/161758304	Terminal Départ	0.36	45.3602	5.3319
GND	Maurice Bishop International Airport	way/25528294	(unnamed)	0.36	12.0072	-61.7859
GNJ	Ganja International Airport	way/301809352	(unnamed)	1.71	40.7391	46.3001
GNV	Gainesville Regional Airport	way/1346808873	Gainesville Regional Airport	0.63	29.6866	-82.2769
GNY	Şanlıurfa GAP Airport	way/713921155	Kargo Terminali	0.61	37.443	38.9016
GOA	Genoa Cristoforo Colombo Airport	way/18605423	Aeroporto Cristoforo Colombo	0.84	44.4149	8.8505
GOH	Nuuk International Airport	way/1123197273	Nuuk Lufthavn Terminal	0.76	64.1843	-51.6774
GOI	Goa Dabolim International Airport	way/889406836	Goa Airport Terminal	0.65	15.385	73.8366
GOJ	Nizhny Novgorod / Strigino International Airport	relation/7597625	Терминал 2	0.91	56.2197	43.7902
GOM	Goma International Airport	way/191731243	(unnamed)	0.97	-1.6583	29.2401
GOP	Gorakhpur Airport	way/1168966883	(unnamed)	1.00	26.7464	83.443
GOQ	Golmud Airport	way/761588321	(unnamed)	0.47	36.4038	94.7895
GOT	Göteborg Landvetter Airport	way/3687818	(unnamed)	1.05	57.6681	12.2945
GOU	Garoua International Airport	relation/3032178	Terminal d'aéroport	0.44	9.3308	13.3725
GOV	Gove Airport	way/219722962	Gove Airport	0.48	-12.2699	136.8224
GOX	Manohar International Airport	way/1180144485	Manohar International Airport Terminal	1.61	15.7319	73.8685
GPA	Patras Araxos Agamemnon Airport	way/168314385	(unnamed)	0.98	38.1507	21.4144
GPI	Guapi Airport	way/429375127	Juan Casiano Solís	0.65	2.575	-77.8947
GPS	Seymour Galapagos Ecological Airport	relation/12920751	(unnamed)	1.04	-0.4449	-90.269
GPT	Gulfport Biloxi International Airport	relation/4752510	(unnamed)	0.80	30.4125	-89.0722
GRB	Austin Straubel International Airport	way/558387227	Concourse B	0.90	44.4911	-88.1272
GRI	Central Nebraska Regional Airport	way/548913795	Central Nebraska Regional Airport	0.78	40.9694	-98.3186
GRJ	George Airport	way/174630829	(unnamed)	0.53	-34.0015	22.3819
GRK	Killeen Regional Airport / Robert Gray Army Airfield	relation/8550302	(unnamed)	0.98	31.0616	-97.821
GRO	Girona-Costa Brava Airport	way/61855983	(unnamed)	0.80	41.8981	2.7659
GRQ	Groningen Airport Eelde	way/272798679	Groningen Airport Eelde	1.30	53.1295	6.5865
GRR	Gerald R. Ford International Airport	way/151290493	Gerald R. Ford International Airport	0.57	42.8836	-85.5286
GRU	São Paulo/Guarulhos–Governor André Franco Montoro International Airport	way/383877066	Terminal 3	0.86	-23.4257	-46.4758
GRV	Akhmat Kadyrov Grozny International Airport	way/400387348	(unnamed)	0.39	43.3846	45.6999
GRX	F.G.L. Airport Granada-Jaén Airport	way/26342622	(unnamed)	0.40	37.1851	-3.7769
GRY	Grímsey Airport	way/569680076	(unnamed)	0.27	66.5478	-18.0207
GRZ	Graz Airport	way/83132307	Flughafen Graz	0.64	46.996	15.4441
GSM	Qeshm International Airport	way/143671190	(unnamed)	0.74	26.7559	55.895
GSO	Piedmont Triad International Airport	way/103631091	Piedmont Triad International Airport	0.61	36.1047	-79.9357
GSP	Greenville-Spartanburg International Airport	way/242251673	(unnamed)	0.50	34.8915	-82.217
GSV	Gagarin International Airport	way/669799774	Саратов (Гагарин)	0.59	51.718	46.17
GTF	Great Falls International Airport	relation/17863208	(unnamed)	1.08	47.4824	-111.3567
GTO	Jalaluddin Airport	way/452419497	(unnamed)	0.25	0.6391	122.8511
GTR	Golden Triangle Regional Airport	way/423659456	(unnamed)	0.36	33.4517	-88.5879
GUA	La Aurora International Airport	relation/17228070	Aeropuerto Internacional La Aurora	0.75	14.5893	-90.5297
GUC	Gunnison Crested Butte Regional Airport	way/175072713	(unnamed)	0.26	38.5369	-106.9355
GUM	Antonio B. Won Pat International Airport	way/254756501	Guam Air Terminal	0.64	13.4894	144.8011
GUR	Gurney Airport	way/225395921	(unnamed)	0.60	-10.3098	150.3392
GUW	Atyrau International Airport	way/129661663	Международный аэропорт Атырау имени Хиуаз Доспановой	0.73	47.1224	51.8299
GVA	Geneva International Airport	way/1005852124	Aile Est	0.54	46.2335	6.111
GVR	Coronel Altino Machado Airport	way/316865540	Coronel Altino Machado	0.39	-18.8968	-41.9864
GWD	New Gwadar International Airport	way/1207665814	(unnamed)	1.15	25.2939	62.5098
GWL	Gwalior Airport	way/1205045954	(unnamed)	1.37	26.2855	78.2172
GWT	Westerland Sylt Airport	way/93535212	Terminal 1	0.64	54.9139	8.3305
GXF	Seiyun Hadhramaut International Airport	way/940631222	(unnamed)	0.42	15.9621	48.7877
GXH	Gannan Xiahe Airport	way/238867673	(unnamed)	0.44	34.8229	102.6215
GYA	Guayaramerín Airport	way/1217214891	Terminal de Guayaramerín	0.36	-10.8854	-65.3801
GYD	Heydar Aliyev International Airport	way/637637413	(unnamed)	0.67	40.4668	50.0517
GYE	José Joaquín de Olmedo International Airport	way/74842905	Aeropuerto Internacional José Joaquín de Olmedo	0.96	-2.1488	-79.8841
GYM	General José María Yáñez International Airport	way/188637663	(unnamed)	0.33	27.9694	-110.9217
GYN	Santa Genoveva International Airport	way/479908599	Terminal de Passageiros - Aeroporto de Goiânia	0.62	-16.6325	-49.2265
GYS	Guangyuan Panlong Airport	way/156539096	(unnamed)	0.79	32.3948	105.7011
GYU	Guyuan Liupanshan Airport	way/296183750	(unnamed)	0.48	36.0767	106.2216
GYY	Gary/Chicago International Airport	way/445807206	(unnamed)	0.41	41.6178	-87.4084
GZG	Garze Gesar Airport	way/1340011913	(unnamed)	0.41	31.754	99.5529
GZP	Gazipaşa-Alanya Airport	way/626371193	Alanya Gazipaşa İç-Dış Hatlar Yolcu Terminali	0.45	36.2975	32.3017
GZT	Gaziantep Oğuzeli International Airport	way/1015223709	Terminal - 1	0.38	36.9439	37.4774
HAA	Hasvik Airport	way/395980256	(unnamed)	0.27	70.4864	22.1468
HAC	Hachijojima Airport	way/437439739	八丈島空港ビル	0.32	33.1165	139.7829
HAD	Halmstad Airport	way/131384706	Halmstads flygplats	1.16	56.6811	12.815
HAH	Prince Said Ibrahim International Airport	way/1054665956	(unnamed)	0.36	-11.5346	43.2751
HAJ	Hannover Airport	way/99176176	(unnamed)	0.62	52.4599	9.694
HAK	Haikou Meilan International Airport	way/218031032	1号航站楼	0.62	19.9403	110.4576
HAM	Hamburg Helmut Schmidt Airport	way/712551981	Terminal 3	0.45	53.6274	9.9929
HAN	Noi Bai International Airport	way/372403774	Nhà ga Nội địa T1	0.86	21.2146	105.8027
HAS	Hail International Airport	way/107167939	Ha'il Regional Airport	0.38	27.4384	41.6901
HAU	Haugesund Airport, Karmøy	way/74360932	(unnamed)	0.49	59.3444	5.2169
HAV	José Martí International Airport	way/145645162	Terminal 3	0.93	22.9974	-82.4075
HBA	Hobart International Airport	way/9859916	Hobart Airport Terminal	0.61	-42.8373	147.5055
HBQ	Haibei Qilian Airport	way/1002204205	(unnamed)	0.61	38.0131	100.6422
HBX	Hubballi Airport	way/162176618	Old Terminal	0.50	15.3592	75.0863
HCJ	Hechi Jinchengjiang Airport	way/508572924	(unnamed)	0.49	24.8	107.7116
HCZ	Chenzhou Beihu Airport	way/964476819	郴州北湖机场	0.40	25.75	112.8465
HDD	Hyderabad Airport	way/45507231	Airport Terminal	0.30	25.3194	68.3635
HDF	Heringsdorf Airport	way/24356435	(unnamed)	0.88	53.8785	14.1389
HDG	Handan Airport	way/772790531	(unnamed)	0.35	36.524	114.4279
HDK	Kulhudhuffushi Airport	way/941733762	Arrival/Departure Terminal	0.30	6.6307	73.0651
HDM	Hamadan Airport	way/212701601	(unnamed)	2.09	34.8672	48.5378
HDN	Yampa Valley Airport	way/231776961	Yampa Valley Regional Airport	0.43	40.4848	-107.2198
HDO	Hindon Airport / Hindon Air Force Station	way/1421530358	Hindon Airport	1.64	28.7053	77.3423
HDS	Eastgate Airport / Air Force Base Hoedspruit	way/245054222	Eastgate Airport	2.53	-24.3839	31.0467
HDY	Hat Yai International Airport	way/310488889	Hat Yai International Airport	0.37	6.9364	100.3938
HEA	Herat - Khwaja Abdullah Ansari International Airport	way/605708098	Massimo Ranzani Terminal	0.49	34.2139	62.2258
HEH	Heho Airport	way/148302432	(unnamed)	0.38	20.7439	96.7931
HEK	Heihe Aihui Airport	way/225605761	(unnamed)	0.71	50.1776	127.3123
HER	Heraklion International Nikos Kazantzakis Airport	way/6121472	(unnamed)	0.63	35.3371	25.1741
HET	Hohhot Baita International Airport	way/182329046	国内出发	0.96	40.8538	111.8146
HFA	Uri Michaeli Haifa International Airport	way/420716754	(unnamed)	0.34	32.8115	35.0404
HFE	Hefei Xinqiao International Airport	way/358286263	T1航站楼	1.14	31.9884	116.9648
HFN	Hornafjörður Airport	way/316656666	(unnamed)	0.72	64.3021	-15.2265
HFS	Hagfors Airport	way/39247854	Hagfors Airport (ESOH)	0.67	60.026	13.5815
HFT	Hammerfest Airport	way/463416444	(unnamed)	0.32	70.6803	23.6771
HGA	Egal International Airport	way/202439607	Hargeisa International Airport مطار هرجيسا	0.41	9.5178	44.0835
HGH	Hangzhou Xiaoshan International Airport	way/776023304	4号航站楼	0.35	30.2365	120.4253
HGI	Itanagar Donyi Polo Hollongi Airport	way/1347732121	(unnamed)	0.85	26.9724	93.6446
HGO	Korhogo Airport	way/385347672	(unnamed)	0.44	9.3904	-5.5544
HGR	Hagerstown Regional Richard A Henson Field	way/50875294	Hagerstown Regional Airport (HGR)	0.50	39.7051	-77.7313
HGU	Mount Hagen Kagamuga Airport	way/170178123	(unnamed)	0.26	-5.8294	144.2974
HHH	Hilton Head Airport	way/430264326	(unnamed)	0.27	32.2266	-80.6988
HHN	Frankfurt-Hahn Airport	node/11046139613	GAT	0.44	49.9432	7.2654
HHQ	Hua Hin Airport	way/284411872	(unnamed)	0.97	12.6275	99.9516
HIA	Huai'an Lianshui Airport	way/183940276	(unnamed)	0.49	33.7889	119.1293
HIB	Range Regional Airport	way/300587562	(unnamed)	0.92	47.3923	-92.8422
HID	Horn Island Airport	way/288638416	(unnamed)	0.63	-10.591	142.2946
HII	Lake Havasu City Airport	way/909872725	(unnamed)	0.39	34.5672	-114.3591
HIJ	Hiroshima Airport	way/96933317	(unnamed)	0.41	34.4398	132.9186
HIN	Sacheon Airport / Sacheon Air Base	relation/8411989	사천공항	1.40	35.0922	128.0865
HIR	Honiara International Airport	way/136866059	(unnamed)	1.01	-9.4276	160.0458
HJB	Hejing Bayinbuluke Airport	way/1282675814	巴音布鲁克T1	0.46	42.9724	83.9971
HJJ	Huaihua Zhijiang Airport	way/761310999	怀化芷江机场T2航站楼	0.39	27.445	109.7013
HJR	Khajuraho Airport	way/195440017	Khajuraho Airport	0.95	24.8103	79.913
HKD	Hakodate Airport	relation/2412835	(unnamed)	0.83	41.7756	140.8153
HKG	Hong Kong International Airport	way/393009711	T1 中場客運廊 T1 Midfield Concourse	0.36	22.3101	113.9178
HKN	Hoskins Airport	way/66697790	(unnamed)	0.87	-5.4573	150.403
HKT	Phuket International Airport	way/152933069	อาคารผู้โดยสารภายในประเทศ สนามบินภูเก็ต	1.36	8.1081	98.3062
HLA	Lanseria International Airport	way/1113726701	(unnamed)	0.43	-25.9353	27.9254
HLD	Hulunbuir Hailar Airport	way/795488070	Terminal 2	0.35	49.211	119.8192
HLE	Saint Helena International Airport	way/166589669	St Helena Airport terminal	0.46	-15.9622	-5.6487
HLH	Ulanhot Yilelite Airport	way/250351284	(unnamed)	0.53	46.1937	122.0019
HLN	Helena Regional Airport	way/836667971	Helena Airport Terminal	0.65	46.6102	-111.9899
HLP	Halim Perdanakusuma International Airport	way/98570547	(unnamed)	0.50	-6.2656	106.886
HLZ	Hamilton International Airport	way/73208031	Hamilton International Airport	0.39	-37.8659	175.3362
HMA	Khanty Mansiysk Airport	relation/13134478	Аэровокзал	0.62	61.0262	69.0965
HMB	Suhaj International Airport	way/101613584	(unnamed)	0.65	26.3391	31.7377
HME	Hassi Messaoud-Oued Irara Krim Belkacem Airport	way/204647009	(unnamed)	0.48	31.6754	6.1446
HMI	Hami Airport	way/104242670	(unnamed)	1.11	42.8397	93.6558
HMO	General Ignacio L. Pesqueira International Airport	way/188744979	Terminal 1	0.33	29.09	-111.052
HMS	Haji Muhammad Sidik Airport	way/980795091	Terminal Keberangkatan Bandara H.M. Sidik	0.63	-1.0203	114.9276
HMV	Hemavan Airport	way/275576140	(unnamed)	0.71	65.8123	15.0792
HNA	Iwate Hanamaki Airport	node/401574530	いわて花巻空港	0.81	39.4218	141.1383
HND	Tokyo Haneda International Airport	way/1435251058	第2ターミナル2階国際線デッキ	0.29	35.549	139.7901
HNL	Daniel K. Inouye International Airport	way/838406730	(unnamed)	1.32	21.3302	-157.9248
HNY	Hengyang Nanyue Airport	relation/15968918	衡阳南岳机场T1航站楼	0.45	26.7247	112.6145
HOB	Lea County Regional Airport	way/194728747	(unnamed)	0.60	32.6923	-103.214
HOF	Al-Ahsa International Airport	way/424772298	(unnamed)	1.05	25.2946	49.487
HOG	Frank Pais International Airport	way/32690398	Terminal Internacional	1.10	20.7888	-76.3057
HOI	Hao Airport	way/674078286	Aérodrome de Hao	1.99	-18.0641	-140.9611
HOM	Homer Airport	way/143182851	Homer Airport Terminal	0.78	59.6432	-151.4929
HOT	Memorial Field Airport	way/916829811	Memorial Field Airport	0.44	34.4827	-93.0957
HOU	William P. Hobby Airport	way/45765445	Terminal Building	0.93	29.647	-95.2862
HOV	Ørsta-Volda Airport, Hovden	way/395900569	Ørsta Lufthavn Hovden - Avgangshall	0.28	62.18	6.0794
HPG	Shennongjia Hongping Airport	way/518678948	(unnamed)	0.63	31.6205	110.3383
HPH	Cat Bi International Airport	way/627913350	(unnamed)	0.54	20.8223	106.7248
HPN	Westchester County Airport	relation/11786513	Westchester County Airport Main Terminal	0.34	41.0686	-73.7042
HQL	Tashikuergan Hongqilafu Airport	way/1094263062	航站楼	0.50	37.6644	75.2931
HRB	Harbin Taiping International Airport	way/466631933	国际航站楼	0.65	45.6292	126.2487
HRE	Robert Gabriel Mugabe International Airport	way/25512102	Harare International Terminal Building	1.52	-17.9191	31.098
HRF	Hoarafushi Airport	way/1255413509	(unnamed)	0.31	6.9725	72.8964
HRG	Hurghada International Airport	way/1469188065	Terminal 1 (International)	1.08	27.1791	33.8073
HRI	Mattala Rajapaksa International Airport	relation/7737629	(unnamed)	0.88	6.2913	81.1215
HRL	Valley International Airport	way/423659950	(unnamed)	0.88	26.2243	-97.6619
HRO	Boone County Airport	way/424779902	(unnamed)	0.40	36.264	-93.1515
HSA	Hazrat Sultan International Airport	node/8192322426	Международный аэропорт Хазрет Султан	0.56	43.3155	68.5469
HSC	Shaoguan Danxia Airport	way/1008765978	韶关丹霞机场-航站楼	0.92	24.9743	113.4288
HSG	Kyushu Saga International Airport	way/766592147	佐賀空港国際線ターミナル	0.42	33.1534	130.3026
HSN	Zhoushan Putuoshan International Airport	way/732790889	(unnamed)	0.54	29.9361	122.3573
HSR	Rajkot International Airport	way/1302318065	(unnamed)	0.79	22.3813	71.0322
HSV	Huntsville International Airport	way/61499572	Huntsville International Airport	1.22	34.6472	-86.7746
HTA	Chita-Kadala International Airport	way/79586843	Терминал А	0.47	52.0206	113.3065
HTI	Hamilton Island Airport	way/503280804	Hamilton Island Airport	0.78	-20.3517	148.9489
HTN	Hotan Airport	way/1466173817	(unnamed)	0.41	37.0411	79.8682
HTS	Tri-State Airport / Milton J. Ferguson Field	relation/11964879	(unnamed)	0.36	38.3694	-82.5558
HTT	Huatugou Airport	way/675240477	(unnamed)	0.50	38.2038	90.8429
HTY	Hatay Airport	way/214629500	Hatay Havalimanı İç ve Dış Hatlar Terminali	0.44	36.3634	36.2819
HUE	Humera Airport	way/984928206	(unnamed)	0.71	13.8365	36.8822
HUG	Huehuetenango Airport	way/1162269925	Aeropuerto de Huehuetenango	0.28	15.3178	-91.5032
HUH	Huahine-Fare Airport	way/182504554	Huahine	0.77	-16.6896	-151.0283
HUI	Phu Bai International Airport	way/1168833374	Nhà ga hành khách T2	0.44	16.3967	107.7032
HUN	Hualien Chiashan Airport	way/92429692	花蓮航空站	0.49	24.0257	121.614
HUO	Holingol Huolinhe Airport	way/779440486	(unnamed)	0.46	45.4832	119.4083
HUX	Bahías de Huatulco International Airport	relation/12856809	(unnamed)	0.43	15.772	-96.2586
HUY	Humberside Airport	way/101256247	Humberside Airport	0.78	53.5831	-0.3486
HUZ	Huizhou Pingtan Airport	way/759023567	1号航站楼	0.38	23.0524	114.6027
HVB	Hervey Bay Airport	way/30128388	Hervey Bay Airport	0.47	-25.3201	152.8853
HVD	Khovd Airport	way/903420548	(unnamed)	1.05	47.9633	91.6252
HVG	Honningsvåg Airport, Valan	way/195549298	(unnamed)	0.25	71.0087	25.9773
HVN	Tweed New Haven Airport	way/292137073	Arrivals	0.73	41.2689	-72.8912
HVR	Havre City County Airport	way/399346491	(unnamed)	0.52	48.5461	-109.7628
HXD	Haixi Delingha Airport	way/969207795	(unnamed)	0.43	37.1284	97.2658
HYA	Cape Cod Gateway Airport	way/211860985	Cape Cod Gateway Airport	0.60	41.667	-70.2869
HYD	Rajiv Gandhi International Airport	relation/13609059	RGIA Terminal 1	0.48	17.2356	78.4296
HYN	Taizhou Luqiao Airport	relation/18458799	台州路桥机场航站楼	0.74	28.5654	121.4356
HYS	Hays Regional Airport	way/748609474	(unnamed)	1.04	38.8539	-99.2738
HZA	Heze Mudan Airport	way/961840674	(unnamed)	0.48	35.2137	115.7315
HZG	Hanzhong Chenggu Airport	way/508394142	候机楼	1.10	33.1263	107.1958
HZH	Liping Airport	way/403481609	(unnamed)	0.42	26.3205	109.1537
IAA	Igarka Airport	way/204215565	(unnamed)	0.68	67.4428	86.6156
IAD	Washington Dulles International Airport	relation/17640353	Concourse A & B	0.73	38.9488	-77.4494
IAG	Niagara Falls International Airport	way/167517629	Niagara Falls International Airport Terminal	0.79	43.1013	-78.941
IAH	George Bush Intercontinental Airport	way/1524080827	(unnamed)	0.26	29.9856	-95.3437
IAM	Zarzaitine - In Aménas Airport	way/201542154	(unnamed)	0.49	28.0516	9.6379
IAO	Siargao Airport	node/13369229935	BALOD	0.27	9.8585	126.0164
IAR	Golden Ring Yaroslavl International Airport	way/336113949	(unnamed)	0.80	57.5624	40.1704
IAS	Iaşi International Airport	way/205437714	Aeroportul Internațional Iași - Terminalul 2	0.43	47.1767	27.6177
IBA	Ibadan Airport	way/30047438	(unnamed)	0.63	7.3605	3.973
IBB	General Villamil Airport	way/1341854662	Main Terminal	0.32	-0.9451	-90.9544
IBE	Perales Airport	way/627336403	Aeropuerto Nacional Perales	0.91	4.4252	-75.1407
IBR	Ibaraki Airport	way/152988287	茨城空港旅客ターミナルビル	0.72	36.178	140.4076
IBZ	Ibiza Airport	relation/12152081	Terminal de l'Aeroport d'Eivissa - es Codolar	0.58	38.8762	1.368
ICI	Cicia Airport	way/259070574	(unnamed)	0.43	-17.7396	-179.3409
ICN	Incheon International Airport	relation/9310847	인천국제공항 제2여객터미널	1.49	37.468	126.4342
ICT	Wichita Dwight D. Eisenhower National Airport	way/93125153	Wichita Dwight D Eisenhower National Airport	0.39	37.6533	-97.431
IDA	Idaho Falls Regional Airport	way/947076584	Idaho Falls Regional Airport Terminal	0.29	43.515	-112.0675
IDR	Devi Ahilya Bai Holkar International Airport	way/375229521	Terminal 2	0.81	22.7277	75.8045
IEG	Zielona Góra-Babimost Airport	way/1456262486	Terminal odlotów (non-schengen)	1.40	52.1369	15.7782
IFJ	Ísafjörður Airport	way/208034074	(unnamed)	0.45	66.0553	-23.1425
IFN	Isfahan Shahid Beheshti International Airport	way/371820206	Domestic Terminal	1.22	32.7463	51.8762
IGA	Inagua Airport	way/68490425	(unnamed)	0.84	20.9744	-73.675
IGD	Iğdır Airport	way/295993093	(unnamed)	0.42	39.9801	43.8786
IGR	Cataratas Del Iguazú International Airport	way/33562334	Aeropuerto Internacional de Puerto Iguazú	0.67	-25.7318	-54.4762
IGT	Magas Airport	way/399776782	(unnamed)	0.54	43.3184	45.0127
IGU	Cataratas International Airport	way/1456142367	SBFI	1.33	-25.6029	-54.4804
IJK	Izhevsk Airport	way/1448346027	(unnamed)	0.74	56.8318	53.4511
IKA	Imam Khomeini International Airport	way/536701473	VIP terminal	0.64	35.4113	51.1484
IKG	Karakol International Airport	way/1409121958	Кара-Кол Аэропорту	0.64	42.5026	78.41
IKS	Tiksi Airport	way/231967404	Аэропорт Тикси	0.52	71.6985	128.8883
IKT	Irkutsk International Airport	way/131684694	Международный терминал, VIP, бизнес-класс	2.79	52.2729	104.3559
IKU	Issyk-Kul International Airport	way/321296145	(unnamed)	0.58	42.5842	76.708
ILD	Lleida-Alguaire Airport	way/142959906	Terminal Alguaire	0.70	41.7284	0.5435
ILG	Wilmington Airport	way/233068400	New Castle County Terminal Building	0.84	39.675	-75.5979
ILM	Wilmington International Airport	way/332321704	(unnamed)	0.78	34.2666	-77.9099
ILO	Iloilo International Airport	way/85049444	(unnamed)	0.50	10.831	122.4974
ILQ	General Jorge Fernandez Maldon Airport	way/130680155	(unnamed)	0.28	-17.6926	-71.3432
ILR	General Tunde Idiagbon International Airport	way/317854381	(unnamed)	0.53	8.4355	4.4949
ILS	Ilopango International Airport	way/883184793	Museo Nacional de Aviación Tcnel. PA Jose Roberto Corleto Andrade	0.68	13.6957	-89.115
ILY	Islay Airport	way/96604947	(unnamed)	0.59	55.6836	-6.2483
IMF	Bir Tikendrajit International Airport	way/336858301	Bir Tikendrajit International Airport	0.51	24.7645	93.8976
IMP	Prefeito Renato Moreira Airport	way/227520340	AIS/MET	0.40	-5.5319	-47.4564
IMT	Ford Airport	way/570032658	Ford Airport Terminal	0.52	45.815	-88.1177
INB	Independence Airport	way/251818654	Maya Island Air - Savannah	0.41	16.5353	-88.4378
INC	Yinchuan Hedong International Airport	way/203982795	T1	0.64	38.3247	106.3863
IND	Indianapolis International Airport	way/85718404	Concourse A	0.27	39.7149	-86.295
INH	Inhambane Airport	way/223077063	(unnamed)	0.37	-23.8771	35.4049
INI	Niš Constantine the Great Airport	way/445054952	(unnamed)	0.79	43.3374	21.866
INL	Falls International Airport	way/798129472	(unnamed)	0.33	48.5664	-93.3986
INN	Innsbruck Airport	way/4788094	(unnamed)	0.60	47.2576	11.351
INU	Nauru International Airport	way/107982310	Nauru Airport Terminal	0.42	-0.5447	166.9175
INV	Inverness Airport	node/388540777	Inverness Airport	1.01	57.54	-4.0637
INZ	In Salah Airport	way/201714273	Terminal	0.33	27.2519	2.5088
IOA	Ioannina King Pyrrhus National Airport	way/129518169	Κρατικός Αερολιμένας Ιωαννίνων "Βασιλεύς Πύρρος"	0.45	39.6924	20.8229
IOM	Isle of Man Airport	way/38256633	Isle of Man (Ronaldsway) Airport	0.80	54.0868	-4.6343
IOS	Bahia - Jorge Amado Airport	way/516148333	Terminal de Passageiros - Aeroporto de Ilhéus	0.28	-14.8141	-39.0317
IPC	Mataveri International Airport	way/502219581	Aeropuerto Mataveri	1.13	-27.1592	-109.4301
IPH	Sultan Azlan Shah Airport	way/280989194	(unnamed)	0.81	4.5703	101.0983
IPI	San Luis Airport	way/552142041	(unnamed)	0.65	0.8578	-77.6759
IPL	Imperial County Airport	way/878723536	(unnamed)	0.25	32.8339	-115.572
IPN	Usiminas Airport	way/221608902	Aeroporto da Usiminas - Terminal de passageiros	0.41	-19.4744	-42.4877
IPT	Williamsport Regional Airport	node/42392592	(unnamed)	0.39	41.2456	-76.9225
IQM	Qiemo Yudu Airport	way/755508305	(unnamed)	0.43	38.2326	85.4697
IQN	Qingyang Xifeng Airport	way/536122528	(unnamed)	0.57	35.8026	107.6052
IQQ	Diego Aracena International Airport	way/244844866	Terminal Aeropuerto Diego Aracena de Iquique	1.27	-20.5474	-70.1786
IQT	Coronel FAP Francisco Secada Vignetta International Airport	way/867120504	(unnamed)	0.65	-3.7848	-73.3029
IRJ	Capitan V A Almonacid Airport	way/243244774	(unnamed)	0.29	-29.3838	-66.7942
IRK	Kirksville Regional Airport	way/61052604	(unnamed)	0.37	40.0934	-92.5406
IRP	Matari Airport	way/613175250	(unnamed)	1.20	2.8229	27.598
IRZ	Tapuruquara Airport	way/958772215	(unnamed)	0.44	-0.3805	-64.996
ISA	Mount Isa Airport	way/26585220	Mount Isa Airport Terminal	0.36	-20.6678	139.4916
ISB	Islamabad International Airport	relation/11629369	Islamabad International Airport	1.07	33.5563	72.8332
ISE	Süleyman Demirel International Airport	way/119180516	(unnamed)	0.44	37.859	30.3663
ISG	New Ishigaki Airport	way/214628730	国際線ターミナル	0.54	24.3917	124.2464
ISK	Nashik International Airport	way/620250676	Nashik Civil Terminal	2.08	20.113	73.8941
ISP	Long Island MacArthur Airport	relation/6171189	Long Island MacArthur Airport Terminal (ISP)	0.85	40.7896	-73.0968
IST	İstanbul Airport	way/687768729	İstanbul Havalimanı Terminal Binası	1.61	41.2627	28.7425
ISU	Jalal Talabani International Airport	way/305085099	V.I.P	1.10	35.5588	45.3271
ITB	Itaituba Airport	way/163193245	Aeroporto de Itaituba Wirland Freire	0.80	-4.2457	-56.0069
ITH	Ithaca Tompkins Regional Airport	way/108460704	Ithaca-Tompkins Regional Airport Terminal	0.39	42.4909	-76.4631
ITM	Osaka Itami International Airport	way/1333589100	(unnamed)	0.82	34.7879	135.4434
ITO	Hilo International Airport	way/639742283	Commuter Terminal	0.73	19.715	-155.0436
ITU	Iturup Airport	way/167337545	(unnamed)	0.39	45.2599	147.9548
IUE	Niue International Airport	way/110028544	(unnamed)	0.44	-19.0769	-169.926
IVC	Invercargill Airport	way/83078916	Sir Tim Shadbolt Terminal	0.76	-46.4156	168.3217
IVL	Ivalo Airport	way/43995252	Ivalon lentoasema	0.63	68.6083	27.4205
IWA	Ivanovo South Airport	way/860591629	(unnamed)	0.37	56.9423	40.9437
IWD	Gogebic Iron County Airport	way/959128271	(unnamed)	0.26	46.525	-90.1349
IWJ	Iwami Airport	way/300167786	萩・石見空港	0.65	34.6784	131.7967
IWK	Iwakuni Kintaikyo Airport	relation/11018577	(unnamed)	1.79	34.1588	132.2349
IXA	Agartala - Maharaja Bir Bikram Airport	way/967229705	Maharaja Bir Bikram Airport International Terminal	0.41	23.8858	91.2442
IXB	Bagdogra Airport	way/116652813	(unnamed)	0.52	26.685	88.3255
IXC	Shaheed Bhagat Singh International Airport	way/375252499	Chandigarh Airport Terminal	0.59	30.6685	76.7865
IXD	Prayagraj Airport	way/463629231	(unnamed)	0.46	25.4441	81.7326
IXE	Mangaluru International Airport	relation/20984353	Mangalore International Airport New Terminal	1.65	12.9504	74.8722
IXG	Belagavi Airport	way/555353911	Belagavi Airport Terminal	0.86	15.863	74.6112
IXI	Lilabari North Lakhimpur Airport	way/965275424	Lilabari Airport Terminal	1.00	27.2875	94.093
IXJ	Jammu Airport	way/891075600	Jammu Airport Terminal	0.95	32.6811	74.8423
IXK	Keshod Airport	way/475257619	(unnamed)	0.36	21.318	70.2671
IXL	Leh Kushok Bakula Rimpochee Airport	way/173277885	Leh Airport Terminal	1.13	34.1426	77.5557
IXM	Madurai Airport	way/1105131967	Madurai Airport Passenger Terminal	0.62	9.8386	78.0895
IXR	Birsa Munda Airport	way/423658093	Birsa Munda Airport, Ranchi	0.49	23.3172	85.3253
IXS	Silchar Airport	way/310466072	(unnamed)	0.36	24.916	92.9797
IXU	Aurangabad Airport	way/317146345	(unnamed)	0.38	19.8662	75.3972
IXY	Kandla Airport	way/589341377	(unnamed)	0.40	23.1116	70.104
IXZ	Veer Savarkar International Airport / INS Utkrosh	way/413236137	New Terminal	1.39	11.6519	92.7335
IZA	Presidente Itamar Franco Airport	node/11627466818	Aeroporto da Zona da Mata	1.17	-21.5102	-43.1622
IZO	Izumo Enmusubi Airport	way/408999326	(unnamed)	0.39	35.4148	132.886
IZT	General Antonio Cárdenas Rodríguez National Airport / Ixtepec Air Base	way/113740456	(unnamed)	0.86	16.439	-95.0903
JAC	Jackson Hole Airport	way/1013207159	Teton Interagency Helibase	0.44	43.6042	-110.7347
JAE	Shumba Airport	way/957481858	(unnamed)	0.28	-5.595	-78.7742
JAF	Jaffna International Airport	way/982880459	(unnamed)	0.42	9.7951	80.0675
JAI	Jaipur International Airport	way/1337060858	(unnamed)	0.75	26.8279	75.8059
JAV	Ilulissat Airport	way/169690503	(unnamed)	0.47	69.2406	-51.0664
JBB	Notohadinegoro Airport	way/205583019	Notohadinegoro	0.27	-8.2433	113.6958
JBK	Qitai Jiangbulake Airport	way/1283290247	(unnamed)	0.46	44.1621	89.5487
JBQ	La Isabela International Airport	way/228702675	(unnamed)	0.54	18.5758	-69.9819
JBR	Jonesboro Municipal Airport	way/1287612960	(unnamed)	0.55	35.8336	-90.652
JCL	České Budějovice South Bohemian Airport	way/701091397	(unnamed)	0.59	48.95	14.4359
JDH	Jodhpur Airport	way/1134323518	(unnamed)	1.40	26.2636	73.0506
JDO	Orlando Bezerra de Menezes Airport	way/234887730	(unnamed)	0.57	-7.2152	-39.2721
JDZ	Jingdezhen Luojia Airport	way/424779008	(unnamed)	0.35	29.3369	117.1791
JED	King Abdulaziz International Airport	way/41399794	South Terminal	1.26	21.671	39.1503
JEG	Aasiaat Airport	way/1036378333	Mittarfik - Lufthavn	0.38	68.7199	-52.7924
JFR	Paamiut Airport	way/182080986	Terminal	0.30	62.0121	-49.67
JGA	Jamnagar Airport	way/139750343	Domestic Terminal	0.62	22.4608	70.0159
JGD	Daxing'anling Elunchun Airport	way/228523583	(unnamed)	0.51	50.3734	124.111
JGN	Jiayuguan International Airport	way/238872588	航站楼	0.51	39.8636	98.3403
JGS	Jinggangshan Airport	way/463274843	井冈山机场航站楼	0.65	26.8547	114.7431
JHB	Senai International Airport	way/614724675	Aeromall	0.76	1.6358	103.666
JHG	Xishuangbanna Gasa International Airport	way/388811668	(unnamed)	0.52	21.9778	100.766
JHM	Kapalua Airport	way/147000135	(unnamed)	0.26	20.9621	-156.6754
JHS	Sisimiut Airport	way/180862025	(unnamed)	0.31	66.952	-53.7224
JIB	Djibouti-Ambouli Airport	way/205286206	Terminal - Aéroport international de Djibouti	1.19	11.5521	43.1497
JIC	Jinchang Jinchuan Airport	way/238869434	航站楼	0.44	38.5398	102.3444
JIJ	Gerad Wilwal International Airport	way/369362421	(unnamed)	0.40	9.3318	42.9082
JIK	Ikaria Airport	way/172024728	(unnamed)	0.25	37.6831	26.3443
JIM	Jimma Airport	way/318479158	(unnamed)	0.45	7.6663	36.8207
JIQ	Qianjiang Wulingshan Airport	way/358286267	(unnamed)	0.47	29.5173	108.8294
JIU	Jiujiang Lushan Airport	way/258242613	庐山机场航站楼	0.79	29.484	115.8022
JJD	Comandante Ariston Pessoa Airport	way/498827386	Aeroporto de Jericoacoara - Terminal de Passageiros	1.05	-2.9054	-40.3479
JJG	Humberto Ghizzo Bortoluzzi Regional Airport	way/368826316	Aeroporto de Jaguaruna - Terminal de Passageiros	0.67	-28.6768	-49.0663
JJN	Quanzhou Jinjiang International Airport	way/204232351	泉州晋江机场航站楼	0.85	24.8035	118.5881
JKG	Jönköping Airport	way/39179623	Jönköping Airport	0.80	57.7505	14.0704
JKH	Chios Island National Airport	way/228358220	Chios Airport	0.27	38.3452	26.1424
JKR	Janakpur Airport	way/340429063	Janakpur	0.32	26.7114	85.9238
JLG	Jalgaon Airport	way/979764673	(unnamed)	0.88	20.9613	75.6191
JLN	Joplin Regional Airport	relation/5572183	(unnamed)	0.69	37.1575	-94.5015
JLR	Jabalpur Airport	way/1183742860	New Terminal	0.86	23.1847	80.0558
JMJ	Lancang Jingmai Airport	way/761453388	(unnamed)	0.41	22.4141	99.7834
JMS	Jamestown Regional Airport	way/399253027	(unnamed)	0.37	46.9264	-98.679
JMU	Jiamusi Songjiang International Airport	way/206785562	(unnamed)	0.64	46.8446	130.4563
JNB	O.R. Tambo International Airport	way/42055017	OR Tambo International Terminal	1.61	-26.1331	28.2327
JNG	Jining Da'an Airport	way/1239600150	(unnamed)	0.53	35.6428	116.7448
JNH	Jiaxing Nanhu Airport	way/1420135654	(unnamed)	1.36	30.7069	120.6533
JNU	Juneau International Airport	way/398665751	Passenger Terminal	0.71	58.3593	-134.5834
JNZ	Jinzhou Bay Airport	way/1062682058	(unnamed)	0.56	40.9316	121.2804
JOE	Joensuu Airport	way/237854919	(unnamed)	0.31	62.6578	29.6138
JOG	Adisutjipto International Airport	way/483903523	Terminal B	0.36	-7.7859	110.4343
JOI	Lauro Carneiro de Loyola Airport	way/998500999	Terminal de Passegeiros	0.42	-26.2242	-48.8016
JOL	Jolo Airport	way/310058398	Jolo Airport Terminal	0.67	6.053	121.005
JOS	Yakubu Gowon Airport	way/462530050	(unnamed)	0.38	9.6368	8.8707
JPA	Presidente Castro Pinto International Airport	way/176517617	(unnamed)	0.35	-7.146	-34.9489
JPE	Nagib Demachki Airport	way/425584228	(unnamed)	0.57	-3.0181	-47.3213
JPR	Ji-Paraná Airport	way/958737116	(unnamed)	0.79	-10.8764	-61.851
JRG	Jharsuguda Airport	way/680372408	Jharsuguda Airport Terminal	0.51	21.9162	84.0464
JRH	Jorhat Airport	way/358945008	(unnamed)	1.04	26.7347	94.1847
JRO	Kilimanjaro International Airport	way/301832607	(unnamed)	0.97	-3.4245	37.0652
JSA	Jaisalmer Airport	way/239594922	Jaisalmer Civil Air Terminal	2.20	26.8706	70.856
JSJ	Jiansanjiang Shidi Airport	way/978311099	(unnamed)	0.55	47.1086	132.6652
JSK	Jask Airport	way/460392378	(unnamed)	1.41	25.6524	57.7879
JSR	Jessore Airport	way/238183604	Jessore Airport	0.75	23.1771	89.1608
JST	John Murtha Johnstown Cambria County Airport	way/227831155	(unnamed)	0.39	40.3195	-78.833
JSU	Maniitsoq Airport	way/181323216	(unnamed)	0.34	65.4116	-52.9324
JSY	Syros Airport	way/206048228	(unnamed)	0.29	37.422	24.9478
JTC	Bauru/Arealva–Moussa Nakhal Tobias State Airport	way/252174604	(unnamed)	0.60	-22.1659	-49.0722
JTR	Santorini International Airport	way/238922191	Αεροδρόμιο Σαντορίνης	0.63	36.4036	25.4731
JTY	Astypalaia Airport	way/431687443	(unnamed)	0.27	36.5822	26.3747
JUB	Juba International Airport	way/206904668	(unnamed)	0.40	4.8686	31.6001
JUH	Chizhou Jiuhuashan Airport	way/970878352	(unnamed)	0.30	30.7386	117.6831
JUJ	Gobernador Horacio Guzman International Airport	way/222233813	(unnamed)	0.84	-24.386	-65.0942
JUL	Inca Manco Capac International Airport	way/299932794	(unnamed)	0.31	-15.4705	-70.1564
JUV	Upernavik Airport	way/182920715	(unnamed)	0.37	72.7869	-56.1295
JUZ	Quzhou Airport	way/683493444	衢州机场	0.58	28.971	118.8966
JXA	Jixi Xingkaihu Airport	way/1100550213	(unnamed)	0.93	45.2997	131.1859
JYV	Jyväskylä Airport	way/81284597	Jyväskylän lentoasema	0.46	62.4035	25.6808
JZH	Jiuzhai Huanglong Airport	way/344954259	黄龙机场	0.34	32.8529	103.6858
KAB	Kariba Airport	way/496414717	(unnamed)	0.32	-16.5178	28.8871
KAC	Qamishli International Airport	way/114028978	Qamishli International Airport	1.70	37.0312	41.2052
KAD	Kaduna International Airport	way/105268798	(unnamed)	0.60	10.6946	7.3254
KAJ	Kajaani Airport	way/36200124	Kajaanin lentoasema	0.95	64.2812	27.6755
KAO	Kuusamo Airport	way/167850317	Kuusamon lentoasema	1.10	65.996	29.2264
KAT	Kaitaia Airport	way/175970203	Kaitaia Airport	0.41	-35.0664	173.2855
KAX	Kalbarri Airport	way/240849221	(unnamed)	0.81	-27.686	114.2622
KBL	Kabul International Airport	way/154658306	International Terminal	0.52	34.5616	69.2102
KBR	Sultan Ismail Petra Airport	way/244643602	Sultan Ismail Petra Airport Terminal	0.36	6.1699	102.2918
KBU	Gusti Syamsir Alam Airport	way/575670866	(unnamed)	0.28	-3.2954	116.1663
KBV	Krabi International Airport	way/198012856	International Terminal 1	0.85	8.0978	98.9816
KCA	Kuqa Qiuci Airport	way/299902468	(unnamed)	0.42	41.6815	82.8741
KCG	Chignik Airport	way/829050727	Chignik International Airport Terminal	0.44	56.3079	-158.3761
KCH	Kuching International Airport	way/233136282	KIA Airside	1.23	1.4868	110.3418
KCM	Kahramanmaraş Airport	way/668514662	Kahramanmaraş Havaalanı	0.55	37.5366	36.9591
KCT	Koggala Airport	way/1154550210	(unnamed)	0.50	5.996	80.3242
KCZ	Kochi Ryoma Airport	way/406783811	(unnamed)	0.44	33.5475	133.674
KDD	Khuzdar Airport	way/216660084	Bugti terminal	1.05	27.7969	66.6393
KDH	Ahmad Shah Baba International Airport	relation/12934168	د احمد شاه بابا نړيوال هوايي ډګر ترمينل	0.46	31.5023	65.8507
KDI	Haluoleo Airport	way/424778119	(unnamed)	0.51	-4.0771	122.4173
KDL	Kärdla Airport	way/89597132	Kärdla lennujaam	0.59	58.9942	22.8228
KDO	Kadhdhoo Airport	way/364915945	KDO Terminal	0.36	1.8576	73.5191
KDU	Skardu International Airport	way/255801144	(unnamed)	1.41	35.3285	75.5293
KEF	Keflavik International Airport	way/420778620	Keflavík Airport (KEF)	1.42	63.995	-22.6236
KEH	Kenmore Air Harbor LLC Seaplane Base	way/755367853	Kenmore Air Passenger Terminal	0.26	47.757	-122.2579
KEJ	Alexei Leonov Kemerovo International Airport	way/971999621	Новый терминал	1.24	55.2803	86.1151
KEM	Kemi-Tornio Airport	way/96003704	Kemi-Tornion lentoasema	0.36	65.7809	24.5762
KEP	Nepalgunj Airport	way/227879445	(unnamed)	0.27	28.1012	81.6673
KER	Ayatollah Hashemi Rafsanjani International Airport	way/229604100	(unnamed)	1.63	30.2603	56.9609
KET	Kengtung Airport	way/596540916	(unnamed)	0.61	21.3034	99.6304
KEW	Keewaywin Airport	way/329234523	(unnamed)	0.26	52.9914	-92.8326
KFS	Kastamonu Airport	way/604456203	Kastamonu Havaimanı Yolcu Terminali	0.45	41.3167	33.8
KGC	Kingscote Airport	way/176983829	(unnamed)	0.54	-35.7095	137.5234
KGD	Khrabrovo Airport	way/102267182	Главный терминал	1.26	54.8831	20.5856
KGF	Sary-Arka Airport	relation/11563518	Сары-Арқа әуежайы	0.60	49.6748	73.3287
KGI	Kalgoorlie Boulder Airport	way/207396982	(unnamed)	0.92	-30.7855	121.458
KGL	Kigali International Airport	way/104589152	Main Terminal	0.76	-1.9636	30.1349
KGP	Kogalym International Airport	way/97043059	Аэропорт Когалым	0.63	62.1957	74.5294
KGS	Kos International Airport "Ippokratis"	way/178767841	Kos Airport Terminal	0.72	36.801	27.0907
KGT	Kangding Airport	way/193242567	(unnamed)	1.57	30.1325	101.7503
KHG	Kashgar Laining International Airport	way/970173690	T2航站楼	0.83	39.5369	76.0135
KHH	Kaohsiung International Airport	way/102389055	高雄國際機場 國內航廈	0.86	22.571	120.3449
KHI	Jinnah International Airport	way/371638035	Jinnah International Airport - Departures Terminal	0.91	24.9013	67.1677
KHK	Khark Airport	way/709222772	(unnamed)	0.83	29.254	50.3264
KHM	Kanti Airport	way/416965669	(unnamed)	0.42	25.991	95.6774
KHN	Nanchang Changbei International Airport	way/234965204	昌北机场T1航站楼	0.68	28.8602	115.9073
KHS	Khasab Airport	way/277978463	(unnamed)	0.77	26.1654	56.2361
KHT	Khost International Airport	way/1036708068	(unnamed)	0.42	33.2883	69.8062
KHV	Khabarovsk Novy Airport	way/87359992	Международный терминал	1.19	48.527	135.1726
KHZ	Kauehi Airport	way/748889700	(unnamed)	0.49	-15.7821	-145.1241
KIE	Aropa Airport	way/1041721629	(unnamed)	0.38	-6.3043	155.7251
KIH	Kish International Airport	way/930326505	ترمینال جدید فرودگاه	0.87	26.5329	53.9779
KIK	Kirkuk International Airport	way/195493006	(unnamed)	1.35	35.4646	44.3625
KIM	Kimberley Airport	way/324494752	(unnamed)	1.43	-28.7949	24.7734
KIN	Norman Manley International Airport	way/49187177	(unnamed)	0.96	17.9371	-76.7785
KIR	Kerry Airport	way/102708552	(unnamed)	0.90	52.1814	-9.5369
KIS	Kisumu International Airport	way/1175019980	(unnamed)	0.45	-0.0822	34.7281
KIX	Kansai International Airport	way/61818937	関西国際空港第1ターミナル	0.79	34.4344	135.2449
KJA	Krasnoyarsk International Airport	way/567465909	Терминал №1	0.52	56.1804	92.486
KJB	Kurnool Airport	way/1427312865	(unnamed)	0.89	15.7135	78.1614
KJH	Kaili Huangping Airport	way/970353234	(unnamed)	0.49	26.9762	107.9865
KJI	Burqin Kanas Airport	way/293475358	(unnamed)	0.49	48.2233	87.0024
KJT	Kertajati International Airport	way/502226819	(unnamed)	0.99	-6.6519	108.1578
KKC	Khon Kaen Airport	node/9710686211	ท่าอากาศยานขอนแก่น	0.36	16.4647	102.7867
KKE	Kerikeri Airport	way/164585284	(unnamed)	0.45	-35.2631	173.9124
KKJ	Kitakyushu Airport	way/917482575	(unnamed)	0.58	33.8418	131.0311
KKN	Kirkenes Airport, Høybuktmoen	way/259480980	(unnamed)	0.58	69.7214	29.8831
KKR	Kaukura Airport	way/498550517	(unnamed)	0.51	-15.6679	-146.8854
KKW	Kikwit Airport	way/334910760	(unnamed)	0.41	-5.0389	18.7837
KLH	Kolhapur Airport	way/974682917	Kolhapur Airport Terminal	0.72	16.6653	74.2827
KLO	Kalibo International Airport	way/801056109	Paliparang Pandaigdig ng Kalibo	0.89	11.6859	122.3808
KLP	Seruyan Kuala Pembuang Airport	way/896525908	(unnamed)	0.37	-3.3779	112.5337
KLR	Kalmar Airport	way/91285777	Kalmar Öland Airport	0.88	56.6776	16.2878
KLU	Klagenfurt Airport	way/45043278	(unnamed)	1.26	46.6499	14.3252
KLV	Karlovy Vary Airport	way/132697428	(unnamed)	0.25	50.2015	12.9123
KLW	Klawock Airport	way/770515909	(unnamed)	0.33	55.5792	-133.0708
KLX	Kalamata Airport	way/117087200	(unnamed)	1.67	37.055	22.0342
KMC	King Khaled Military City Airport	way/477385558	(unnamed)	1.30	27.9114	45.5224
KME	Kamembe Airport	way/462530379	(unnamed)	0.33	-2.4593	28.9083
KMI	Miyazaki Airport	way/171972290	(unnamed)	0.84	31.8729	131.4417
KMJ	Kumamoto Airport	way/320611446	熊本空港国際線ターミナル	0.57	32.8355	130.8607
KMQ	Komatsu Airport / JASDF Komatsu Air Base	way/164419214	小松飛行場	1.11	36.4019	136.4135
KMW	Kostroma Sokerkino Airport	way/169999762	Кострома (Сокеркино)	1.25	57.8077	41.0134
KND	Kindu Airport	way/246149278	(unnamed)	0.83	-2.9262	25.9129
KNH	Kinmen Airport	relation/19805417	(unnamed)	1.17	24.4351	118.3674
KNO	Kualanamu International Airport	node/10996453041	Terminal Keberangkatan Bandara Kualanamu Medan	0.96	3.6352	98.8788
KNS	King Island Airport	way/1265176281	King Island Airport Terminal	0.38	-39.8795	143.8816
KNU	Kanpur Airport	way/1183977076	New Terminal	1.77	26.3999	80.4272
KNX	East Kimberley Regional (Kununurra) Airport	way/113067587	Kununurra Domestic Airport	0.81	-15.7838	128.7127
KOA	Ellison Onizuka Kona International Airport at Keāhole	way/459900719	(unnamed)	0.50	19.7371	-156.0412
KOC	Koumac Airport	way/74488910	(unnamed)	0.49	-20.5428	164.2584
KOE	El Tari Airport	way/125113778	(unnamed)	0.44	-10.1688	123.6681
KOI	Kirkwall Airport	way/118920691	Kirkwall Airport	0.48	58.9538	-2.9023
KOJ	Kagoshima Airport	way/291304968	鹿児島空港国内線ターミナル	0.36	31.8012	130.7162
KOK	Kokkola-Pietarsaari Airport	way/101334257	(unnamed)	0.50	63.7193	23.1338
KOP	Nakhon Phanom Airport	way/330914250	สนามบินนครพนม	0.60	17.389	104.6446
KOS	Sihanouk International Airport	way/295330436	(unnamed)	1.39	10.5801	103.6403
KOV	Kokshetau International Airport	way/125738661	Кокшетау	0.55	53.3335	69.5909
KOW	Ganzhou Huangjin Airport	way/722927107	T1航站楼	0.47	25.8491	114.7788
KPO	Pohang Airport (G-815/K-3)	way/320322477	포항경주공항	1.30	35.9841	129.434
KQH	Kishangarh Airport Ajmer	way/980962369	Kishangarh Airport	0.44	26.5894	74.817
KQT	Bokhtar International Airport	way/945666969	(unnamed)	0.76	37.8598	68.8619
KRC	Departi Parbo Airport	way/310412803	(unnamed)	0.94	-2.0912	101.4623
KRF	Kramfors-Sollefteå Höga Kusten Airport	way/325079866	(unnamed)	0.29	63.048	17.7634
KRK	Kraków John Paul II International Airport	way/444536543	Terminal T1	1.32	50.0725	19.8015
KRL	Korla Licheng Airport	way/309458301	(unnamed)	0.69	41.6212	86.141
KRN	Kiruna Airport	way/40023620	Terminal 1	0.40	67.8255	20.335
KRO	Kurgan Airport	way/101984981	Аэропорт Курган	1.41	55.4628	65.4114
KRP	Midtjyllands Airport / Air Base Karup	way/109429286	Midtjylland Karup Airport	1.79	56.3105	9.1206
KRR	Krasnodar Pashkovsky International Airport	way/591608901	(unnamed)	2.72	45.0332	39.1397
KRS	Kristiansand Airport	relation/12651858	Kristiansand lufthavn terminal	0.63	58.2029	8.0749
KRT	Khartoum International Airport	way/1217171619	VIP terminal	0.44	15.5915	32.5497
KRW	Turkmenbaşy International Airport	way/280568851	Turkmenbashy VIP Air Terminal	2.16	40.0455	52.9937
KRY	Karamay Airport	way/316055847	航站楼	0.36	45.4674	84.9571
KSC	Košice International Airport	way/167304711	Terminál 1	1.12	48.6729	21.2374
KSD	Karlstad Airport	way/31460177	(unnamed)	0.43	59.4438	13.3448
KSF	Kassel Airport	way/194736057	Terminal Flughafen Kassel	0.44	51.4165	9.3861
KSH	Shahid Ashrafi Esfahani Airport	way/431687902	(unnamed)	1.46	34.355	47.1467
KSJ	Kasos Airport	way/173197244	(unnamed)	0.39	35.4205	26.9142
KSN	Kostanay International Airport	way/118446568	Қостанай халықаралық әуежайы	1.55	53.2207	63.5534
KSO	Kastoria National Airport Aristotle	way/262714208	Κρατικός Αερολιμένας Καστοριάς (Αριστοτέλης)	0.85	40.4489	21.2728
KSQ	Karshi Airport	relation/3058358	(unnamed)	1.00	38.8112	65.7741
KSR	Selayar - Haji Aroeppala Airport	way/1235568766	(unnamed)	0.25	-6.1782	120.4395
KSY	Kars Airport	way/562557079	Kars Harakani Havalimanı	0.56	40.5659	43.1105
KSZ	Kotlas Airport	way/239861477	(unnamed)	0.38	61.2376	46.7035
KTA	Karratha Airport	way/238038914	(unnamed)	0.49	-20.7087	116.7702
KTI	Techo International Airport	way/1172638379	Arrival and Departure Terminal	1.09	11.3602	104.9313
KTM	Tribhuvan International Airport	way/327212841	Arrivals	0.30	27.6984	85.3568
KTN	Ketchikan International Airport	relation/18420051	(unnamed)	0.30	55.3568	-131.7097
KTT	Kittilä International Airport	way/167308657	Kittilän lentoasema	0.77	67.6956	24.8584
KTW	Katowice Wojciech Korfanty International Airport	way/142695145	Terminal A	0.74	50.4712	19.0734
KUA	Kuantan Airport	way/859394562	(unnamed)	0.89	3.7807	103.215
KUF	Kurumoch International Airport	way/321601065	Терминал-1	0.93	53.5123	50.1579
KUH	Kushiro Airport	way/156530382	釧路空港	0.53	43.0452	144.1962
KUK	Kasigluk Airport	way/1446412773	(unnamed)	0.45	60.8765	-162.5215
KUL	Kuala Lumpur International Airport	relation/4504617	KLIA Terminal 1 (Satellite Building)	0.49	2.748	101.7137
KUN	Kaunas International Airport	relation/7306771	Kauno tarptautinis oro uostas	0.84	54.967	24.0738
KUO	Kuopio Airport	way/152159381	Kuopion lentoasema	0.47	63.0088	27.7892
KUS	Kulusuk Airport	way/178015817	Kulusuk Airport	0.51	65.5746	-37.1344
KUT	David the Builder Kutaisi International Airport	relation/21274393	(unnamed)	1.77	42.1817	42.4647
KUV	Gunsan Airport / Gunsan Air Base	way/554007043	군산공항	2.48	35.9261	126.6154
KVA	Kavala Alexander the Great International Airport	way/214739241	(unnamed)	1.01	40.9219	24.623
KVC	King Cove Airport	way/1274772293	(unnamed)	0.57	55.1144	-162.2743
KVK	Kirovsk-Apatity Airport	way/39470454	Аэропорт Хибины	0.38	67.4597	33.5817
KVM	Markovo Airport	way/146581068	Markovo Airport	0.34	64.6685	170.4166
KVO	Morava Airport	way/886714321	Aerodrom „Morava”	1.20	43.8275	20.5811
KVX	Pobedilovo Airport	way/118814549	Победилово	0.72	58.4974	49.3466
KWA	Bucholz Army Air Field	way/1057873513	Inter-Island Terminal	1.23	8.728	167.7399
KWE	Guiyang Longdongbao International Airport	way/1066228433	1号航站楼	0.77	26.5442	106.7968
KWI	Kuwait International Airport	way/164164293	مبنى الشيخ سعد للطيران العام	1.48	29.226	47.985
KWJ	Gwangju Airport	way/343634905	광주공항	1.92	35.1399	126.8108
KWL	Guilin Liangjiang International Airport	way/334128971	一号航站楼	0.74	25.2182	110.0467
KWZ	Kolwezi Airport	way/1431540773	Nouvel aéroport de Kolwezi	0.31	-10.7631	25.5056
KXB	Sangia Nibandera Airport	way/1174817696	(unnamed)	0.50	-4.3419	121.5215
KXF	Koro Island Airport	way/241754671	(unnamed)	0.37	-17.3438	179.4192
KXK	Komsomolsk-on-Amur Airport	way/208969047	Аэропорт Комсомольск-на-Амуре	0.72	50.4033	136.9291
KYA	Konya Airport	way/526815736	Konya Havalimanı Eski Terminal	1.33	37.984	32.5757
KYP	Kyaukpyu Airport	way/489588790	Kyaukpyu Airport	0.34	19.4292	93.5362
KYS	Kayes Dag Dag Airport	way/286646651	(unnamed)	0.61	14.4789	-11.4036
KYZ	Kyzyl Airport	relation/10325652	(unnamed)	0.80	51.676	94.4051
KZI	Kozani National Airport Filippos	way/116696587	Κρατικός Αερολιμένας Κοζάνης «Φίλιππος»	0.36	40.2893	21.8407
KZN	Kazan International Airport	way/95226451	Терминал 2	1.04	55.6098	49.294
KZO	Korkyt Ata International Airport	way/249855022	(unnamed)	0.58	44.7121	65.5931
KZR	Zafer Airport	way/609695092	Zafer İç ve Dış Hatlar Terminali	0.67	39.1169	30.1325
LAD	Quatro de Fevereiro International Airport	way/365758294	Aeroporto Internacional 4 de Fevereiro	1.26	-8.8477	13.2351
LAE	Nadzab Tomodachi International Airport	way/1424081461	Nadzab Tomodachi International and Domestioc Terminal	0.50	-6.5655	146.7303
LAK	Aklavik/Freddie Carmichael Airport	way/323748706	(unnamed)	0.43	68.2263	-135.0124
LAL	Lakeland Linder International Airport	way/914888477	Sheltair FBO	0.64	27.9933	-82.0161
LAN	Capital Region International Airport	way/42415178	(unnamed)	0.41	42.7751	-84.5895
LAO	Laoag International Airport	way/310176871	Laoag Airport Terminal	0.83	18.182	120.5339
LAP	Manuel Márquez de León International Airport	way/32885556	(unnamed)	0.62	24.0761	-110.3672
LAQ	Al Abraq International Airport	way/610300080	(unnamed)	1.37	32.7958	21.9671
LAR	Laramie Regional Airport	way/398954064	(unnamed)	0.85	41.3191	-105.671
LAU	Manda Airport	relation/17320888	Manda	0.54	-2.2569	40.911
LAW	Lawton Fort Sill Regional Airport	way/364342908	(unnamed)	0.63	34.5729	-98.4139
LBA	Leeds Bradford Airport	way/56685987	Leeds Bradford International Main Terminal	0.39	53.8694	-1.6598
LBB	Lubbock Preston Smith International Airport	way/178114380	Lubbock Preston Smith International Airport	0.82	33.6563	-101.8216
LBC	Lübeck Blankensee Airport	way/81599347	(unnamed)	1.13	53.8052	10.702
LBD	Khujand International Airport	way/994004603	(unnamed)	0.52	40.2198	69.6967
LBE	Arnold Palmer Regional Airport	way/156846490	(unnamed)	0.33	40.273	-79.4058
LBF	North Platte Regional Airport Lee Bird Field	way/399496463	(unnamed)	1.40	41.1327	-100.6983
LBJ	Komodo Airport	way/343002417	Labuan Bajo	0.89	-8.4886	119.8872
LBL	Liberal Mid-America Regional Airport	way/406087451	(unnamed)	0.68	37.0446	-100.9523
LBR	Lábrea Airport	way/957740254	(unnamed)	0.46	-7.2824	-64.7718
LBU	Labuan Airport	way/28866735	Labuan Airport	0.79	5.2947	115.2496
LBV	Libreville Leon M'ba International Airport	way/150697170	(unnamed)	0.29	0.4571	9.4103
LBW	Yuvai Semaring Airport	way/1453504034	Terminal Bandara Long Bawan	0.38	3.9018	115.6933
LCA	Larnaca International Airport	way/319187904	(unnamed)	0.47	34.8793	33.6253
LCE	Golosón International Airport	way/226735895	Terminal Principal	0.36	15.7453	-86.8513
LCG	A Coruña Airport	way/14791044	Aeroporto da Coruña	0.32	43.3023	-8.3812
LCH	Lake Charles Regional Airport	way/421187988	Passenger Terminal	0.39	30.1235	-93.2205
LCJ	Łódź Władysław Reymont Airport	way/100610340	Terminal 3	0.59	51.7269	19.4011
LCK	Rickenbacker International Airport	way/169459465	Rickenbacker Passenger Terminal	0.81	39.8172	-82.9362
LCX	Liancheng Guanzhishan Airport	way/605372815	(unnamed)	1.09	25.682	116.7545
LCY	London City Airport	relation/4829763	(unnamed)	0.48	51.5037	0.0488
LDB	Governor José Richa Airport	way/456087256	Aeroporto de Londrina	1.09	-23.3287	-51.1371
LDE	Tarbes-Lourdes-Pyrénées Airport	node/5420075504	Accès	1.08	43.1857	0.0028
LDG	Leshukonskoye Airport	way/436602561	Аэропорт Лешуконское	0.82	64.8937	45.7395
LDH	Lord Howe Island Airport	way/85287881	Lord Howe Island Airport	0.37	-31.5407	159.0781
LDS	Yichun Lindu Airport	way/771398311	(unnamed)	0.45	47.7491	129.015
LDU	Lahad Datu Airport	way/256447290	Lahad Datu Airport Terminal	0.68	5.0291	118.3289
LDY	City of Derry Airport	way/210286172	City of Derry Airport	0.48	55.0398	-7.1558
LEA	Learmonth Airport	way/187114233	(unnamed)	0.66	-22.2398	114.0941
LEB	Lebanon Municipal Airport	way/198351326	(unnamed)	0.37	43.6249	-72.3085
LEC	Coronel Horácio de Mattos Airport	way/478511084	Aeroporto de Lençóis	0.56	-12.4866	-41.2743
LED	Pulkovo Airport	relation/4005223	(unnamed)	0.35	59.8006	30.2687
LEI	Almería Airport	way/37348427	(unnamed)	0.43	36.8474	-2.3721
LEJ	Leipzig/Halle Airport	way/27199599	Zentralterminal	0.70	51.4232	12.2234
LEN	León Airport	way/203982017	Aeropuerto León	0.60	42.5908	-5.6461
LER	Leinster Airport	way/545834157	Leinster Airport	0.51	-27.8388	120.704
LET	Alfredo Vásquez Cobo International Airport	way/837675574	Aeropuerto Internacional Alfredo Vásquez Cobo	0.70	-4.1974	-69.9415
LEU	Pirineus - la Seu d'Urgel Airport	way/176375140	Aeroport Andorra - La Seu	0.29	42.3377	1.4059
LEX	Blue Grass Airport	way/965488149	Concourse B	0.68	38.0365	-84.5992
LFM	Lamerd Airport	way/103593740	(unnamed)	0.75	27.3685	53.1948
LFQ	Linfen Yaodu Airport	way/646160675	(unnamed)	0.43	36.1307	111.6371
LFT	Lafayette Regional Airport	way/1108781938	(unnamed)	0.54	30.2088	-91.9915
LFW	Lomé–Tokoin International Airport	way/313002786	(unnamed)	0.44	6.1673	1.2509
LGB	Long Beach International Airport	way/341278842	South Concourse	0.42	33.8177	-118.1456
LGG	Liège Airport	way/28739372	AR.36 - Liege Airport Terminal 1	1.32	50.6433	5.4611
LGK	Langkawi International Airport	way/201931140	Lapangan Terbang Antarabangsa Langkawi	1.41	6.342	99.7318
LGW	London Gatwick Airport	relation/2300449	North Terminal	1.41	51.1596	-0.1753
LGZ	Shannan Longzi Airport	way/1131469103	航站楼	0.44	28.4259	92.346
LHE	Allama Iqbal International Airport	way/371636667	Lahore-Allama Iqbal international Airport (LHE)	0.68	31.5202	74.4106
LHG	Lightning Ridge Airport	way/373851586	(unnamed)	0.41	-29.4522	147.9813
LHW	Lanzhou Zhongchuan International Airport	way/180377568	Terminal 1	0.89	36.508	103.6157
LIH	Lihue Airport	way/675349133	Island Helicopters Kauai	1.22	21.9809	-159.3467
LIL	Lille Airport	way/180211732	(unnamed)	0.39	50.5693	3.0989
LIM	Jorge Chávez International Airport	relation/5812625	(Closed to passengers since June 2025)	0.66	-12.0238	-77.1086
LIN	Milano Linate Airport	relation/20187379	Milano-Linate	1.81	45.4613	9.2794
LIO	Limón International Airport	way/55455142	Terminal Internacional	0.66	9.9626	-83.0258
LIR	Daniel Oduber Quirós International Airport	way/98362267	Terminal de Pasajeros	1.25	10.6007	-85.5358
LIS	Lisbon Humberto Delgado Airport	relation/17651166	Terminal 1	1.10	38.7725	-9.1302
LIT	Bill & Hillary Clinton National Airport/Adams Field	way/1025989574	LIT Terminal	0.27	34.7292	-92.2206
LJG	Lijiang Sanyi International Airport	way/288440179	国际航站楼	0.59	26.6724	100.2468
LJU	Ljubljana Jože Pučnik Airport	way/1087498975	Brnik terminal B	0.81	46.2307	14.4546
LKB	Lakeba Island Airport	way/262067668	(unnamed)	0.58	-18.2035	-178.8139
LKI	Lasikin Airport	way/1266857572	(unnamed)	0.28	2.4092	96.3291
LKL	Lakselv Airport, Banak	way/128321070	(unnamed)	0.43	70.0662	24.9819
LKM	Bolaang Mongondow Airport	way/836767554	(unnamed)	0.32	0.8857	124.0332
LKO	Chaudhary Charan Singh International Airport	way/209278330	Terminal 1	0.65	26.7647	80.8846
LLA	Luleå Airport	way/48622673	Luleå Airport	0.58	65.549	22.123
LLB	Libo Airport	way/508428312	(unnamed)	0.67	25.4467	107.9634
LLF	Yongzhou Lingling Airport	way/689597129	(unnamed)	0.72	26.3447	111.6126
LLK	Lankaran International Airport	way/310268803	(unnamed)	2.27	38.7422	48.8238
LLO	Bua - Palopo Lagaligo Airport	way/818584233	(unnamed)	0.49	-3.0859	120.2423
LLV	Lüliang Dawu Airport	way/646168243	(unnamed)	0.43	37.6844	111.1381
LLW	Kamuzu International Airport	way/1233057263	(unnamed)	0.93	-13.781	33.781
LMC	La Macarena Airport	node/965614725	Aeropuerto	0.48	2.18	-73.787
LMM	Valle del Fuerte International Airport	way/326800131	(unnamed)	0.49	25.6897	-109.0827
LMN	Limbang Airport	way/262105894	Limbang Airport Terminal	0.28	4.8099	115.008
LMP	Lampedusa Airport	way/227106484	Nuovo Terminal	0.31	35.5006	12.619
LNB	Lamen Bay Airport	way/304928013	Lamen Bay Airport	0.52	-16.5878	168.1621
LNE	Lonorore Airport	way/332860083	Lonorore Airport (LNE)	0.47	-15.8614	168.1712
LNJ	Lincang Boshang Airport	way/564057998	(unnamed)	0.70	23.7444	100.025
LNK	Lincoln Airport	way/70406679	(unnamed)	0.62	40.8472	-96.7551
LNL	Longnan Chengzhou Airport	way/639313851	(unnamed)	0.73	33.7873	105.7973
LNS	Lancaster Airport	way/33383870	Lancaster Airport	0.42	40.1188	-76.2993
LNY	Lanai Airport	way/148002356	(unnamed)	0.58	20.7907	-156.9498
LNZ	Linz-Hörsching Airport	relation/5132247	(unnamed)	0.57	48.2395	14.1926
LOO	Laghouat - Molay Ahmed Medeghri Airport	way/43839199	Aérport de Laghouat Ahmed Madeghri	1.30	33.7609	2.9418
LOP	Lombok International Airport	relation/13941334	Bandar Udara Internasional Lombok	0.52	-8.7619	116.2739
LPA	Gran Canaria Airport	way/426459638	Gran Canaria - Terminal	0.76	27.9384	-15.389
LPB	El Alto International Airport	way/772046231	(unnamed)	1.21	-16.509	-68.1781
LPF	Liupanshui Yuezhao Airport	way/657723706	(unnamed)	0.96	26.6064	104.97
LPI	Linköping City Airport	way/75935217	(unnamed)	1.59	58.4076	15.6577
LPL	Liverpool John Lennon Airport	relation/16652152	Liverpool John Lennon Airport	0.38	53.3367	-2.8545
LPP	Lappeenranta Airport	way/90143788	(unnamed)	0.62	61.044	28.1562
LPQ	Luang Phabang International Airport	way/321465556	Luang Prabang Airport	0.33	19.9014	102.1681
LPT	Lampang Airport	way/1459346803	(unnamed)	0.78	18.2777	99.5059
LPY	Le Puy-Loudes Airfield	way/292752720	(unnamed)	0.60	45.0753	3.7631
LRD	Laredo International Airport	way/31779369	Laredo International Airport	0.58	27.5437	-99.4557
LRE	Longreach Airport	way/998728730	Longreach Airport Terminal	0.72	-23.4377	144.2742
LRH	La Rochelle Île de Ré Airport	way/119814658	(unnamed)	0.36	46.176	-1.1946
LRM	Casa De Campo International Airport	way/466082497	(unnamed)	0.42	18.4485	-68.912
LRR	Lar Airport	way/472092984	(unnamed)	0.52	27.67	54.3828
LRS	Leros Airport	way/353058431	Λέρος	0.33	37.1829	26.803
LRU	Las Cruces International Airport	way/44048617	Las Cruces Terminal	0.72	32.2831	-106.9204
LSA	Losuia Airport	way/834728671	(unnamed)	0.53	-8.5085	151.085
LSC	La Florida Airport	way/163628881	Aeropuerto La Florida	0.43	-29.9171	-71.2038
LSE	La Crosse Regional Airport	way/152539854	(unnamed)	0.68	43.8753	-91.2635
LSG	Leshan Airport	relation/20052735	(unnamed)	1.06	29.4428	103.7394
LSH	Lashio Airport	way/1237301883	(unnamed)	0.56	22.973	97.7534
LSI	Sumburgh Airport	way/71318684	(unnamed)	0.40	59.8775	-1.289
LSP	Josefa Camejo International Airport	way/282069606	Terminal Aérea Aeropuerto Internacional Josefa Camejo	0.43	11.7774	-70.1496
LST	Launceston Airport	way/193612716	Launceston Airport	0.46	-41.543	147.2059
LSW	Malikus Saleh Airport	way/299673789	Terminal Building	0.26	5.2288	96.9493
LSY	Lismore Airport	way/188171880	Lismore Regional Airport	0.81	-28.8366	153.2633
LTD	Ghadames Airport	way/509045203	(unnamed)	0.76	30.1523	9.7025
LTI	Altai Airport	way/309920606	(unnamed)	0.44	46.3803	96.2223
LTK	Latakia International Airport	way/947594856	Civil Terminal	0.79	35.4072	35.9442
LTN	London Luton Airport	way/911292908	(unnamed)	0.76	51.8801	-0.3752
LTO	Loreto International Airport	way/866274641	(unnamed)	0.56	25.9926	-111.3529
LTU	Murod Kond Airport	way/975139559	Latur Airport Terminal	0.26	18.4097	76.4662
LTX	Cotopaxi International Airport	way/448737931	Aeropuerto Internacional Cotopaxi	1.42	-0.9192	-78.619
LUG	Lugano Airport	way/465721348	(unnamed)	0.40	46.0019	8.9068
LUK	Cincinnati Municipal Airport Lunken Field	way/1452653048	Signature Cincinnati Aviation	0.83	39.1054	-84.4277
LUM	Dehong Mangshi International Airport	way/971299796	德宏芒市国际机场-百思特商务贵宾厅	0.45	24.405	98.5305
LUN	Kenneth Kaunda International Airport	way/516056779	International Terminal	0.69	-15.3257	28.4491
LUQ	Brigadier Mayor D Cesar Raul Ojeda Airport	way/185468438	(unnamed)	0.55	-33.275	-66.3509
LUV	Karel Sadsuitubun Airport	way/592521158	Bandara Karel Sadsuitubun Langgur	0.43	-5.7565	132.7601
LUX	Luxembourg-Findel International Airport	way/35779736	Terminal B	0.63	49.6324	6.2138
LUZ	Lublin Airport	way/688476769	Terminal (extension)	0.51	51.2359	22.7161
LVI	Harry Mwanga Nkumbula International Airport	way/397343370	LIV	0.39	-17.825	25.8193
LVO	Laverton Airport	way/694268251	Laverton Airport	0.60	-28.6147	122.4225
LWB	Greenbrier Valley Airport	way/452420459	(unnamed)	0.32	37.8573	-80.404
LWK	Lerwick / Tingwall Airport	way/114523333	(unnamed)	0.45	60.1884	-1.2464
LWN	Shirak International Airport	way/86340193	Shirak Airport	0.43	40.7513	43.8543
LWS	Lewiston Nez Perce County Airport	way/49076483	(unnamed)	0.41	46.3772	-117.0113
LWY	Lawas Airport	way/524419629	Terminal Lapangan Terbang Lawas	0.32	4.8466	115.4067
LXA	Lhasa Gonggar International Airport	way/162186165	T2航站楼	1.29	29.2936	90.8996
LXG	Luang Namtha Airport	way/465001730	(unnamed)	1.41	20.9543	101.4007
LXR	Luxor International Airport	way/149911031	(unnamed)	0.68	25.6742	32.7006
LXS	Limnos Airport	way/102419321	Airport Hephaestus	0.77	39.9237	25.2337
LYA	Luoyang Beijiao Airport	way/182072889	(unnamed)	0.51	34.7367	112.3865
LYC	Lycksele Airport	way/277915316	(unnamed)	0.49	64.5504	18.7073
LYG	Lianyungang Huaguoshan International Airport	way/952687567	(unnamed)	0.61	34.4108	119.1843
LYH	Lynchburg Regional Airport - Preston Glenn Field	way/40836266	Lynchburg Regional Airport	0.71	37.3304	-79.1939
LYI	Linyi Qiyang Airport	way/1170445869	T2	0.52	35.0526	118.4061
LYP	Faisalabad International Airport	way/73077232	Faisalabad International	0.74	31.3628	72.9879
LYR	Svalbard Airport, Longyear	way/358229676	(unnamed)	0.58	78.2468	15.4909
LYS	Lyon Saint-Exupéry Airport	way/365534615	Terminal 2	0.81	45.7225	5.081
LZG	Langzhong Gucheng Airport	way/1376948636	(unnamed)	1.17	31.5088	106.0437
LZH	Liuzhou Bailian Airport / Bailian Air Base	way/651541195	1号航站楼	0.79	24.2053	109.3984
LZN	Matsu Nangan Airport	way/235258831	機場大廳	0.36	26.1577	119.9555
LZO	Luzhou Yunlong Airport	way/729799613	(unnamed)	0.95	29.0236	105.4625
LZY	Nyingchi Mainling Airport	way/1020772783	(unnamed)	0.54	29.3081	94.3349
MAA	Chennai International Airport	way/158081445	Terminal 1 (Domestic)	0.75	12.9838	80.1666
MAB	João Correa da Rocha Airport	way/201293377	Aeroporto de Marabá	0.37	-5.3717	-49.1369
MAD	Adolfo Suárez Madrid–Barajas Airport	way/27836635	Terminal 4S	0.44	40.4945	-3.5672
MAF	Midland International Air and Space Port	way/413461498	Midland International Air and Space Port	0.81	31.9371	-102.2077
MAG	Madang Airport	node/3567194328	Madang Airport	0.32	-5.2099	145.7893
MAH	Menorca Airport	way/600990013	Terminal de l'Aeroport Menorca	0.62	39.8649	4.2253
MAK	Malakal International Airport	way/256442930	(unnamed)	0.40	9.5552	31.6525
MAM	General Servando Canales International Airport	way/396334502	(unnamed)	0.57	25.7708	-97.5309
MAN	Manchester Airport	way/137727224	Gates 1-15	1.22	53.3599	-2.2745
MAO	Eduardo Gomes International Airport	way/18906435	Terminal de passageiros 1	0.85	-3.0318	-60.0463
MAQ	Mae Sot Airport	way/103380911	Old Terminal	0.28	16.702	98.5437
MAR	La Chinita International Airport	way/356682494	(unnamed)	0.59	10.5557	-71.7242
MAS	Momote Airport	way/1217562664	(unnamed)	0.25	-2.0635	147.4224
MBA	Moi International Airport	way/88207728	Terminal 1 & 2	1.04	-4.0316	39.603
MBD	Mmabatho International Airport	way/91435728	(unnamed)	1.00	-25.8037	25.5399
MBE	Monbetsu Airport	way/359347182	オホーツク紋別空港	0.37	44.3065	143.4069
MBI	Songwe Airport	way/247491962	TAA Terminal	0.30	-8.9226	33.2741
MBJ	Sangster International Airport	way/161961565	Sir Donald Sangster International Airport	0.63	18.4985	-77.9162
MBL	Manistee County Blacker Airport	way/326283956	Manistee Airport Terminal	0.83	44.2754	-86.2562
MBS	MBS International Airport	way/328707895	MBS International Airport	0.57	43.5383	-84.0821
MBT	Moises R. Espinosa Airport	way/208003852	Masbate Airport	0.46	12.3669	123.6269
MBX	Maribor Edvard Rusjan Airport	way/105679165	Letališče Edvarda Rusjana Maribor	0.37	46.478	15.6822
MCE	Merced Regional Macready Field	way/202619299	Terminal	0.45	37.2885	-120.5156
MCI	Kansas City International Airport	way/1148573810	(unnamed)	0.70	39.2985	-94.7209
MCK	McCook Ben Nelson Regional Airport	relation/6187996	(unnamed)	0.32	40.2078	-100.5966
MCN	Middle Georgia Regional Airport	way/697414100	Middle Georgia Regional Airport	0.97	32.7015	-83.6502
MCP	Macapá - Alberto Alcolumbre International Airport	way/164059431	Aeroporto Internacional de Macapá	0.56	0.05	-51.0672
MCV	McArthur River Mine Airport	way/1342777682	MRM Airport Terminal	0.81	-16.4431	136.0764
MCW	Mason City Municipal Airport	way/181301370	(unnamed)	0.91	43.1531	-93.3362
MCX	Makhachkala Uytash International Airport	way/630741852	Терминал B	0.50	42.8201	47.6565
MCY	Sunshine Coast Airport	way/18794130	Sunshine Coast Airport	1.44	-26.6053	153.0887
MCZ	Zumbi dos Palmares International Airport	way/263440513	Terminal de Passageiros 1	0.27	-9.5149	-35.7925
MDC	Sam Ratulangi International Airport	way/28888377	Sam Ratulangi International Airport	0.69	1.5436	124.9226
MDE	Jose Maria Córdova International Airport	way/35836493	(unnamed)	0.95	6.1713	-75.4284
MDG	Mudanjiang Hailang International Airport	way/199351724	(unnamed)	1.50	44.5352	129.5813
MDI	Makurdi Airport	way/488745530	(unnamed)	0.49	7.6995	8.6147
MDK	Mbandaka Airport	way/600703368	(unnamed)	0.35	0.0211	18.2915
MDL	Mandalay International Airport	way/148081819	(unnamed)	0.86	21.7056	95.9704
MDQ	Ástor Piazzola International Airport	way/40639646	MDQ	0.72	-37.9333	-57.5814
MDT	Harrisburg International Airport	relation/5235009	Harrisburg International Airport Terminal Building	0.66	40.1958	-76.7556
MDU	Mendi Airport	way/856604294	MAF Terminal	0.37	-6.1446	143.6581
MDW	Chicago Midway International Airport	relation/19983548	Atlantic Aviation	0.59	41.7807	-87.7531
MDZ	Governor Francisco Gabrielli International Airport	way/95171148	(unnamed)	0.68	-32.8278	-68.7985
MEB	Melbourne Essendon Airport	way/17338454	Essendon Passenger Terminal	0.36	-37.7275	144.898
MEC	Eloy Alfaro International Airport	way/219062422	(unnamed)	0.98	-0.9532	-80.684
MED	Prince Mohammad Bin Abdulaziz Airport	way/66289158	Royal Terminal	0.89	24.5505	39.6969
MEG	Malanje Airport	way/996777215	(unnamed)	0.75	-9.526	16.3192
MEI	Key Field / Meridian Regional Airport	way/454995434	Meridian Regional Airport Terminal	0.65	32.3336	-88.7451
MEL	Melbourne Airport	way/1249013157	(unnamed)	0.65	-37.6682	144.8445
MEM	Frederick W. Smith International Airport	way/97874885	Terminal C	0.35	35.0445	-89.9801
MEQ	Cut Nyak Dhien Airport	way/321536116	(unnamed)	0.76	4.0473	96.2506
MEX	Mexico City Benito Juárez International Airport	way/25401387	Terminal 1	1.26	19.4353	-99.0823
MFA	Mafia Airport	way/478050277	(unnamed)	0.79	-7.9119	39.664
MFE	McAllen Miller International Airport	way/785271659	(unnamed)	0.53	26.1805	-98.24
MFG	Muzaffarabad Airport	way/231913542	(unnamed)	0.49	34.3424	73.5057
MFK	Matsu Beigan Airport	way/225425414	北竿航空站	0.33	26.2237	119.9994
MFM	Macau International Airport	way/138258237	澳門國際機場客運大樓 Edifício do Terminal de Passageiros do Aeroporto Internacional de Macau	2.05	22.1575	113.574
MFR	Rogue Valley International-Medford Airport	way/660852370	Rogue Valley Airport Terminal	0.65	42.3684	-122.874
MFU	Mfuwe International Airport	way/337583057	Mfuwe Airport	0.60	-13.2552	31.9326
MGA	Augusto C. Sandino (Managua) International Airport	way/297201940	Aeropuerto Internacional Augusto César Sandino - Terminal de Pasajeros	0.47	12.1445	-86.1713
MGF	Regional de Maringá - Sílvio Name Júnior Airport	way/146702384	Terminal de Passageiros Aeroporto	0.57	-23.4796	-52.0121
MGH	Margate Airport	way/424906497	(unnamed)	0.30	-30.8601	30.3434
MGM	Montgomery Regional (Dannelly Field) Airport	way/129383292	Montgomery Regional Airport Terminal	0.55	32.3046	-86.3905
MGQ	Aden Adde International Airport	way/1188951402	(unnamed)	0.34	2.017	45.303
MGZ	Myeik Airport	way/964019294	(unnamed)	0.92	12.4477	98.6191
MHC	Mocopulli Airport	way/181035994	Aeródromo Mocopulli - Dalcahue (SCPQ)	1.01	-42.3485	-73.7213
MHD	Mashhad International Airport	way/23993269	ترمینال پروازهای داخلی	0.80	36.2277	59.6421
MHG	Mannheim-City Airport	way/163989792	City Airport Mannheim	0.63	49.4764	8.5212
MHH	Leonard M. Thompson International Airport	way/410367720	Marsh Harbour Airport	0.68	26.5135	-77.0782
MHK	Manhattan Regional Airport	way/77690033	(unnamed)	0.45	39.137	-96.67
MHQ	Mariehamn Airport	way/150520413	Mariehamn Airport	0.60	60.1248	19.9076
MHT	Manchester-Boston Regional Airport	way/27618255	Terminal Building	0.60	42.9276	-71.4385
MHU	Mount Hotham Airport	way/175820473	(unnamed)	0.61	-37.0517	147.3384
MIA	Miami International Airport	relation/5982860	Concourse E - Satellite	0.60	25.7952	-80.2838
MID	Manuel Crescencio Rejón International Airport	way/26374300	Aeropuerto Internacional de Mérida "Lic. Manuel Crescencio Rejón"	1.87	20.9342	-89.663
MIG	Mianyang Nanjiao Airport	way/1125199167	2号航站楼	0.48	31.429	104.7459
MII	Frank Miloye Milenkowichi–Marília State Airport	way/260513810	(unnamed)	0.33	-22.197	-49.9297
MIR	Monastir Habib Bourguiba International Airport	way/26567811	(unnamed)	0.33	35.7607	10.7529
MIS	Misima Island Airport	way/834730987	Misima Airport Terminal	0.29	-10.6899	152.8354
MIU	Maiduguri International Airport	way/299298415	(unnamed)	0.50	11.8534	13.0852
MJI	Mitiga International Airport	way/40652700	(unnamed)	0.35	32.8949	13.2884
MJK	Shark Bay Airport	way/1257302812	(unnamed)	0.93	-25.889	113.5772
MJM	Mbuji Mayi Airport	way/227666041	(unnamed)	0.53	-6.1249	23.5721
MJN	Amborovy Airport	way/205704597	(unnamed)	0.38	-15.6695	46.349
MJT	Mytilene International Airport	way/834290540	Mytilene Airport Terminal	0.57	39.0625	26.5983
MJY	Motygino Airport	way/1265066018	(unnamed)	0.38	58.1819	94.7391
MJZ	Mirny Airport	way/303961497	Аэропорт Мирный	0.94	62.5315	114.0221
MKE	General Mitchell International Airport	way/543449389	Concourse D	0.29	42.9478	-87.9001
MKG	Muskegon County Airport	way/125392301	(unnamed)	0.54	43.1646	-86.238
MKK	Molokai Airport	way/496995913	(unnamed)	0.42	21.1556	-157.0931
MKL	McKellar-Sipes Regional Airport	way/192658485	MecKellar-Sipes Terminal	0.60	35.6025	-88.9214
MKM	Mukah Airport	way/955485770	Mukah Airport Terminal	0.70	2.8882	112.0437
MKQ	Mopah International Airport	way/683816346	(unnamed)	0.72	-8.5193	140.4151
MKW	Rendani Airport	way/174264739	(unnamed)	0.27	-0.8937	134.0505
MKZ	Malacca International Airport	way/506615279	(unnamed)	1.14	2.2556	102.2506
MLA	Malta International Airport	way/24322541	Malta International Airport	0.49	35.8491	14.4953
MLB	Melbourne Orlando International Airport	relation/18132437	(unnamed)	1.06	28.0982	-80.6312
MLE	Velana International Airport	way/678069015	Domestic Terminal	0.26	4.1903	73.5273
MLG	Abdul Rachman Saleh Airport	way/315867804	Terminal Keberangkatan	0.94	-7.9372	112.7117
MLI	Quad City International Airport	way/1510439363	Concourse A	0.47	41.4526	-90.5063
MLM	General Francisco J. Mujica International Airport	way/183523881	(unnamed)	0.72	19.8438	-101.0273
MLN	Melilla Airport	way/220529743	Terminal Aeropuerto	0.31	35.2772	-2.9574
MLO	Milos Airport	way/236299350	(unnamed)	0.64	36.6979	24.4698
MLU	Monroe Regional Airport	way/312867753	(unnamed)	0.50	32.5105	-92.043
MLW	Spriggs Payne Airport	node/1546509420	James Spriggs Payne	0.46	6.2866	-10.7621
MLX	Malatya Erhaç Airport	way/1528171757	Military Terminal	1.10	38.4391	38.1026
MMB	Memanbetsu Airport	way/319408621	女満別空港ターミナルビル	0.42	43.8814	144.1589
MME	Teesside International Airport	way/42411386	Teesside International Airport	0.39	54.5118	-1.4335
MMJ	Shinshu-Matsumoto Airport	way/1370926580	松本空港入国審査用施設	0.34	36.1651	137.9261
MMK	Emperor Nicholas II Murmansk Airport	way/1443414910	Аэропорт Мурманск	0.52	68.7859	32.7564
MMO	Maio Airport	way/172092807	Maio	0.28	15.158	-23.2151
MMX	Malmö Sturup Airport	way/148118962	Malmö Airport - Huvudterminal	0.79	55.5403	13.3669
MMY	Miyako Airport	way/196830634	(unnamed)	0.46	24.7793	125.2975
MNC	Nacala International Airport	relation/7476638	Nacala International Terminal	0.87	-14.4934	40.7062
MNL	Ninoy Aquino International Airport	way/303149554	NAIA Centennial Terminal 2	0.72	14.5096	121.0134
MNU	Mawlamyine Airport	way/526609921	မော်လမြိုင် လေဆိပ်	0.46	16.442	97.6574
MOB	Mobile Regional Airport	way/375096139	(unnamed)	1.05	30.6819	-88.2445
MOF	Frans Xavier Seda Airport	way/927497341	(unnamed)	0.29	-8.637	122.2376
MOH	Maleo Airport	way/601007668	(unnamed)	0.34	-2.2032	121.6652
MOQ	Morondava Airport	way/170273047	Aeroport Andre Resampa	0.28	-20.2871	44.3169
MOT	Minot International Airport	way/661679823	(unnamed)	0.73	48.2555	-101.2883
MOV	Moranbah Airport	way/267594590	(unnamed)	0.37	-22.0597	148.074
MPA	Katima Mulilo Airport	way/251883808	Katima Mulilo	0.36	-17.6311	24.1772
MPL	Montpellier-Méditerranée Airport	way/112733909	(unnamed)	0.31	43.5782	3.9604
MPM	Maputo Airport	way/806040575	(unnamed)	0.34	-25.9234	32.5744
MPY	Maripasoula Airport	way/128400429	Aérogare de Maripasoula	0.33	3.6562	-54.0365
MQC	Miquelon Airport	way/40204845	(unnamed)	0.33	47.0973	-56.3838
MQF	Magnitogorsk International Airport	way/33213094	Магнитогорск	0.43	53.391	58.7615
MQJ	Moma Airport	way/196293540	(unnamed)	0.44	66.4519	143.252
MQM	Mardin Airport	way/404691199	Mardin Prof. Dr. Aziz Sancar Havalimanı Terminali	1.33	37.2345	40.637
MQP	Kruger Mpumalanga International Airport	way/41424065	(unnamed)	0.69	-25.3851	31.0987
MQT	Marquette Sawyer Regional Airport	way/341480559	Marquette Sawyer Regional Airport Passenger Terminal	0.67	46.3497	-87.3875
MQX	Mekele Alula Aba Nega Airport	way/264222005	Alula Aba Nega Airport	0.72	13.4732	39.5305
MRA	Misrata International Airport	way/682966613	(unnamed)	2.61	32.3433	15.0436
MRI	Merrill Field	way/28578992	(unnamed)	4.00	61.2476	-149.8253
MRS	Marseille Provence Airport	way/507680926	Terminal 2	0.70	43.4428	5.2182
MRU	Sir Seewoosagur Ramgoolam International Airport	way/1330692196	(unnamed)	0.62	-20.432	57.678
MRV	Mineralnye Vody Airport	way/1010639010	Терминал прилета	0.80	44.2185	43.0859
MRX	Mahshahr Airport	way/222809886	فرودگاه ماهشهر	0.73	30.5497	49.1531
MRY	Monterey Regional Airport	way/150871199	Monterey Airport Terminal	0.55	36.5872	-121.8503
MRZ	Moree Airport	way/366483512	(unnamed)	0.56	-29.4964	149.85
MSJ	Misawa Airport / Misawa Air Base	way/197358525	三沢空港	1.82	40.6965	141.3877
MSL	Northwest Alabama Regional Airport	way/224909069	(unnamed)	0.56	34.7455	-87.6191
MSN	Dane County Regional Truax Field	way/106166072	(unnamed)	0.82	43.1357	-89.3458
MSO	Missoula Montana Airport	way/844412452	(unnamed)	0.61	46.919	-114.0846
MSP	Minneapolis–Saint Paul International Airport / Wold–Chamberlain Field	way/35010801	Signature Flight Support	0.48	44.8769	-93.2176
MSQ	Minsk National Airport	way/314452410	(unnamed)	0.39	53.8911	28.0369
MSR	Muş Airport	way/189462978	Muş Sultan Alparslan Havalimanı İç-Dış Hatlar Yolcu Terminali	1.87	38.7602	41.6467
MSS	Massena International Airport Richards Field	way/1040595942	Massena International Airport Terminal	0.34	44.9334	-74.8423
MST	Maastricht Aachen Airport	way/278303336	(unnamed)	0.49	50.9155	5.7694
MSU	Moshoeshoe I International Airport	way/7805913	(unnamed)	0.46	-29.4554	27.5591
MSY	Louis Armstrong New Orleans International Airport	way/706272508	Concourse B	0.76	29.9943	-90.2569
MSZ	Welwitschia Mirabilis International Airport	way/650547965	Aeroporto Internacional Welwitschia Mirabilis	0.57	-15.2575	12.1505
MTJ	Montrose Regional Airport	way/257579088	Montrose Regional Airport Passenger Terminal	1.13	38.5006	-107.8994
MTT	Minatitlán/Coatzacoalcos International Airport	way/115392969	(unnamed)	0.39	18.1024	-94.5772
MTY	Monterrey International Airport	way/1331452942	(unnamed)	0.55	25.7757	-100.1115
MUB	Maun International Airport	way/109910137	Maun Airport Terminal	0.67	-19.9756	23.428
MUE	Waimea Kohala Airport	way/143003757	(unnamed)	0.67	19.9986	-155.6737
MUH	Mersa Matruh International Airport	way/608559457	(unnamed)	1.66	31.3384	27.2165
MUN	José Tadeo Monagas International Airport	way/208257270	Terminal Aérea	0.35	9.7493	-63.1565
MUR	Marudi Airport	way/913050333	marudi airport	0.41	4.1791	114.3266
MUX	Multan International Airport	relation/16008077	نیا ٹرمینل	0.92	30.196	71.4239
MUZ	Musoma Airport	way/451185956	(unnamed)	0.66	-1.4971	33.8028
MVB	M'Vengue El Hadj Omar Bongo Ondimba International Airport	way/786058232	(unnamed)	0.80	-1.6539	13.4312
MVD	Carrasco General Cesáreo L. Berisso International Airport	way/128033218	Carrasco Terminal de Pasajeros	0.93	-34.837	-56.0164
MVF	Dix-Sept Rosado Airport	way/1383279876	(unnamed)	0.78	-5.1949	-37.3637
MVP	Fabio Alberto Leon Bentley Airport	way/562508773	Alberto Leon Bentley	0.40	1.2568	-70.2321
MVQ	Mogilev Airport	way/339154820	Магілёў	0.43	53.9584	30.0979
MVR	Salak Airport	way/190652655	Maroua	0.72	10.4576	14.2556
MVY	Martha's Vineyard Airport	way/117296199	(unnamed)	0.44	41.3895	-70.6121
MWA	Veterans Airport of Southern Illinois	way/1157080457	(unnamed)	0.66	37.7472	-89.0111
MWQ	Magway Airport	way/980835757	(unnamed)	3.39	20.158	94.9729
MWX	Muan International Airport	way/531627051	무안국제공항	0.50	34.9936	126.3876
MWZ	Mwanza International Airport	node/11579864507	Airport apron	1.33	-2.4433	32.9245
MXL	General Rodolfo Sánchez Taboada International Airport	way/193797819	Terminal	0.53	32.6286	-115.2479
MXP	Milan Malpensa International Airport	way/301069563	Terminal 1	1.12	45.6277	8.7143
MXV	Mörön Airport	way/363466336	(unnamed)	0.43	49.6625	100.0944
MXX	Mora Airport	way/463416945	(unnamed)	0.37	60.9585	14.5046
MXZ	Meizhou Meixian Changgangji International Airport	way/422917810	(unnamed)	0.77	24.2666	116.1046
MYA	Moruya Airport	way/430729379	(unnamed)	0.58	-35.9025	150.1469
MYD	Malindi International Airport	way/1327858030	(unnamed)	0.27	-3.2311	40.1
MYJ	Matsuyama Airport	way/1138013018	(unnamed)	0.38	33.8294	132.7029
MYP	Mary International Airport	way/430719735	(unnamed)	1.78	37.6082	61.9015
MYQ	Mysore Airport	way/462534885	(unnamed)	0.53	12.2279	76.6582
MYR	Myrtle Beach International Airport	way/308490784	Myrtle Beach International Airport	0.50	33.6815	-78.9234
MYT	Myitkyina Airport	way/373560404	(unnamed)	0.34	25.3816	97.3545
MYU	Mekoryuk Airport	way/727177916	(unnamed)	0.59	60.3759	-166.2617
MYW	Mtwara Airport	way/429599497	(unnamed)	0.29	-10.3341	40.1835
MYY	Miri Airport	way/1309820701	Miri Airport Terminal 1	0.47	4.3247	113.9837
MZG	Penghu Magong Airport	way/419325625	澎湖航空站	0.90	23.5607	119.6296
MZH	Amasya Merzifon Airport	way/1044133943	Merzifon Havalimanı İç-Dış Hatlar Terminali	1.56	40.8279	35.5036
MZI	Mopti Airport	way/498435154	(unnamed)	0.74	14.5103	-4.0859
MZL	La Nubia Airport	way/45566808	(unnamed)	0.49	5.029	-75.4691
MZO	Sierra Maestra International Airport	way/238898105	Terminal	1.18	20.2823	-77.0966
MZQ	Mkuze Airport	way/1268309750	(unnamed)	0.77	-27.6194	32.0425
MZR	Mazar-i-Sharif International Airport	way/154385420	د مزار شریف هوايي ډګر	0.56	36.709	67.2087
MZT	General Rafael Buelna International Airport	way/154073324	(unnamed)	0.72	23.1666	-106.2702
MZV	Mulu Airport	way/267919740	(unnamed)	0.66	4.0492	114.8109
MZW	Mecheria Airport	way/1546086673	(unnamed)	1.09	33.5445	-0.2366
NAG	Dr. Babasaheb Ambedkar International Airport	way/1195628513	Dr. Babasaheb Ambedkar International Airport	0.79	21.0909	79.0547
NAJ	Nakhchivan International Airport	way/122763185	VIP	0.86	39.1904	45.4486
NAL	Nalchik Airport	relation/9682332	Нальчик	0.51	43.5084	43.6356
NAM	Namniwel Airport	way/593158392	(unnamed)	0.41	-3.1466	126.9779
NAN	Nadi International Airport	way/437527122	Domestic	0.85	-17.7572	177.4442
NAO	Nanchong Gaoping Airport	way/181167077	(unnamed)	0.86	30.7907	106.1617
NAP	Naples International Airport	node/387522841	Partenze - Departures	1.12	40.878	14.2828
NAQ	Qaanaaq Airport	way/883707675	(unnamed)	0.49	77.4854	-69.3746
NAS	Lynden Pindling International Airport	way/438686438	(unnamed)	0.87	25.0454	-77.4613
NAT	Rio Grande do Norte/São Gonçalo do Amarante–Governador Aluízio Alves International Airport	way/286132000	(unnamed)	0.83	-5.7642	-35.3715
NAV	Nevşehir Kapadokya Airport	way/149845170	İç ve Dış Hat Gelen Yolcu Terminali	0.85	38.7718	34.5247
NAW	Narathiwat Airport	way/173575429	สนามบินนราธิวาส	0.74	6.5231	101.7489
NBC	Begishevo Airport	way/1251109338	Терминал B	0.50	55.5637	52.1003
NBE	Enfidha - Hammamet International Airport	way/372403757	(unnamed)	0.62	36.0814	10.4387
NBO	Jomo Kenyatta International Airport	way/1541438711	Terminal 1C	1.22	-1.3294	36.9251
NBS	Changbaishan Airport	way/183942898	(unnamed)	0.56	42.0636	127.6073
NCE	Nice-Côte d'Azur Airport	way/971200221	(unnamed)	0.74	43.6596	7.2068
NCL	Newcastle International Airport	way/157332860	Samson Aviation	0.88	55.0323	-1.6993
NCU	Nukus International Airport	way/886070842	(unnamed)	0.88	42.4818	59.6174
NCY	Annecy Meythet airport	way/862072990	Aéroport Annecy Haute-Savoie Mont Blanc	0.66	45.9311	6.1067
NDB	Nouadhibou International Airport	way/773676123	(unnamed)	0.48	20.9298	-17.0339
NDC	Nanded Airport	way/496501749	(unnamed)	1.93	19.1834	77.3351
NDG	Qiqihar Sanjiazi Airport	way/1472534533	(unnamed)	2.29	47.2502	123.9195
NDJ	N'Djamena International Airport	way/1217171937	(unnamed)	0.65	12.1281	15.0322
NDR	Nador Al Aaroui International Airport	way/94877458	(unnamed)	0.49	34.9932	-3.0289
NDU	Rundu Airport	way/232264312	Passenger Terminal	0.87	-17.9564	19.7276
NDY	Sanday Airport	way/275608335	(unnamed)	0.26	59.2525	-2.5749
NEC	Necochea Airport	way/953228853	(unnamed)	0.57	-38.4872	-58.8116
NEV	Vance W. Amory International Airport	way/24636857	(unnamed)	0.29	17.2045	-62.5923
NGB	Ningbo Lishe International Airport	way/705380042	T2航站楼	0.63	29.823	121.457
NGE	N'Gaoundéré Airport	way/312635993	(unnamed)	0.49	7.3586	13.5633
NGK	Nogliki Airport	way/303600349	(unnamed)	0.50	51.7884	143.1409
NGO	Chubu Centrair International Airport	way/108605111	中部国際空港第一ターミナルビル	0.73	34.8589	136.813
NGQ	Ngari Gunsa Airport	way/154378624	(unnamed)	0.76	32.1046	80.056
NGS	Nagasaki Airport	way/553063057	長崎空港ターミナル	0.84	32.9141	129.9224
NHV	Nuku Hiva Airport	way/236189350	(unnamed)	0.75	-8.795	-140.2222
NIM	Diori Hamani International Airport	way/871876319	(unnamed)	0.70	13.4773	2.1788
NIU	Naiu Airport	way/395357650	(unnamed)	0.56	-16.1222	-146.3731
NJC	Nizhnevartovsk Airport	relation/14215447	Аэропорт Нижневартовск	0.61	60.951	76.4944
NJF	Al Najaf International Airport	way/213129416	صالة المغادرة	1.40	31.9967	44.3917
NKC	Nouakchott–Oumtounsy International Airport	way/535582040	(unnamed)	0.72	18.3087	-15.963
NKM	Nagoya Airport / JASDF Komaki Air Base	way/89185880	名古屋飛行場	0.44	35.2539	136.9198
NKT	Şırnak Şerafettin Elçi Airport	way/473329843	Şırnak Şerafettin ELÇİ Havaalanı Terminali	0.43	37.3609	42.0574
NLD	Quetzalcóatl International Airport	way/396334483	(unnamed)	0.70	27.4498	-99.568
NLH	Ninglang Luguhu Airport	way/969992677	宁蒗泸沽湖机场	0.38	27.5437	100.7586
NLI	Nikolayevsk-na-Amure Airport	way/540277206	(unnamed)	1.06	53.1499	140.6635
NLK	Norfolk Island International Airport	way/183936161	Norfolk Island International Airport	0.80	-29.0353	167.9432
NLT	Xinyuan Nalati Airport	way/183939089	(unnamed)	0.41	43.4286	83.376
NLU	Felipe Ángeles International Airport	way/941149180	(unnamed)	1.44	19.7338	-99.0238
NMA	Namangan International Airport	way/963939802	(unnamed)	1.42	40.9835	71.5747
NMF	Maafaru International Airport	way/749617352	(unnamed)	1.29	5.8257	73.4765
NMI	Navi Mumbai International Airport	way/1413816601	Terminal 1	1.34	18.9886	73.0532
NNG	Nanning Wuxu International Airport	way/467430798	T2航站楼	0.69	22.6043	108.1816
NNM	Naryan Mar Airport	way/770233145	(unnamed)	1.66	67.6335	53.0866
NNT	Nan Airport	way/1046429269	Nan Airport Terminal	0.62	18.8027	100.785
NNY	Nanyang Jiangying Airport	way/521460467	(unnamed)	0.37	32.9839	112.6138
NOB	Nosara Airport	way/482703060	(unnamed)	0.52	9.9803	-85.6503
NOC	Ireland West Airport Knock	way/23802107	(unnamed)	0.54	53.9139	-8.8112
NOJ	Noyabrsk Airport	way/93870559	Аэропорт г. Ноябрьск	0.27	63.182	75.2746
NOP	Sinop Airport	way/862082396	Sinop İç / Dış Hatlar Terminali	0.61	42.0187	35.0791
NOS	Nosy Be International Airport	way/90515589	Aeroport de Nosy Be	0.88	-13.3189	48.3106
NOU	La Tontouta International Airport	way/194235427	Aéroport de Nouméa - La Tontouta	0.47	-22.0135	166.2174
NOV	Albano Machado Airport	way/961939964	Centro do Aeroporto Albano Machado	1.35	-12.8027	15.7498
NOZ	Spichenkovo Airport	way/1363023964	(unnamed)	1.06	53.8051	86.865
NQN	Presidente Perón International Airport	way/143946526	Aeropuerto Internacional Neuquén Presidente Juan Domingo Perón	1.38	-38.9521	-68.1402
NQU	Reyes Murillo Airport	way/675249182	(unnamed)	0.50	5.7082	-77.2658
NQY	Cornwall Airport Newquay	way/158271151	Newquay Airport Terminal	0.92	50.4469	-5.0038
NQZ	Nursultan Nazarbayev International Airport	way/166500595	(unnamed)	0.26	51.0289	71.4649
NRA	Narrandera Airport	way/429641550	(unnamed)	0.40	-34.7058	146.5119
NRK	Norrköping Airport	way/101513457	(unnamed)	1.01	58.5834	16.234
NRN	Weeze (Niederrhein) Airport	way/976329540	Flughafen Weeze/Niederrhein Terminal	0.66	51.5996	6.1503
NRT	Narita International Airport	relation/12656065	成田空港第2ターミナル	0.48	35.7729	140.3892
NSH	Nowshahr Airport	way/120367883	(unnamed)	0.73	36.6602	51.4692
NSI	Yaoundé Nsimalen International Airport	node/10833762574	AÉROPORT INTERNATIONAL DE YAOUNDÉ-NSIMALEN	1.00	3.7148	11.5488
NSK	Alykel International Airport	relation/9701368	(unnamed)	1.95	69.3245	87.3423
NSN	Nelson Airport	way/779009063	Nelson Airport Terminal	0.30	-41.2993	173.2254
NST	Nakhon Si Thammarat Airport	way/495592522	Old Terminal	0.49	8.5399	99.9403
NTE	Nantes Atlantique Airport	way/89769336	(unnamed)	0.79	47.1572	-1.6021
NTG	Nantong Xingdong International Airport	way/424778366	南通兴东国际机场T1航站楼	0.38	32.0729	120.9761
NTL	Newcastle Airport	node/3656221466	Williamtown Air Movements	0.73	-32.7974	151.8427
NTQ	Noto Satoyama Airport	way/290214966	能登空港ターミナルビル	0.48	37.2953	136.9574
NTX	Ranai Airport	way/680603531	(unnamed)	1.29	3.9201	108.3856
NUE	Nuremberg Airport	relation/3403461	Flughafen-Terminal	0.46	49.4946	11.0779
NUM	Neom Bay Airport	way/1202002860	Terminal B	0.64	27.9188	35.2915
NUS	Norsup Airport	way/333723064	(unnamed)	0.33	-16.0811	167.4037
NUX	Novy Urengoy Airport	way/862482107	(unnamed)	0.40	66.0728	76.523
NVA	Benito Salas Airport	way/678271993	Terminal Benito Salas Vargas	0.35	2.9472	-75.2928
NVI	Navoi International Airport	way/174266677	Navoiy	0.60	40.1222	65.1763
NWI	Norwich Airport	way/37931858	Norwich Airport	0.77	52.6697	1.2773
NYA	Nyagan Airport	way/126981082	(unnamed)	1.03	62.1018	65.606
NYI	Sunyani Airport	way/215807773	(unnamed)	0.27	7.3595	-2.3293
NYM	Nadym Airport	way/206991716	Надым	0.32	65.4797	72.6925
NYO	Stockholm Skavsta Airport	way/170735817	Stockholm-Skavsta	0.78	58.785	16.9216
NYT	Nay Pyi Taw International Airport	way/526540515	VIP Terminal	0.56	19.6186	96.1999
NYU	Bagan Airport	way/198857531	ပုဂံညောင်‌ဦးလေဆိပ်	0.40	21.1755	94.9287
NZG	Nizhneangarsk International Airport	way/345202850	(unnamed)	0.26	55.8013	109.5991
NZH	Manzhouli Xijiao Airport	way/181294478	(unnamed)	0.38	49.57	117.3313
NZL	Zhalantun Genghis Khan Airport	way/1034328413	New terminal	0.53	47.8659	122.7616
OAJ	Albert J Ellis Airport	way/1019500827	Executive Terminal	0.26	34.8275	-77.6102
OAK	Oakland San Francisco Bay Airport	way/23476550	Terminal 1	1.05	37.7121	-122.2148
OAL	Cacoal Airport	way/957045962	(unnamed)	0.56	-11.491	-61.4499
OAX	Xoxocotlán International Airport	way/869047127	Aeropuerto internacional de Oaxaca	0.50	17.0008	-96.7219
OBN	Oban Airport	way/132180848	(unnamed)	0.26	56.4655	-5.3976
OBO	Tokachi-Obihiro Airport	way/424773669	帯広空港	0.36	42.7322	143.2129
OCE	Ocean City Municipal Airport	way/109913680	(unnamed)	0.47	38.3109	-75.1187
OCS	Corisco International Airport	way/499471299	(unnamed)	0.44	0.9125	9.3266
ODB	Córdoba Airport	way/179667211	(unnamed)	0.53	37.8445	-4.8438
ODO	Bodaybo Airport	way/256817305	Бодайбинский аэропорт	1.36	57.8579	114.2259
OEC	Oecusse Route of the Sandalwood International Airport	way/658016759	Aeroporto Rota de sandalo	0.45	-9.2013	124.3407
OER	Örnsköldsvik Airport	way/491756003	(unnamed)	0.33	63.4111	18.9919
OES	Antoine de Saint Exupéry Airport	way/408989845	(unnamed)	0.68	-40.7565	-65.0303
OFU	Ofu Airport	way/361112822	(unnamed)	0.26	-14.1842	-169.6676
OGD	Ogden Hinckley Airport	way/58650060	(unnamed)	0.37	41.1934	-112.009
OGG	Kahului International Airport	way/1010189530	(unnamed)	0.29	20.8966	-156.4346
OGL	Eugene F. Correia International Airport	way/87841817	Eugene F Corriea International Airport	0.46	6.8069	-58.1036
OGS	Ogdensburg International Airport	way/825047938	(unnamed)	0.90	44.6822	-75.4769
OGU	Ordu–Giresun Airport	way/484258597	Terminal Binası	0.59	40.9639	38.0802
OGX	Ain Beida Airport	way/383776540	(unnamed)	2.14	31.9361	5.4084
OGZ	Vladikavkaz Beslan International Airport	way/375376122	Владикавказ	0.44	43.202	44.6033
OHD	Ohrid St. Paul the Apostle Airport	way/433065018	(unnamed)	0.27	41.1811	20.7452
OHE	Mohe Gulian Airport	way/223110941	(unnamed)	0.84	52.9241	122.4192
OHO	Okhotsk Airport	way/133234402	(unnamed)	0.62	59.4131	143.0656
OHS	Suhar International Airport	relation/12738990	(unnamed)	1.56	24.396	56.6145
OIT	Oita Airport	relation/10056147	(unnamed)	0.48	33.4766	131.7331
OJU	Tanjung Api Airport	way/1312569443	(unnamed)	0.56	-0.8661	121.6236
OKA	Naha International Airport	relation/20229940	那覇空港国内線ターミナル	1.85	26.2064	127.6499
OKD	Sapporo Okadama Airport	way/155371025	(unnamed)	0.76	43.1106	141.3822
OKI	Oki Global Geopark Airport	way/291297604	(unnamed)	0.58	36.1777	133.33
OKJ	Okayama Momotaro Airport	way/407627025	(unnamed)	0.39	34.7601	133.8533
OKY	Oakey Army Aviation Centre	way/556705608	Oakey Civilian Terminal	1.01	-27.4157	151.7439
OLA	Ørland Airport	node/33400840	Ørlandet Hovedflystasjon	0.61	63.6991	9.6164
OLB	Olbia Costa Smeralda Airport	relation/18248575	Aeroporto Olbia Costa Smeralda	0.46	40.9025	9.5156
OLM	Olympia Regional Airport	way/372629985	(unnamed)	0.88	46.9759	-122.9096
OLP	Olympic Dam Airport	way/966197550	(unnamed)	0.72	-30.4835	136.8842
OLZ	Olyokminsk Airport	way/162194417	(unnamed)	0.80	60.3972	120.465
OMA	Eppley Airfield	way/944870047	Concourse B	0.44	41.3011	-95.8986
OME	Nome Airport	way/336011699	Nome Airport Terminal	0.55	64.5075	-165.4417
OMH	Urmia Airport	way/381910736	ترمینال فرودگاه بین المللی ارومیه	1.06	37.6623	45.0592
OMN	Zomin Airport	way/1351866058	(unnamed)	0.28	40.0153	68.4138
OMO	Mostar International Airport	way/819268424	Terminalna zgrada	1.17	43.2902	17.8362
OMR	Oradea International Airport	way/421076627	Terminal 2	0.38	47.0258	21.8975
OMS	Omsk Central Airport	way/52025798	Терминал B	0.64	54.9579	73.3166
OND	Ondangwa Airport	way/473432539	Andimba toivo yaToivo Airport	1.21	-17.8849	15.9436
ONG	Mornington Island Airport	way/572223460	(unnamed)	0.86	-16.6627	139.1699
ONJ	Odate Noshiro Airport	way/318664805	大館能代空港ターミナルビル	0.41	40.1955	140.3722
ONT	Ontario International Airport	way/25425739	International Arrivals Terminal	0.56	34.0604	-117.6039
ONX	Enrique Adolfo Jimenez Airport	way/362580479	(unnamed)	0.50	9.3599	-79.8642
OOL	Gold Coast Airport	way/19053059	Domestic Terminal	0.60	-28.1666	153.5127
OOM	Cooma Snowy Mountains Airport	way/925357631	(unnamed)	0.85	-36.2929	148.9709
OPF	Miami-Opa Locka Executive Airport	way/381457064	(unnamed)	0.78	25.9103	-80.2715
OPO	Francisco de Sá Carneiro Airport	way/112023739	Aeroporto de Francisco Sá Carneiro	1.53	41.2365	-8.6715
OPS	Presidente João Batista Figueiredo Airport	way/1470164656	(unnamed)	0.78	-11.8793	-55.5819
OPU	Balimo Airport	way/1134106670	(unnamed)	0.90	-8.0502	142.9412
ORB	Örebro Airport	relation/5939912	(unnamed)	0.63	59.2275	15.0462
ORF	Norfolk International Airport	way/37936869	Concourse B	0.26	36.8972	-76.2028
ORH	Worcester Regional Airport	way/90528263	Worcester Airport Terminal	0.48	42.2695	-71.8707
ORK	Cork International Airport	way/93153202	Cork Airport Terminal	0.87	51.8491	-8.49
ORN	Oran Es-Sénia (Ahmed Ben Bella) International Airport	way/561642789	Terminal 1	1.08	35.6184	-0.6109
ORU	Juan Mendoza International Airport	way/424877041	(unnamed)	0.76	-17.9623	-67.079
ORZ	H.E Alfredo Martinez (Tower Hill) Airstrip	way/228506855	Orange Walk Airport	0.38	18.0463	-88.5803
OSD	Åre Östersund Airport	way/41921489	(unnamed)	0.61	63.1982	14.4979
OSI	Osijek Airport	way/125690538	(unnamed)	0.54	45.4663	18.8073
OSR	Leoš Janáček Airport Ostrava	way/48225957	Odletová a příletová hala letiště Leoše Janáčka, Ostrava Airport	0.68	49.6954	18.1204
OSS	Osh International Airport	way/965913459	(unnamed)	0.59	40.6082	72.7864
OST	Ostend-Bruges International Airport	way/43184161	Passagiersgebouw	0.59	51.2042	2.8699
OSW	Orsk Airport	way/160999017	Международный аэропорт Орск	0.49	51.0768	58.5939
OSY	Namsos Airport	way/452420795	(unnamed)	0.37	64.4723	11.5708
OTH	Southwest Oregon Regional Airport	way/228032847	(unnamed)	0.29	43.4164	-124.2494
OTP	Bucharest Henri Coandă International Airport	way/771096083	Terminalul Vioara	1.84	44.5708	26.0801
OTZ	Ralph Wien Memorial Airport	way/313140858	(unnamed)	0.71	66.891	-162.6021
OUA	Ouagadougou Thomas Sankara International Airport	way/37249051	(unnamed)	0.26	12.3542	-1.5146
OUD	Oujda Angads Airport	relation/4647011	Terminal 2 / محطة 2	1.36	34.7871	-1.9406
OUL	Oulu Airport	way/84845866	Oulun lentoaseman matkustajaterminaali	0.92	64.9285	25.3737
OUZ	Tazadit Airport	way/1269097960	(unnamed)	0.86	22.7533	-12.4751
OVB	Novosibirsk Tolmachevo Airport	way/1147910483	(unnamed)	3.23	55.009	82.6658
OVD	Asturias Airport	way/321569262	Aeropuerto de Asturias	0.51	43.5593	-6.0323
OVS	Sovetskiy Airport	way/73881435	Аэровокзал	0.58	61.3318	63.6007
OWB	Owensboro Daviess County Airport	way/628115753	(unnamed)	0.75	37.7463	-87.1633
OXB	Osvaldo Vieira International Airport	way/129911755	(unnamed)	0.65	11.8889	-15.6512
OYE	Oyem Airport	way/597746494	(unnamed)	0.68	1.5381	11.5779
OZC	Labo Airport	way/462531820	Ozamiz City Airport Terminal	0.42	8.181	123.8449
OZG	Zagora Airport	way/240320720	(unnamed)	0.82	30.267	-5.8524
OZZ	Ouarzazate International Airport	way/189927600	Aéroport de Ouarzazate	0.48	30.935	-6.908
PAB	Bilaspur Airport	way/1446196673	(unnamed)	0.81	21.9948	82.1147
PAC	Marcos A. Gelabert International Airport	way/72838281	Terminal Aeropuerto Marcos A. Gelabert	0.57	8.9705	-79.5599
PAD	Paderborn Lippstadt Airport	way/112472203	GAT	0.29	51.61	8.6184
PAE	Seattle Paine Field International Airport	way/661250883	Paine Field Passenger Terminal	0.36	47.9085	-122.2785
PAG	Pagadian Airport	way/655561274	Pagadian Airport Terminal	0.65	7.8305	123.4629
PAH	Barkley Regional Airport	way/1420309848	(unnamed)	0.50	37.0564	-88.7724
PAP	Toussaint Louverture International Airport	way/27151970	Aérogare Toussaint Louverture	0.54	18.5757	-72.2949
PAT	Jay Prakash Narayan Airport	way/1458425276	(unnamed)	0.60	25.596	85.091
PAZ	El Tajín National Airport	way/185126503	(unnamed)	0.37	20.5994	-97.4606
PBC	Hermanos Serdán International Airport	way/187163852	(unnamed)	0.71	19.1637	-98.3755
PBD	Porbandar Airport	way/371467855	Terminal Building	0.52	21.6477	69.661
PBG	Plattsburgh International Airport	way/150842096	Passenger Terminal	2.02	44.6689	-73.4719
PBH	Paro International Airport	way/1153904263	(unnamed)	0.45	27.4055	89.4208
PBM	Johan Adolf Pengel International Airport	way/414811328	(unnamed)	1.23	5.4568	-55.1982
PBO	Paraburdoo Airport	way/463419571	(unnamed)	0.42	-23.1738	117.7479
PBR	Puerto Barrios Airport	relation/15717449	Aeropuerto de Puerto Barrios	0.44	15.7347	-88.5849
PBU	Putao Airport	way/878227380	Airport Terminal	0.48	27.3257	97.4251
PCL	Cap FAP David Abenzur Rengifo International Airport	way/125419877	(unnamed)	0.74	-8.3847	-74.5739
PCN	Picton Aerodrome	way/766602032	Picton Aerodrome Terminal	0.50	-41.3424	173.9595
PCP	Principe Airport	way/656707548	(unnamed)	0.47	1.6651	7.4126
PCR	German Olano Airport	way/177514299	Terminal del aeropuerto	0.32	6.1841	-67.4904
PDG	Minangkabau International Airport	way/170118624	Bandar Udara Internasional Minangkabau (BIM)	0.55	-0.7855	100.2853
PDK	DeKalb Peachtree Airport	way/1283100571	Atlantic	0.28	33.8754	-84.305
PDL	João Paulo II Airport	way/258915791	Terminal Velho	0.32	37.7437	-25.6962
PDP	Capitan Corbeta CA Curbelo International Airport	relation/2523045	Aeropuerto de Punta del Este	0.72	-34.8607	-55.0982
PDS	Piedras Negras International Airport	way/440750421	(unnamed)	0.91	28.6293	-100.5444
PDT	Eastern Oregon Regional Airport at Pendleton	way/488985188	(unnamed)	0.63	45.6895	-118.8395
PDV	Plovdiv International Airport	way/194571760	Летище Пловдив	1.16	42.0769	24.844
PEE	Perm International Airport	way/481608618	Терминал А	0.64	57.916	56.0108
PEG	Perugia San Francesco d'Assisi – Umbria International Airport	way/196967561	(unnamed)	0.84	43.095	12.5029
PEI	Matecaña International Airport	relation/14224856	(unnamed)	0.34	4.8153	-75.738
PEK	Beijing Capital International Airport	way/172936036	首都机场2号航站楼	0.69	40.0789	116.5889
PEM	Padre Aldamiz International Airport	way/73924182	(unnamed)	1.35	-12.6037	-69.2214
PEN	Penang International Airport	relation/14303581	PIA Terminal	1.17	5.2927	100.2663
PER	Perth International Airport	relation/3296025	Terminal 2	0.52	-31.9441	115.9703
PES	Petrozavodsk Airport	way/118549349	Аэропорт Петрозаводск	0.83	61.8778	34.1562
PET	João Simões Lopes Neto International Airport	way/178691621	Aeroporto Internacional João Simões Lopes Neto	0.32	-31.7158	-52.3307
PEU	Puerto Lempira Airport	way/950279951	(unnamed)	0.59	15.2615	-83.7757
PEV	Pécs-Pogány International Airport	way/251406216	Pécs-Pogány International Airport	0.90	45.9944	18.2335
PEW	Bacha Khan International Airport	way/320678284	Peshawar Terminal 1	0.60	33.9898	71.5189
PEX	Pechora Airport	way/87817708	Аэропорт	0.72	65.117	57.1427
PEZ	Penza Airport	way/230133232	(unnamed)	0.85	53.1182	45.023
PFB	Lauro Kurtz Airport	way/183429225	(unnamed)	0.25	-28.2425	-52.3297
PFO	Paphos International Airport	way/24499304	Paphos International Airport	0.69	34.7123	32.4888
PFQ	Parsabad-Moghan Airport	way/445011797	(unnamed)	0.55	39.6072	47.8771
PFR	Ilebo Airport	node/1042040692	(unnamed)	0.26	-4.3288	20.5922
PGD	Punta Gorda Airport	way/308584928	Bailey Terminal	0.84	26.9163	-81.9978
PGH	Pantnagar Airport	way/431693215	(unnamed)	0.26	29.0311	79.4734
PGK	Depati Amir Airport	way/126592072	Terminal Penumpang	0.26	-2.1639	106.1374
PGU	Persian Gulf International Airport	way/472214010	فرودگاه عسلویه	0.90	27.3869	52.7337
PGV	Pitt-Greenville Airport	way/265273424	Pitt-Greenville Airport	0.33	35.6337	-77.3814
PGZ	Ponta Grossa Airport - Comandante Antonio Amilton Beraldo	way/836416555	Aeroporto Municipal de Ponta Grossa	0.47	-25.1883	-50.1419
PHB	Parnaíba - Prefeito Doutor João Silva Filho International Airport	way/130668863	Aeroporto Internacional de Parnaíba - Terminal de Passageiros	0.28	-2.8952	-41.7299
PHC	Port Harcourt International Airport	way/772282314	(unnamed)	0.50	5.0151	6.9541
PHE	Port Hedland International Airport	way/238039810	(unnamed)	0.55	-20.3782	118.6318
PHF	Newport News Williamsburg International Airport	way/320230772	(unnamed)	0.69	37.1347	-76.4999
PHG	Port Harcourt City Airport / Port Harcourt Air Force Base	way/286632174	(unnamed)	2.22	4.8293	7.0322
PHH	Pokhara International Airport	way/956578973	(unnamed)	0.50	28.1883	84.0141
PHL	Philadelphia International Airport	way/101053863	Terminal C	0.37	39.8752	-75.2412
PHS	Phitsanulok Airport	way/839783838	Phitsanulok airport	1.28	16.7716	100.2815
PHX	Phoenix Sky Harbor International Airport	way/161919147	Terminal 3	0.38	33.4361	-112.0099
PIA	General Wayne A. Downing Peoria International Airport	way/607826897	(unnamed)	0.27	40.6656	-89.6905
PIE	St. Petersburg Clearwater International Airport	way/189316141	(unnamed)	0.57	27.9068	-82.6917
PIH	Pocatello Regional Airport	way/49215317	(unnamed)	0.75	42.9057	-112.5887
PIK	Glasgow Prestwick Airport	way/96876924	(unnamed)	2.25	55.5108	-4.609
PIR	Pierre Regional Airport	relation/16776413	(unnamed)	0.88	44.3831	-100.297
PIS	Poitiers-Biard Airport	way/62738970	(unnamed)	0.40	46.5861	0.3113
PIT	Pittsburgh International Airport	relation/15585060	Pittsburgh International Airport Airside Terminal	1.14	40.4956	-80.2452
PIX	Pico Airport	way/180876435	Terminal de Passageiros	0.29	38.5523	-28.4435
PJA	Pajala Airport	way/303969471	(unnamed)	0.50	67.2451	23.0864
PKB	Mid Ohio Valley Regional Airport	way/423406087	(unnamed)	0.30	39.3447	-81.4358
PKC	Yelizovo Airport	way/365034038	International Terminal	1.65	53.1673	158.4264
PKE	Parkes Airport	way/424907522	(unnamed)	0.93	-33.1384	148.2335
PKN	Iskandar Airport	way/934264279	(unnamed)	0.44	-2.7041	111.6692
PKR	Pokhara Domestic Airport	way/108189932	Departures	0.30	28.1994	83.9785
PKU	Sultan Syarif Kasim II International Airport / Roesmin Nurjadin AFB	way/311878399	(unnamed)	0.74	0.4643	101.4478
PKV	Princess Olga Pskov International Airport	way/61729651	(unnamed)	1.80	57.7975	28.3917
PKX	Beijing Daxing International Airport	relation/12731810	航站楼	0.92	39.5092	116.4107
PKY	Tjilik Riwut Airport	way/430728584	Terminal Lama Bandara Tjilik Riwut	0.38	-2.2242	113.9452
PKZ	Pakse International Airport	way/463644888	(unnamed)	0.27	15.1361	105.7811
PLM	Sultan Mahmud Badaruddin II Airport	relation/12212917	(unnamed)	0.76	-2.8955	104.7046
PLN	Pellston Regional Airport of Emmet County Airport	way/1341566625	Passenger Terminal	0.83	45.5715	-84.7861
PLO	Port Lincoln Airport	way/319354654	Port Lincoln Airport	0.51	-34.6039	135.8747
PLQ	Palanga International Airport	way/1233291032	Palangos oro uostas	0.30	55.9713	21.0973
PLS	Providenciales International Airport	way/190950893	Providenciales Airport (PLS)	0.44	21.7764	-72.2714
PLW	Mutiara - SIS Al-Jufrie Airport	way/416542031	Bandara Mutiara Palu	0.35	-0.9186	119.9063
PLX	Semei International Airport	way/41174452	Международный аэропорт Семей	1.40	50.3451	80.2173
PLZ	Chief Dawid Stuurman International Airport	way/55700754	(unnamed)	0.84	-33.9842	25.6112
PMC	El Tepual International Airport	way/134708528	Aeropuerto El Tepual (SCTE)	1.14	-41.4333	-73.0983
PMF	Parma Airport	way/202551112	Aereoporto "Giusepppe Verdi"	0.55	44.8214	10.2976
PMG	Ponta Porã Airport	way/672427973	(unnamed)	0.43	-22.5518	-55.7061
PMI	Palma de Mallorca Airport	way/200584938	Son San Joan Palma -Mòdul C	0.41	39.5491	2.7355
PMK	Palm Island Airport	way/233395189	(unnamed)	0.39	-18.752	146.5798
PMO	Falcone–Borsellino Airport	way/1315291697	(unnamed)	1.60	38.1857	13.1045
PMQ	Perito Moreno Jalil Hamer Airport	way/916715615	(unnamed)	0.42	-46.5382	-70.9842
PMR	Palmerston North Airport	relation/19536811	Palmerston North Airport Terminal	0.50	-40.3233	175.6217
PMV	Del Caribe Santiago Mariño International Airport	way/245745992	Terminal Aérea	0.51	10.9166	-63.9689
PMW	Brigadeiro Lysias Rodrigues Airport	way/222123992	Terminal de Passageiros	0.44	-10.2954	-48.3578
PMY	El Tehuelche Airport	way/333213071	(unnamed)	0.49	-42.7551	-65.1006
PNA	Pamplona Airport	way/181964901	Aeropuerto de Pamplona - Nóain	0.50	42.7685	-1.6405
PNI	Pohnpei International Airport	way/316847461	(unnamed)	0.81	6.9814	158.2036
PNK	Supadio International Airport	way/337837714	(unnamed)	0.56	-0.1472	109.4048
PNL	Pantelleria Airport	way/256516005	(unnamed)	0.25	36.8178	11.9666
PNQ	Pune International Airport	way/1178357638	(unnamed)	0.41	18.5849	73.9171
PNR	Antonio Agostinho-Neto International Airport	way/445931227	Nouveau Terminal de Ponte-Noire	0.38	-4.8163	11.8832
PNS	Pensacola International Airport	way/297838775	(unnamed)	0.60	30.4695	-87.1816
PNT	Lieutenant Julio Gallardo Airport	way/166513877	Aeródromo Teniente Julio Gallardo	0.30	-51.668	-72.5288
PNY	Pondicherry Airport	way/1177236427	Puducherry Airport Terminal	0.43	11.9655	79.815
PNZ	Senador Nilo Coelho Airport	way/317420347	Terminal Aeroportuário de Petrolina	0.60	-9.3666	-40.5656
POA	Porto Alegre-Salgado Filho International Airport	way/89383738	Terminal 1	0.88	-29.9903	-51.1756
POG	Port Gentil International Airport	way/690564853	Aéroport international de Port-Gentil	0.94	-0.7201	8.7534
POL	Pemba Airport	way/424907201	(unnamed)	0.40	-12.9901	40.5266
POM	Port Moresby Jacksons International Airport	way/972391022	(unnamed)	0.55	-9.4462	147.2159
POP	Gregorio Luperon International Airport	way/32844464	(unnamed)	0.71	19.7554	-70.5638
POR	Pori Airport	way/122385035	Porin lentoasema	0.84	61.4684	21.7927
POS	Piarco International Airport	relation/8102673	Piarco International Airport	0.68	10.6011	-61.3396
POZ	Poznań-Ławica Airport	way/224467808	Terminal Pasażerski - Przyloty (Arrivals)	0.75	52.4151	16.8262
PPB	Presidente Prudente Airport	way/185520597	(unnamed)	0.80	-22.1783	-51.4176
PPE	Mar de Cortés International Airport	way/505376495	Mar de Cortés International Airport Terminal	0.33	31.3507	-113.3021
PPG	Pago Pago International Airport	way/427260289	(unnamed)	0.43	-14.329	-170.7134
PPK	Petropavl International Airport	way/165012815	(unnamed)	0.55	54.7785	69.1804
PPN	Guillermo León Valencia Airport	way/974869403	(unnamed)	0.25	2.4523	-76.6102
PPP	Proserpine Whitsunday Coast Airport	way/248882668	(unnamed)	0.61	-20.4892	148.5517
PPS	Puerto Princesa International Airport / PAF Antonio Bautista Air Base	way/306511611	Old Terminal	0.34	9.7404	118.7565
PPT	Fa'a'ā International Airport	way/740092946	Aérogare international de Tahiti-Faa'a	0.63	-17.5586	-149.6094
PQC	Phú Quốc International Airport	way/423840678	(unnamed)	0.87	10.1633	103.9979
PQI	Presque Isle International Airport	way/92189102	Presque Isle International Airport	0.37	46.6923	-68.0453
PQQ	Port Macquarie Airport	way/173044002	Port Macquarie Airport Terminal	0.65	-31.4313	152.8673
PQS	Pilot Station Airport	way/1445640978	(unnamed)	0.68	61.9629	-162.9291
PRA	General Urquiza Airport	relation/12858293	(unnamed)	0.69	-31.7894	-60.4839
PRC	Prescott Regional Airport - Ernest A. Love Field	way/1007403552	Prescott Regional Airport Terminal	0.84	34.6502	-112.4281
PRG	Václav Havel Airport Prague	way/1220017597	Prst C	0.66	50.1064	14.2634
PRI	Praslin Island Airport	relation/13549270	Praslin Island Airport Terminal	0.51	-4.3238	55.6924
PRM	Portimão Airport	way/105108209	Aerodromo Municipal de Portimão - PRM - LPPM	0.40	37.1476	-8.58
PRN	Priština Adem Jashari International Airport	way/385422371	Terminali i Udhëtarëve i Aeroportit "Adem Jashari"	0.52	42.5746	21.0299
PSA	Pisa International Airport	way/22993409	Aeroporto internazionale Galileo Galilei	1.70	43.6984	10.3994
PSC	Tri Cities Airport	way/886378513	Tri-Cities Airport	0.65	46.2597	-119.1146
PSE	Mercedita International Airport	way/202157729	Passenger Terminal	0.27	18.0107	-66.5632
PSG	Petersburg James A Johnson Airport	node/1286730389	Pacific Wing	0.66	56.8055	-132.9366
PSM	Portsmouth International Airport at Pease	way/28517325	Portsmouth International Airport Terminal	0.68	43.0823	-70.8175
PSP	Palm Springs International Airport	way/180989852	Signature Flight Services	0.44	33.8266	-116.5099
PSR	Abruzzo Airport	way/677483831	(unnamed)	0.43	42.4301	14.188
PSS	Libertador Gral D Jose De San Martin Airport	way/182449441	Aeropuerto de Posadas "Libertador General San Martín"	0.76	-27.3917	-55.9668
PSU	Pangsuma Airport	way/541386091	(unnamed)	0.70	0.8387	112.9354
PSZ	Capitán Av. Salvador Ogaya G. airport	way/718767279	Terminal Puerto Suárez	0.69	-18.9815	-57.8211
PTG	Polokwane International Airport	way/52332226	Polokwane International Airport	1.59	-23.8588	29.4535
PTO	Juvenal Loureiro Cardoso Airport	way/955580229	(unnamed)	0.30	-26.2168	-52.6915
PTP	Maryse Condé International Airport	way/547119391	Terminal Régional T2	0.65	16.2702	-61.5292
PTY	Tocumen International Airport	way/309951624	Muelle Norte	0.32	9.0697	-79.3859
PUB	Pueblo Memorial Airport	way/229438793	Pueblo Memorial Airport	0.59	38.2839	-104.4955
PUD	Puerto Deseado Airport	way/955659232	(unnamed)	0.29	-47.7336	-65.9071
PUF	Pau Pyrénées Airport	way/169573684	(unnamed)	0.44	43.382	-0.4139
PUJ	Punta Cana International Airport	way/335430643	Aeropuerto Internacional Punta Cana	0.50	18.5627	-68.3637
PUQ	President Carlos Ibáñez International Airport	relation/11027541	Aeropuerto Internacional Carlos Ibáñez del Campo	0.73	-53.0051	-70.8445
PUS	Gimhae International Airport	relation/4450292	김해국제공항 국제선터미널	1.12	35.1724	128.9468
PUU	Tres De Mayo Airport	way/505376459	Terminal Aéreo	0.38	0.5021	-76.5022
PUW	Pullman-Moscow Regional Airport	way/834894949	Baggage Claim	0.34	46.744	-117.1143
PUY	Pula Airport	way/98170507	Pula Airport Terminal	0.59	44.8987	13.9235
PUZ	Puerto Cabezas Airport	way/310880537	Terminal Aeropuerto Bilwi	0.88	14.0421	-83.3805
PVD	Rhode Island T. F. Green International Airport	way/145337342	Bruce Sundlun Terminal	0.78	41.7261	-71.435
PVG	Shanghai Pudong International Airport	way/727016358	S2卫星厅	0.85	31.1377	121.8109
PVH	Governador Jorge Teixeira de Oliveira International Airport	way/104675854	(unnamed)	0.77	-8.7144	-63.8987
PVK	Aktion National Airport	way/27029918	Κρατικός Αερολιμένας Ακτίου	0.80	38.9307	20.7717
PVR	Puerto Vallarta International Airport	way/24828494	(unnamed)	0.67	20.6792	-105.248
PVU	Provo Municipal Airport	way/1030596388	TAC Air - Provo	0.32	40.2194	-111.7187
PWE	Pevek Airport	way/96713871	Аэропорт Певек	0.60	69.7883	170.6029
PWQ	Pavlodar International Airport	way/169854643	(unnamed)	0.44	52.1983	77.0697
PXH	Prominent Hill Airport	way/715372194	Prominent Hill Airport	0.73	-29.7101	135.5278
PXM	Puerto Escondido International Airport	way/192166824	(unnamed)	0.36	15.8749	-97.0918
PXO	Porto Santo Airport	way/26920728	Terminal do Aeroporto do Porto Santo	0.54	33.0703	-16.3455
PXU	Pleiku Airport	way/596974761	(unnamed)	1.21	14.0067	108.006
PYJ	Polyarny Airport	way/161862885	(unnamed)	0.36	66.4	112.0381
PYK	Payam International Airport	way/538198027	ترمینال مسافری فرودگاه پیام	1.34	35.766	50.8348
PYT	Pedro Rabelo de Souza Airport	way/438581685	(unnamed)	0.35	-17.2414	-46.8861
PZB	Pietermaritzburg Airport	way/89249337	Terminal	0.67	-29.6432	30.3967
PZH	Zhob Airport	way/241829777	(unnamed)	0.28	31.3559	69.4634
PZI	Panzhihua Bao'anying Airport	way/564264156	(unnamed)	0.45	26.5385	101.7943
PZU	Port Sudan New International Airport	way/600427476	(unnamed)	0.44	19.4344	37.2383
QOW	Sam Mbakwe International Cargo Airport	way/353165619	(unnamed)	0.46	5.4279	7.202
QRO	Querétaro Intercontinental Airport	way/204736500	(unnamed)	0.44	20.6226	-100.1875
QRW	Warri Airport	way/262070435	(unnamed)	0.40	5.5946	5.819
QSF	Ain Arnat Airport	way/215389670	(unnamed)	0.34	36.1755	5.3304
QSR	Salerno Costa d'Amalfi Airport	way/1539832166	Terminal A.G.	0.62	40.6253	14.9147
QSZ	Shache Airport	way/669980263	(unnamed)	0.42	38.2462	77.0609
QUO	Akwa Ibom International Airport	way/669858072	(unnamed)	0.38	4.8717	8.0897
RAB	Tokua Airport	way/260456347	(unnamed)	0.44	-4.3431	152.3771
RAE	Arar Domestic Airport	way/784093990	(unnamed)	0.46	30.9025	41.1378
RAH	Rafha Domestic Airport	way/96268964	(unnamed)	0.34	29.6237	43.4889
RAI	Nelson Mandela International Airport	way/237284836	VIP Terminal	0.38	14.944	-23.4867
RAK	Marrakesh Menara Airport	way/126453868	Terminal 1	0.90	31.602	-8.0269
RAO	Leite Lopes Airport	way/388914193	(unnamed)	0.59	-21.1389	-47.777
RAP	Rapid City Regional Airport	way/49629634	Rapid City Regional Airport	0.79	44.0387	-103.0606
RAR	Rarotonga International Airport	way/431482779	Rarotonga International Terminal	0.89	-21.2001	-159.7979
RBA	Rabat-Salé Airport	way/241288150	Terminal 1	1.68	34.0366	-6.7482
RBQ	Rurrenabaque Airport	way/1248884896	(unnamed)	0.62	-14.428	-67.5026
RBR	Rio Branco-Plácido de Castro International Airport	way/799559592	(unnamed)	0.46	-9.8665	-67.8973
RCB	Richards Bay Airport	way/206629886	Richards Bay Airport Terminal	0.51	-28.7367	32.0939
RCH	Almirante Padilla Airport	way/95312518	Aeropuerto Almirante Jose Prudencio Padilla	0.77	11.5286	-72.9194
RDD	Redding Municipal Airport	way/462532590	Redding Municipal Airport	0.67	40.5057	-122.2996
RDM	Roberts Field	way/104478704	(unnamed)	0.85	44.253	-121.1605
RDO	Warsaw Radom Airport	way/1008931258	(unnamed)	0.93	51.3913	21.2017
RDP	Kazi Nazrul Islam Airport	way/440749786	(unnamed)	0.59	23.6179	87.2402
RDU	Raleigh-Durham International Airport	way/30917353	Atlantic Aviation Terminal	0.42	35.8811	-78.7838
RDZ	Rodez–Aveyron Airport	way/192452950	(unnamed)	0.27	44.41	2.4843
REC	Recife/Guararapes - Gilberto Freyre International Airport	way/128851497	(unnamed)	0.67	-8.1314	-34.9184
REG	Reggio Calabria Airport	way/443865878	(unnamed)	0.31	38.0733	15.6539
REL	Almirante Marco Andres Zar Airport	way/187759554	(unnamed)	1.05	-43.2097	-65.2832
RES	Resistencia International Airport	way/290040927	Res	0.92	-27.4449	-59.0487
REU	Reus Airport	way/82254426	Aeroport de Reus	1.25	41.1468	1.1535
REX	General Lucio Blanco International Airport	way/27071607	(unnamed)	0.39	26.0121	-98.2269
RFD	Chicago Rockford International Airport	way/328902654	Donald A. Mabzullo International Terminal	0.63	42.201	-89.0987
RGA	Gobernador Ramón Trejo Noel International Airport	way/868917421	(unnamed)	0.50	-53.7815	-67.7534
RGI	Rangiroa Airport	way/379726879	fare dacceuil d avatoru	0.32	-14.9564	-147.659
RGL	Piloto Civil Norberto Fernández International Airport	way/868919794	(unnamed)	0.37	-51.6117	-69.3063
RGN	Yangon International Airport	node/5263599227	ရန်ကုန်လေဆိပ်	0.33	16.9081	96.1362
RHD	Termas de Río Hondo international Airport	way/344494955	Terminal de pasajeros	1.11	-27.5063	-64.9331
RHI	Rhinelander Oneida County Airport	way/102938092	Robert G. Heck Terminal	0.66	45.6262	-89.4629
RHO	Rhodes International Airport "Diagoras"	way/64502243	Diagoras International	0.52	36.4026	28.0909
RIA	Santa Maria Airport	way/376981332	Aeroporto de Santa Maria	1.24	-29.7083	-53.7005
RIB	Capitán Av. Selin Zeitun Lopez Airport	way/194803368	(unnamed)	0.34	-11.0063	-66.0757
RIC	Richmond International Airport	way/1150217248	Concourse B	1.05	37.5066	-77.3315
RIH	Scarlett Martinez International Airport	way/604079300	(unnamed)	1.17	8.3864	-80.1284
RIS	Rishiri Airport	way/442898213	利尻空港	0.28	45.2439	141.1836
RIW	Central Wyoming Regional Airport	way/398999577	(unnamed)	0.33	43.0614	-108.4585
RIX	Riga International Airport	way/624721542	RIX VIP	0.50	56.9207	23.979
RIY	Riyan International Airport	way/98292167	(unnamed)	0.55	14.667	49.3739
RIZ	Rizhao Shanzihe Airport	way/411934117	(unnamed)	0.53	35.4006	119.3224
RJA	Rajahmundry Airport	way/1029262497	Rajahmundry Airport Terminal	0.88	17.1063	81.8215
RJK	Rijeka Airport	way/93421124	(unnamed)	0.39	45.2198	14.5718
RJL	Logroño-Agoncillo Airport	way/253035246	(unnamed)	0.83	42.456	-2.3147
RJM	Marinda Airport	way/501135032	(unnamed)	0.37	-0.4222	130.7753
RKD	Knox County Regional Airport	way/92359924	Knox County Regional Airport	0.41	44.0608	-69.0942
RKE	Copenhagen Roskilde Airport	way/30165059	(unnamed)	0.54	55.5903	12.1294
RKI	Mentawai Airport	way/1273643028	(unnamed)	0.71	-2.0968	99.6989
RKS	Southwest Wyoming Regional Airport	way/259008355	(unnamed)	0.76	41.5986	-109.072
RKT	Ras Al Khaimah International Airport	way/172744174	(unnamed)	0.44	25.6154	55.9427
RKV	Reykjavík Domestic Airport	way/87846627	Reykjavíkurflugvöllur	0.56	64.1319	-21.9466
RLG	Rostock-Laage Airport	way/258197510	(unnamed)	0.68	53.9141	12.2861
RLK	Bayannur Tianjitai Airport	way/776189362	(unnamed)	0.44	40.9224	107.7417
RMA	Roma Airport	way/424777181	(unnamed)	0.43	-26.544	148.7792
RMI	Federico Fellini International Airport	way/223807954	(unnamed)	0.63	44.0226	12.6192
RML	Colombo Ratmalana International Airport	way/1188625181	(unnamed)	0.31	6.8211	79.8886
RMO	Chişinău International Airport	way/917604290	Terminalul VIP	0.85	46.9353	28.9336
RMQ	Taichung International Airport / Ching Chuang Kang Air Base	way/107202037	台中機場國內線航廈	2.31	24.2556	120.6005
RMU	Region of Murcia International Airport	way/143983369	Aeropuerto Internacional Región de Murcia	0.56	37.8043	-1.131
RMZ	Tobolsk Remezov Airport	way/986706626	Ремезов	1.07	58.0617	68.3302
RNB	Ronneby Airport	way/97153208	Ronneby flygstation	1.35	56.2546	15.2673
RNI	Corn Island Airport	way/232015723	(unnamed)	0.30	12.1721	-83.0596
RNN	Bornholm Airport	way/665848780	(unnamed)	0.91	55.0692	14.7497
RNO	Reno Tahoe International Airport	way/1034982725	Concourse B	0.80	39.5049	-119.7736
RNS	Rennes-Saint-Jacques Airport	way/96480519	Rennes Aéroport	0.67	48.0683	-1.726
ROA	Roanoke–Blacksburg Regional Airport	way/255488352	Signature Flight Support	0.33	37.3231	-79.9732
ROB	Roberts International Airport	way/775857813	(unnamed)	1.20	6.2403	-10.3536
ROC	Frederick Douglass Greater Rochester International Airport	way/623539504	Frederick A. Douglass - Concourse A	0.97	43.1266	-77.6667
ROI	Roi Et Airport	way/329991616	ท่าอากาศยานร้อยเอ็ด	0.47	16.1165	103.7784
ROK	Rockhampton Airport	way/344722008	Rockhampton Airport	0.37	-23.3781	150.4783
ROO	Maestro Marinho Franco Airport	way/154910422	Aeroporto de Rondonópolis	0.56	-16.5885	-54.722
ROP	Rota International Airport	way/138313879	(unnamed)	0.35	14.1718	145.244
ROR	Roman Tmetuchl International Airport	way/1339316390	(unnamed)	1.21	7.3645	134.5334
ROS	Rosario Islas Malvinas International Airport	way/1455361171	Aeroterminal Internacional Rosario	1.51	-32.9166	-60.7803
ROW	Roswell Air Center Airport	way/366897519	(unnamed)	1.25	33.3067	-104.519
RPR	Swami Vivekananda Airport	way/487104276	Old Terminal	0.43	21.1841	81.74
RQA	Ruoqiang Loulan Airport	way/937798939	(unnamed)	0.44	38.9729	88.0128
RRG	Sir Charles Gaetan Duval Airport	way/167794856	(unnamed)	0.31	-19.7541	63.3582
RRR	Raroia Airport	way/603404785	(unnamed)	0.62	-16.045	-142.4757
RRS	Røros Airport	way/313853408	(unnamed)	0.57	62.5771	11.353
RSA	Santa Rosa Airport	way/1474944576	Terminal Santa Rosa	0.50	-36.5918	-64.2793
RSD	Rock Sound International Airport	way/407208743	Rock Sound International Airport	0.92	24.8891	-76.1689
RST	Rochester International Airport	way/180171162	Rochester Int'l Airport Main Terminal	0.79	43.9103	-92.4905
RSU	Yeosu Airport	relation/4430793	여수공항	0.35	34.8403	127.614
RSW	Southwest Florida International Airport	way/333194403	Concourse C	0.66	26.5291	-81.7551
RTB	Juan Manuel Gálvez International Airport	way/40378048	Terminal Principal	0.44	16.318	-86.5269
RTG	Frans Sales Lega Airport	way/111322429	(unnamed)	0.25	-8.5978	120.4798
RTI	David Constantijn Saudale Airport	way/157744684	(unnamed)	0.27	-10.7664	123.0736
RTM	Rotterdam The Hague Airport	way/121794387	Rotterdam The Hague Terminal	0.89	51.9491	4.4341
RUH	King Khalid International Airport	way/508946639	Royal Terminal	0.29	24.9561	46.6964
RUN	Roland Garros Airport	relation/19960347	Aéroport de La Réunion Roland-Garros	0.76	-20.8914	55.5117
RUR	Rurutu Airport	way/883039811	(unnamed)	0.69	-22.4335	-151.3677
RUT	Rutland - Southern Vermont Regional Airport	way/309967180	(unnamed)	0.39	43.5276	-72.9454
RVE	Los Colonizadores Airport	way/77088769	(unnamed)	0.64	6.9565	-71.8606
RVN	Rovaniemi Airport	way/56087750	Rovaniemen lentoasema	0.59	66.5581	25.8278
RVV	Raivavae Airport	way/89733956	(unnamed)	0.38	-23.8849	-147.6657
RVY	Pres. Gral. Óscar D. Gestido Binational Airport	way/669388918	Aeropuerto Internacional de Rivera “Pte. Gral. Oscar D. Gestido“”	0.66	-30.969	-55.4738
RXS	Roxas Airport	way/310613795	Roxas Airport Terminal	0.47	11.6006	122.7488
RYK	Shaikh Zaid Airport	way/424907816	(unnamed)	1.10	28.3918	70.2863
RYO	28 de Noviembre Airport	way/308500526	(unnamed)	0.52	-51.6041	-72.2277
RZE	Rzeszów-Jasionka Airport	way/225981952	Port Lotniczy Rzeszów - Jasionka im. Rodziny Ulmów - Terminal Pasażerski	0.56	50.1148	22.0245
RZR	Ramsar Airport	way/1188349325	ترمینال فرودگاه	0.48	36.9049	50.6826
RZV	Rize–Artvin Airport	way/1034570355	Rize-Artvin Havalimanı Terminal Binası	0.62	41.1747	40.8456
SAF	Santa Fe Municipal Airport	way/46346042	Santa Fe Regional Airport	0.43	35.6184	-106.0845
SAG	Shirdi International Airport	way/477866774	(unnamed)	2.26	19.694	74.3946
SAH	Sanaa International Airport	way/45744477	قاعة الوصول والمغادرة لمطار صنعاء	0.62	15.4737	44.2248
SAI	Siem Reap-Angkor International Airport	way/1336993351	Arrivals / Departures Terminal	0.68	13.3752	104.2211
SAN	San Diego International Airport	way/1241492462	Terminal 1	0.34	32.7314	-117.1926
SAP	Ramón Villeda Morales International Airport	way/174684820	Aeropuerto Internacional Ramón Villeda Morales	0.53	15.4558	-87.9273
SAT	San Antonio International Airport	way/147498348	Terminal B	0.68	29.5281	-98.4725
SAV	Savannah Hilton Head International Airport	node/1311898672	Sheltair	0.64	32.1254	-81.2066
SAW	Istanbul Sabiha Gökçen International Airport	way/75842803	Sabiha Gökçen Havalimanı Terminali	0.65	40.9044	29.3096
SBA	Santa Barbara Municipal Airport	way/120766636	Santa Barbara Airport Terminal	0.36	34.4248	-119.8364
SBD	San Bernardino International Airport	way/1083434679	(unnamed)	0.92	34.1019	-117.2288
SBN	South Bend International Airport	way/181276241	(unnamed)	0.84	41.7015	-86.3125
SBP	San Luis County Regional Airport	way/121781889	Old Air Terminal	0.29	35.2393	-120.6412
SBW	Sibu Airport	way/204331337	Sibu Airport Terminal	0.61	2.2563	111.9865
SBY	Salisbury Ocean City Wicomico Regional Airport	way/109894322	(unnamed)	0.68	38.3434	-75.5171
SBZ	Sibiu International Airport	way/287816412	Terminal Aeroportul Internațional Sibiu	0.76	45.789	24.0953
SCC	Deadhorse Airport	way/221058899	(unnamed)	0.49	70.1988	-148.4605
SCE	State College Regional Airport	way/57354923	State College Regional Airport Arrivals/Departures	0.29	40.8513	-77.8508
SCK	Stockton Metropolitan Airport	way/24963673	(unnamed)	1.22	37.897	-121.2512
SCL	Comodoro Arturo Merino Benítez International Airport	way/1238707946	Espigón B "Valle Central"	0.60	-33.3965	-70.7907
SCN	Saarbrücken Airport	way/96653225	(unnamed)	0.59	49.2195	7.1128
SCO	Aktau International Airport	way/186545300	Международный аэропорт Актау	0.48	43.8562	51.0883
SCQ	Santiago-Rosalía de Castro Airport	way/14789672	Terminal abandonada	0.43	42.8976	-8.4201
SCR	Scandinavian Mountains Airport	way/783045253	Scandinavian Mountains Airport	0.95	61.1568	12.8376
SCT	Socotra Airport	way/957183003	(unnamed)	0.58	12.6277	53.9091
SCU	Antonio Maceo International Airport	way/368183090	Terminal Nacional	0.43	19.9723	-75.8387
SCV	Suceava Ștefan cel Mare International Airport	way/1425319615	Aeroport Suceava Terminal 2 (Non-Schengen)	0.32	47.6861	26.3503
SCZ	Santa Cruz/Graciosa Bay/Luova Airport	way/204822084	(unnamed)	0.41	-10.72	165.7987
SDD	Lubango Mukanka International Airport	way/232881206	Aeroporto Internacional da Mukanka - Partidas/Chegadas	0.76	-14.9287	13.5708
SDE	Vicecomodoro Angel D. La Paz Aragonés Airport	way/96820773	(unnamed)	1.52	-27.756	-64.299
SDG	Sanandaj Airport	way/206106487	(unnamed)	0.74	35.2515	47.0135
SDJ	Sendai Airport	relation/18248458	仙台空港ターミナルビル	1.16	38.1383	140.9301
SDK	Sandakan Airport	way/328417898	Terminal Lapangan Terbang Sandakan	0.51	5.8972	118.0617
SDL	Sundsvall-Härnösand Airport	way/491765029	(unnamed)	0.36	62.5271	17.4372
SDP	Sand Point Airport	way/292336374	PenAir	0.41	55.3176	-160.5214
SDQ	Las Américas International Airport	node/3783609031	Terminal A	0.65	18.4291	-69.675
SDR	Seve Ballesteros-Santander Airport	way/23085840	Terminal de Pasajeros del Aeropuerto Seve Ballesteros-Santander	0.54	43.4233	-3.8242
SDS	Sado Airport	way/560000197	佐渡空港ターミナル	0.53	38.0623	138.4086
SDU	Santos Dumont Airport	way/1053414360	Área de Embarque	0.41	-22.9124	-43.1662
SDW	Sindhudurg Airport	way/890926927	Sindhudurg Airport Terminal	0.63	15.9992	73.5346
SDY	Sidney - Richland Regional Airport	way/399061971	Sidney-Richland Muni. (SDY)	0.96	47.7108	-104.1847
SEA	Seattle–Tacoma International Airport	way/939575460	(unnamed)	0.50	47.4459	-122.3043
SEB	Sabha Airport	way/261926686	(unnamed)	0.63	26.9946	14.4721
SEK	Srednekolymsk Airport	way/712319712	Аэропорт	1.84	67.4654	153.7188
SEN	London Southend Airport	way/94443369	Stobart Jet Centre	0.54	51.5678	0.7001
SET	Santa Magalhães Airport	way/950307228	(unnamed)	0.53	-8.0613	-38.3241
SEZ	Seychelles International Airport	way/101122154	Seychelles International Airport Terminal	1.20	-4.6707	55.5116
SFA	Sfax Thyna International Airport	way/97284359	(unnamed)	0.64	34.7237	10.69
SFB	Orlando Sanford International Airport	way/938860123	(unnamed)	0.69	28.7761	-81.2414
SFJ	Kangerlussuaq International Airport	way/181238393	(unnamed)	1.32	67.0192	-50.6946
SFL	São Filipe Airport	way/1476191298	(unnamed)	0.63	14.8878	-24.4851
SFN	Sauce Viejo Airport	way/290622881	Aeropuerto Metropolitano	0.62	-31.709	-60.806
SFO	San Francisco International Airport	way/60500080	Terminal 2	0.75	37.617	-122.3826
SFS	Subic Bay International Airport / Naval Air Station Cubi Point	way/310638318	Subic Airport Terminal	1.18	14.7955	120.2828
SFT	Skellefteå Airport	relation/7220345	(unnamed)	0.47	64.6233	21.0676
SGD	Sønderborg Airport	way/279068897	(unnamed)	0.39	54.9628	9.7863
SGF	Springfield Branson National Airport	way/123980117	Springfield-Branson National Airport	0.96	37.2394	-93.3968
SGN	Tan Son Nhat International Airport	way/1240951104	Nhà ga Nội địa T3	0.77	10.8121	106.6538
SGU	St George Regional Airport	way/164014198	St. George Regional Airport	0.63	37.0308	-113.509
SGY	Skagway Airport	way/190959728	Skagway Airport	0.91	59.4538	-135.3264
SHA	Shanghai Hongqiao International Airport	way/1443258835	虹桥东区 VVIP	0.84	31.1938	121.3415
SHB	Nakashibetsu Airport	way/174920189	(unnamed)	0.60	43.573	144.956
SHD	Shenandoah Valley Regional Airport	way/501523125	Shenandoah Valley Airline Passenger Terminal	0.32	38.2637	-78.9001
SHE	Shenyang Taoxian International Airport	way/53697524	2号航站楼	0.60	41.6354	123.4879
SHF	Shihezi Huayuan Airport	way/884079069	(unnamed)	0.49	44.2457	85.8941
SHJ	Sharjah International Airport	way/182512055	Terminal 1	0.79	25.3221	55.5204
SHL	Shillong Airport	way/271152567	Shillong Airport Terminal	0.45	25.7061	91.9752
SHM	Nanki Shirahama Airport	way/316156079	南紀白浜空港ビル	0.32	33.6623	135.3605
SHO	King Mswati III International Airport	way/385472992	VIP Terminal	1.19	-26.3683	31.7221
SHR	Sheridan County Airport	way/48601960	(unnamed)	0.92	44.774	-106.9705
SHS	Jingzhou Shashi Airport	way/1062578526	(unnamed)	0.53	30.2952	112.4438
SHV	Shreveport Regional Airport	relation/3892536	Shreveport Regional Airport	1.05	32.4539	-93.8295
SHW	Sharurah Domestic Airport	way/87221683	(unnamed)	1.00	17.4692	47.1123
SHY	Shinyanga Airport	way/1547718877	(unnamed)	0.48	-3.608	33.5076
SID	Amílcar Cabral International Airport	relation/5737210	(unnamed)	0.91	16.7349	-22.9442
SIF	Simara Airport	way/209771423	Simara Domestic airport	0.44	27.1637	84.9796
SIN	Singapore Changi Airport	way/173010412	Changi Airport Terminal 2	0.57	1.3538	103.9904
SIT	Sitka Rocky Gutierrez Airport	way/309345444	Terminal	0.64	57.0526	-135.3653
SJC	Mineta San Jose International Airport	way/95002414	Terminal B	0.48	37.3647	-121.9245
SJD	Los Cabos International Airport	way/425073036	Terminal 2	0.72	23.1573	-109.7168
SJE	Jorge E. Gonzalez Torres Airport	way/119525696	(unnamed)	0.91	2.5716	-72.6384
SJJ	Sarajevo International Airport	relation/19920778	Terminal B	0.42	43.8261	18.3363
SJK	Professor Urbano Ernesto Stumpf Airport	way/312106036	Aeroporto Professor Urbano Ernesto Stumpf	0.43	-23.2253	-45.8616
SJL	São Gabriel da Cachoeira Airport	way/246389288	(unnamed)	0.99	-0.1525	-66.9934
SJO	Juan Santamaría International Airport	way/586456331	Terminal Doméstica	0.50	9.998	-84.207
SJP	Prof. Eribelto Manoel Reino State Airport	way/424901184	Terminal de Passageiros	0.58	-20.8123	-49.4047
SJT	San Angelo Regional Mathis Field	way/299950469	John Schwab Terminal	0.66	31.3574	-100.5029
SJW	Shijiazhuang Zhengding International Airport	way/233204066	T1航站楼	0.47	38.2779	114.6929
SJZ	São Jorge Airport	way/280348833	(unnamed)	0.65	38.6646	-28.1684
SKB	Robert L. Bradshaw International Airport	way/242801177	(unnamed)	0.52	17.3112	-62.7142
SKD	Samarkand International Airport	way/1083748937	Samarkand	1.04	39.6962	66.9911
SKG	Thessaloniki Macedonia International Airport	node/11830387385	T1	0.74	40.5237	22.9765
SKO	Sadiq Abubakar III International Airport	way/208788912	(unnamed)	0.98	12.9182	5.1989
SKP	Skopje International Airport	way/177346294	Меѓународен аеродром Скопје	0.47	41.9609	21.6269
SKT	Sialkot International Airport	way/846909163	Sialkot International Airport	0.44	32.5327	74.3674
SKU	Skiros Airport	way/611884790	(unnamed)	0.79	38.9745	24.4892
SKX	Saransk International Airport	way/685723304	Саранск	1.46	54.138	45.2168
SKZ	Begum Nusrat Bhutto International Airport Sukkur	way/25521203	(unnamed)	0.40	27.723	68.7956
SLA	Martín Miguel de Güemes International Airport	way/197684078	Martín Miguel de Güemes	1.50	-24.8444	-65.4787
SLC	Salt Lake City International Airport	way/1317496730	Concourse B	0.45	40.7893	-111.9852
SLD	Sliač Airport	way/58987453	Terminál	0.58	48.6407	19.1406
SLE	Salem-Willamette Valley Airport/McNary Field	way/30268040	Salem - Willamette Valley Airport	0.40	44.9106	-123.0078
SLH	Sola Airport	way/333723074	(unnamed)	0.48	-13.8557	167.5387
SLI	Solwesi Airport	way/464124461	(unnamed)	0.44	-12.1707	26.3678
SLK	Adirondack Regional Airport	way/124084427	(unnamed)	0.72	44.3805	-74.2035
SLL	Salalah International Airport	way/289146220	Salalah International Airport	0.92	17.0465	54.0885
SLM	Salamanca Airport	way/349779971	Terminal de Pasajeros	1.31	40.9403	-5.5022
SLN	Salina Municipal Airport	way/406125292	(unnamed)	1.73	38.7787	-97.64
SLP	Ponciano Arriaga International Airport	way/183518405	(unnamed)	0.69	22.2559	-100.9366
SLW	Plan de Guadalupe International Airport	way/100763800	Aeropuerto Internacional Plan de Guadalupe	1.27	25.5487	-100.9323
SLY	Salekhard Airport	way/1318601240	Пассажирский терминал	1.06	66.5903	66.587
SLZ	Marechal Cunha Machado International Airport	relation/11204300	Aeroporto Internacional Marechal Cunha Machado	0.35	-2.5836	-44.2365
SMA	Santa Maria Airport	way/195005086	(unnamed)	0.54	36.974	-25.1654
SMI	Samos Airport	way/37453937	(unnamed)	0.27	37.6911	26.9144
SMQ	Sampit (H.Asan) Airport	way/765622655	Terminal Baru Bandara H. Asan	0.39	-2.5026	112.9759
SMR	Simón Bolívar International Airport	way/146846147	(unnamed)	0.33	11.1175	-74.2328
SMS	Sainte Marie Airport	way/463869469	(unnamed)	0.49	-17.0896	49.8167
SMT	Adolino Bedin Regional Airport	way/661211320	Aeroporto Regional de Sorriso - Adolino Bedin	0.35	-12.4797	-55.6755
SMX	Santa Maria Public Airport Captain G Allan Hancock Field	node/2080157285	(unnamed)	0.83	34.899	-120.4479
SNA	John Wayne Orange County International Airport	way/369913189	ACI Jet	0.46	33.6715	-117.8668
SNC	General Ulpiano Paez International Airport	way/1008829693	(unnamed)	1.17	-2.2138	-80.9752
SNN	Shannon Airport	relation/19096119	Shannon Airport	1.03	52.6929	-8.9221
SNO	Sakon Nakhon Airport	node/9710801314	สนามบินสกลนคร	0.33	17.1968	104.1164
SNU	Abel Santamaria International Airport	way/234954598	Aeropuerto Internacional Abel Santamaría	1.47	22.4976	-79.93
SNV	Santa Elena de Uairén Airport	relation/19793438	(unnamed)	0.58	4.5553	-61.14
SNW	Thandwe Airport	way/985107729	(unnamed)	0.70	18.4545	94.2992
SNX	Semnan Municipal Airport	way/389963348	(unnamed)	0.49	35.5955	53.4954
SOB	Hévíz–Balaton Airport	way/107669681	Puskás Ferenc terminál	1.12	46.6964	17.16
SOC	Adisoemarmo International Airport	node/2059220442	Terminal Khusus TKI	0.85	-7.5131	110.7504
SOD	Sorocaba Airport	way/156522728	(unnamed)	0.54	-23.4814	-47.4862
SOF	Sofia Airport	way/53563578	Терминал 2	0.76	42.69	23.4144
SOM	San Tomé Airport	way/292981406	Terminal Aérea	0.75	8.9461	-64.1443
SON	Santo Pekoa International Airport	way/303591634	Pekoa International Airport	0.37	-15.5083	167.2193
SOQ	Domine Eduard Osok Airport	way/509007706	(unnamed)	0.55	-0.891	131.2909
SOU	Southampton Airport	way/371584976	Southampton Airport	0.33	50.9504	-1.3615
SPC	La Palma Airport	way/199234704	(unnamed)	0.59	28.6218	-17.7529
SPD	Saidpur Airport	way/243120695	সৈয়দপুর বিমানবন্দর, সৈয়দপুর	0.43	25.763	88.9096
SPI	Abraham Lincoln Capital Airport	relation/1762153	(unnamed)	0.52	39.8443	-89.6718
SPN	Saipan International Airport	way/388950394	Commuter Terminal	0.52	15.1222	145.725
SPP	Menongue Airport	way/894478232	(unnamed)	0.38	-14.6591	17.7166
SPR	John Greif II Airport	way/1300981075	Maya Island Air	0.67	17.9172	-87.9658
SPS	Wichita Falls Municipal Airport / Sheppard Air Force Base	way/62072857	Wichita Falls Regional Airport Terminal	2.71	33.9644	-98.4919
SPU	Split Saint Jerome Airport	way/27361625	Split Airport	0.27	43.5366	16.2991
SPX	Sphinx International Airport	way/1188364846	(unnamed)	0.64	30.108	30.8891
SPY	San Pedro Airport	way/315477967	(unnamed)	0.30	4.7467	-6.6581
SQD	Shangrao Sanqingshan Airport	way/535161258	(unnamed)	0.49	28.3841	117.9646
SQJ	Sanming Shaxian Airport	way/713923802	(unnamed)	0.57	26.4253	117.8392
SRA	Luis Alberto Lehr Airport	way/564787094	(unnamed)	0.32	-27.9042	-54.5188
SRG	Jenderal Ahmad Yani Airport	relation/10243916	(unnamed)	0.52	-6.9663	110.3748
SRL	Palo Verde Airport	way/441086711	(unnamed)	0.41	27.0899	-112.1012
SRQ	Sarasota Bradenton International Airport	way/32451944	(unnamed)	0.70	27.3885	-82.5526
SRY	Sari Dasht-e Naz International Airport	way/120488005	(unnamed)	1.19	36.6358	53.1967
SRZ	El Trompillo Airport	way/46843066	Terminal El Trompillo	1.24	-17.8013	-63.1759
SSA	Deputado Luiz Eduardo Magalhães International Airport	way/898584728	Gol Log	0.74	-12.9136	-38.327
SSG	Malabo International Airport	way/654502246	Terminal 2 International	0.48	3.7523	8.7118
SSH	Sharm El Sheikh International Airport	way/88361002	Sharm-el-Sheikh Domestic Terminal (T2)	0.73	27.9814	34.3889
SSJ	Sandnessjøen Airport, Stokka	way/469567341	Stokka lufthavn	0.50	65.9601	12.4763
STC	Saint Cloud Regional Airport	way/769704344	Airline Terminal	0.48	45.5462	-94.066
STD	Mayor Buenaventura Vivas International Airport	way/243501689	Terminal Aérea	1.17	7.5714	-72.0438
STI	Cibao International Airport	way/204908882	(unnamed)	0.33	19.4022	-70.602
STL	St. Louis Lambert International Airport	way/1024742760	Concourse A	0.51	38.7444	-90.368
STM	Santarém - Maestro Wilson Fonseca International Airport	way/163195425	Maestro Wilson Fonseca	0.78	-2.4248	-54.7865
STN	London Stansted Airport	way/30954166	Satellite 1	1.38	51.8894	0.2538
STR	Stuttgart Airport	way/157028807	Terminal 4	1.83	48.6908	9.1971
STS	Charles M. Schulz Sonoma County Airport	way/755796731	Gates 5-8	0.60	38.5104	-122.8063
STT	Cyril E. King Airport	way/25712664	(unnamed)	0.62	18.3348	-64.9719
STV	Surat International Airport	way/552223974	(unnamed)	0.57	21.1206	72.7425
STW	Stavropol Shpakovskoye Airport	way/868221985	Терминал B	0.72	45.1127	42.1051
STX	Henry E. Rohlsen Airport	way/544497231	(unnamed)	0.55	17.6989	-64.7981
SUB	Juanda International Airport	node/10288593416	Terminal 1 Bandara Juanda	0.97	-7.3747	112.7941
SUF	Lamezia Terme Sant'Eufemia International Airport	relation/20063615	Aeroporto Internazionale di Lamezia Terme	0.36	38.9094	16.2451
SUG	Surigao Airport	way/306653311	Surigao Airport Passenger Terminal	0.52	9.7604	125.4821
SUI	Vladislav Ardzinba Sukhum International Airport	way/1358361882	Международный аэропорт «Сухум» им. В. Г. Ардзинба	1.13	42.8672	41.1217
SUJ	Satu Mare International Airport	way/459551124	(unnamed)	0.45	47.7063	22.8817
SUN	Friedman Memorial Airport	way/1303575899	Friedman Memorial Airport	0.46	43.5066	-114.3008
SUX	Sioux Gateway Airport / Brigadier General Bud Day Field	way/32978354	(unnamed)	0.46	42.4008	-96.3787
SUY	Suntar Airport	way/735355119	(unnamed)	0.43	62.1828	117.6419
SVC	Grant County Airport	way/871530881	Private Aircraft Terminal	0.68	32.6306	-108.155
SVD	Argyle International Airport	relation/10290890	Passenger Terminal	0.54	13.164	-61.1511
SVG	Stavanger Airport, Sola	node/26318725	Stavanger lufthavn, Sola	0.76	58.8821	5.6296
SVI	Eduardo Falla Solano Airport	way/953143702	(unnamed)	0.66	2.147	-74.7633
SVL	Savonlinna Airport	way/343042864	Savonlinnan lentoasema	0.71	61.9439	28.9316
SVO	Sheremetyevo International Airport	relation/19996466	Терминал C	0.28	55.9792	37.4097
SVQ	Seville Airport	way/1317107241	(unnamed)	0.81	37.422	-5.9008
SVU	Savusavu Airport	way/223937116	Savusavu Terminal	0.51	-16.799	179.3393
SVX	Koltsovo Airport	relation/14224083	(unnamed)	0.78	56.7501	60.8022
SWA	Jieyang Chaoshan International Airport	way/1037271950	(unnamed)	0.67	23.5478	116.508
SWF	New York Stewart International Airport	way/43149042	New York Stewart International Airport Passenger Terminal	0.93	41.4987	-74.1005
SWO	Stillwater Regional Airport	way/538342457	(unnamed)	0.46	36.1582	-97.0841
SWQ	Sultan Muhammad Kaharuddin III Airport	way/816279901	(unnamed)	0.32	-8.4891	117.4149
SWX	Shakawe Airport	way/330157732	(unnamed)	0.64	-18.3714	21.8381
SXB	Strasbourg Airport	relation/11522370	Bloc Technique SNA-NE	0.53	48.5418	7.6233
SXK	Mathilda Batlayeri Airport	way/1271382773	(unnamed)	0.35	-7.8495	131.3341
SXM	Princess Juliana International Airport	way/167636055	Princess Juliana International Airport	0.60	18.0441	-63.1135
SXR	Srinagar International Airport	relation/7240620	Sheikh ul-Alam International Airport	1.98	34.0019	74.7623
SYD	Sydney Kingsford Smith International Airport	way/57010954	Terminal 2 - Jetstar / Virgin	1.22	-33.9353	151.1791
SYM	Pu'er Simao Airport	way/102686998	Simao Airport	0.46	22.7965	100.9619
SYO	Shonai Airport	way/923595409	(unnamed)	0.37	38.8155	139.7873
SYR	Syracuse Hancock International Airport	way/159452641	South Concourse (A)	0.38	43.113	-76.1103
SYX	Sanya Phoenix International Airport	way/477255452	(unnamed)	0.73	18.309	109.4095
SYY	Stornoway Airport	node/11942794257	Stornoway Airport	0.57	58.2139	-6.3219
SYZ	Shiraz Shahid Dastghaib International Airport	way/27908851	ترمینال پروازهای داخلی فرودگاه شهید دستغیب	0.73	29.5458	52.59
SZA	Soyo Airport	way/215063362	Soyo	0.32	-6.1386	12.3733
SZB	Sultan Abdul Aziz Shah International Airport	way/380041679	Subang Skypark Terminal	0.55	3.133	101.5533
SZE	Semera Airport	way/369356829	(unnamed)	0.53	11.7922	40.9922
SZF	Samsun-Çarşamba Airport	way/127071925	Samsun Çarşamba Havalimanı İç-Dış Hatlar Terminali	1.10	41.2577	36.5553
SZG	Salzburg Airport	way/55716693	Terminal 1	0.53	47.7914	12.9978
SZI	Zaysan Airport	way/48738302	(unnamed)	0.28	47.4851	84.8864
SZK	Skukuza Airport	way/231615121	(unnamed)	0.88	-24.9674	31.5935
SZX	Shenzhen Bao'an International Airport	way/877295774	卫星厅	0.54	22.6431	113.7998
SZY	Olsztyn-Mazury Airport	way/314175431	Port Lotniczy Olsztyn-Mazury	0.89	53.488	20.9465
SZZ	Solidarity Szczecin–Goleniów Airport	way/431661484	Port Lotniczy Szczecin-Goleniów im. NSZZ "Solidarność"	1.06	53.5932	14.8949
TAB	A.N.R. Robinson International Airport	way/1535586959	ANR Robinson International Airport	0.56	11.1524	-60.8271
TAE	Daegu International Airport	way/32817051	대구국제공항	1.77	35.8997	128.6385
TAG	Bohol-Panglao International Airport	way/659267032	(unnamed)	0.53	9.569	123.7727
TAH	Whitegrass Airport	node/12633237068	Tanna Airport terminal	0.56	-19.4585	169.228
TAI	Taiz International Airport	way/91006677	(unnamed)	0.48	13.6856	44.1347
TAK	Takamatsu Airport	way/180289749	(unnamed)	0.48	34.2186	134.0183
TAM	General Francisco Javier Mina International Airport	way/184240108	(unnamed)	0.43	22.2894	-97.8694
TAP	Tapachula International Airport	way/1027261706	(unnamed)	0.46	14.7905	-92.3692
TAS	Tashkent International Airport	way/301372378	«Tashkent-2» International Airlines (Arrival)	1.22	41.2636	69.2687
TAT	Poprad-Tatry Airport	way/73436408	Terminál	0.54	49.0687	20.2479
TAY	Tartu Airport	way/95116764	Tartu lennujaam	0.41	58.3103	26.691
TAZ	Dashoguz International Airport	way/211458466	Daşoguz Halkara Howa Menzili	0.62	41.7649	59.8331
TBB	Dong Tac Airport	way/627221128	(unnamed)	1.08	13.0499	109.344
TBG	Tabubil Airport	way/1413353078	(unnamed)	0.33	-5.2775	141.2276
TBH	Tugdan Airport	way/512207191	Tablas (Tugdan) Airport Terminal	0.71	12.3159	122.0808
TBJ	Tabarka-Aïn Draham International Airport	way/129798885	(unnamed)	0.43	36.9761	8.8767
TBN	Waynesville-St. Robert Regional Airport-Forney Field	way/661131245	(unnamed)	1.02	37.7329	-92.1369
TBP	Captain Pedro Canga Rodríguez International Airport	way/292629925	(unnamed)	0.39	-3.5509	-80.3844
TBS	Tbilisi International Airport	way/25700546	VIP-Terminal	0.62	41.674	44.9584
TBT	Tabatinga International Airport	way/216169784	(unnamed)	0.70	-4.2504	-69.9393
TBU	Fua'amotu International Airport	way/168878137	International Terminal	0.78	-21.2414	-175.1416
TBZ	Tabriz International Airport	way/122789322	(unnamed)	1.43	38.1234	46.2444
TCA	Tennant Creek Airport	way/1334813872	(unnamed)	0.76	-19.6411	134.1846
TCG	Tacheng Qianquan Airport	way/888690202	New Terminal	0.43	46.6688	83.3424
TCO	La Florida Airport	way/772180589	(unnamed)	0.60	1.8129	-78.7544
TCQ	Coronel FAP Carlos Ciriani Santa Rosa International Airport	way/300883707	(unnamed)	0.37	-18.0502	-70.277
TCZ	Tengchong Tuofeng Airport	way/744201148	T2航站楼	0.36	24.9379	98.4823
TDD	Teniente Av. Jorge Henrich Arauz Airport	way/102665292	(unnamed)	0.44	-14.8225	-64.9191
TDK	Taldykorgan Airport	way/385410875	Аэропорт Талды-Курган	1.53	45.1088	78.4422
TDX	Trat Airport	way/582228353	(unnamed)	0.89	12.2809	102.324
TEB	Teterboro Airport	way/474809665	FBO	0.58	40.8534	-74.0661
TEE	Cheikh Larbi Tébessi Airport	way/364573951	(unnamed)	0.51	35.4274	8.1185
TEN	Tongren Fenghuang Airport	way/534338246	(unnamed)	0.42	27.8843	109.3048
TEQ	Tekirdağ Çorlu Airport	way/1547942021	Tekirdağ Çorlu Atatürk Havalimanı	1.52	41.127	27.9087
TER	Lajes Airport	way/173132262	Aerogare Civil das Lajes	0.91	38.7541	-27.0873
TET	Tete Airport	way/302041648	Chingodzi Airport	0.67	-16.1092	33.6445
TEX	Telluride Regional Airport	way/230494623	(unnamed)	0.53	37.9546	-107.902
TEZ	Tezpur Airport	way/967196879	(unnamed)	1.96	26.6989	92.7686
TFF	Tefé Airport	way/941456830	(unnamed)	0.45	-3.3789	-64.7239
TFN	Tenerife Norte-Ciudad de La Laguna Airport	way/562994185	Aeropuerto de Tenerife-Norte	0.68	28.4875	-16.3461
TFS	Tenerife Sur Airport	relation/17147764	Aeropuerto de Tenerife Sur Reina Sofía	0.61	28.0477	-16.5775
TFU	Chengdu Tianfu International Airport	relation/18562218	二号航站楼	0.35	30.3129	104.4449
TGD	Podgorica Airport / Podgorica Golubovci Airbase	way/377392288	Stari terminal	0.91	42.3667	19.2468
TGG	Sultan Mahmud Airport	way/359681276	Terminal Lapangan Terbang Sultan Mahmud	0.45	5.3792	103.1052
TGM	Târgu Mureş Transilvania International Airport	way/167436697	Terminal Aeroport Târgu Mureș	0.83	46.4672	24.4233
TGO	Tongliao Airport	way/423842894	(unnamed)	0.36	43.5553	122.204
TGQ	Tangará da Serra Airport	way/953673268	(unnamed)	0.93	-14.6547	-57.448
TGR	Touggourt Sidi Madhi Airport	way/459552328	(unnamed)	0.36	33.0657	6.0916
TGT	Tanga Airport	way/182691733	(unnamed)	0.49	-5.089	39.074
TGZ	Angel Albino Corzo International Airport	relation/12849173	(unnamed)	0.62	16.5609	-93.02
THD	Tho Xuan Airport	way/586054177	(unnamed)	1.28	19.8927	105.4754
THE	Senador Petrônio Portela Airport	way/251870235	(unnamed)	0.44	-5.0634	-42.8213
THG	Thangool Airport	way/711327864	(unnamed)	0.56	-24.4917	150.5737
THL	Tachileik Airport	way/105708055	(unnamed)	0.36	20.4812	99.9334
THN	Trollhättan-Vänersborg Airport	way/4851194	(unnamed)	0.36	58.3164	12.3503
THO	Þórshöfn Airport	way/202178649	(unnamed)	0.27	66.2204	-15.3312
THQ	Tianshui Maijishan Airport	way/238871421	(unnamed)	0.58	34.5565	105.865
THR	Mehrabad International Airport	way/208970304	ترمینال ۱	0.64	35.6917	51.3208
THS	Sukhothai Airport	way/1275439016	(unnamed)	0.64	17.2327	99.8205
THX	Turukhansk Airport	way/171770847	Аэропорт "Туруханск"	0.38	65.795	87.929
TIA	Tirana International Airport Mother Teresa	way/289025972	Tirana International Airport (TIA)	0.73	41.4192	19.7142
TIF	Taif International Airport	way/129784829	(unnamed)	0.99	21.4807	40.5526
TIH	Tikehau Airport	way/541741184	(unnamed)	0.33	-15.1188	-148.234
TIJ	General Abelardo L. Rodriguez International Airport	way/893576683	Edificio Procesador	0.61	32.5458	-116.9733
TIM	Mozes Kilangin Airport	way/431686343	Freeport Terminal	0.38	-4.5275	136.89
TIN	Tindouf Airport	way/386250667	Terminal d'Aéroport	0.56	27.7051	-8.1651
TIQ	Francisco Manglona Borja / Tinian International Airport	relation/2099645	(unnamed)	0.94	14.9946	145.6267
TIR	Tirupati International Airport	way/363114642	(unnamed)	0.51	13.6355	79.5429
TIV	Tivat Airport	way/206539702	(unnamed)	0.92	42.412	18.7181
TJA	Capitan Oriel Lea Plaza Airport	way/103507980	Terminal Capitán Oriel Lea Plaza	1.19	-21.5475	-64.7087
TJG	Warukin Airport	way/1312859382	(unnamed)	0.77	-2.2124	115.4415
TJH	Konotori Tajima Airport	way/409183565	コウノトリ但馬空港	0.45	35.5163	134.7894
TJK	Tokat Airport	way/1212470548	(unnamed)	1.06	40.3183	36.3813
TJL	Plínio Alarcom Airport	way/454227140	(unnamed)	0.30	-20.7548	-51.6803
TJM	Roshchino International Airport	way/113580771	(unnamed)	1.23	57.1814	65.3476
TJQ	H A S Hanandjoeddin International Airport	way/544322249	(unnamed)	1.10	-2.7539	107.7531
TJU	Kulob International Airport	way/459883510	Фурудгоҳи Кӯлоб	0.53	37.9837	69.8074
TKD	Takoradi Airport	way/462519152	(unnamed)	0.26	4.8941	-1.7735
TKG	Radin Inten II International Airport	way/381416776	(unnamed)	0.84	-5.2427	105.1762
TKK	Chuuk International Airport	way/140255214	(unnamed)	0.48	7.4577	151.8419
TKM	Taksimo Airport	way/1088124861	(unnamed)	0.52	56.3601	114.9221
TKN	Tokunoshima Airport	way/926205303	旅客ターミナルビル	0.49	27.8323	128.8832
TKQ	Kigoma Airport	relation/2386095	(unnamed)	0.33	-4.8863	29.6679
TKS	Tokushima Awaodori Airport / JMSDF Tokushima Air Base	way/153365996	(unnamed)	0.96	34.1345	134.618
TKU	Turku Airport	way/90095934	Terminaali 1	0.68	60.5113	22.2739
TLC	Adolfo López Mateos International Airport	way/692614339	(unnamed)	0.30	19.3368	-99.5687
TLE	Toliara Airport	way/208796393	(unnamed)	0.73	-23.388	43.7234
TLH	Tallahassee International Airport	way/73676940	Ivan Munroe Terminal	1.12	30.3951	-84.345
TLL	Lennart Meri Tallinn Airport	way/26881372	Lennart Meri Tallinna lennujaam	1.81	59.4164	24.8012
TLM	Zenata – Messali El Hadj Airport	way/354136632	(unnamed)	0.84	35.0123	-1.4479
TLN	Toulon-Hyères Airport	way/221889216	aéroport de Toulon-Hyères	1.10	43.0936	6.1586
TLQ	Turpan Jiaohe Airport	way/366999580	(unnamed)	0.48	43.0267	89.1004
TLS	Toulouse-Blagnac Airport	relation/1682010	Hall D	0.70	43.632	1.3715
TLU	Golfo de Morrosquillo Airport	way/112114015	(unnamed)	0.52	9.5141	-75.5859
TLV	Ben Gurion International Airport	way/83890390	Concourse C	1.39	32.0051	34.874
TLY	Plastun Airport	way/421548411	Пластун-Авиа	0.29	44.8135	136.289
TMC	Tambolaka Airport	relation/12523033	(unnamed)	0.49	-9.4122	119.2458
TME	Gustavo Vargas Airport	way/1016466323	(unnamed)	1.01	6.4541	-71.7517
TMH	Tanah Merah Airport	way/684081125	(unnamed)	0.36	-6.0963	140.3003
TMJ	Termez Airport	relation/7233106	Термез	0.94	37.2809	67.3188
TML	Yakubu Tali International Airport	way/173144215	(unnamed)	0.33	9.5522	-0.8636
TMM	Toamasina Ambalamanasy Airport	way/196311861	(unnamed)	0.34	-18.1143	49.3954
TMP	Tampere-Pirkkala Airport	way/34785247	Terminaali 1	0.84	61.4202	23.6138
TMR	Aguenar – Hadj Bey Akhamok Airport	way/311348287	Terminal	0.52	22.8154	5.449
TMS	São Tomé International Airport	way/167597061	(unnamed)	0.38	0.3748	6.7128
TMT	Trombetas Airport	way/452418995	(unnamed)	0.85	-1.4856	-56.3903
TMW	Tamworth Airport	way/16278647	Tamworth Regional Airport	0.78	-31.0844	150.8486
TMX	Timimoun Airport	way/397412139	Aeroport Timimoun	0.95	29.2443	0.2813
TNA	Jinan Yaoqiang International Airport	relation/9741502	济南遥墙国际机场T1航站楼	0.92	36.8513	117.2088
TND	Alberto Delgado Airport	way/106092740	Aeropuerto Alberto Delgado	0.90	21.7925	-79.9898
TNE	New Tanegashima Airport	way/1298502483	(unnamed)	0.46	30.6092	130.9915
TNG	Tangier Ibn Battuta Airport	way/222820321	Arrivals	0.98	35.7259	-5.9133
TNH	Tonghua Sanyuanpu Airport	way/677630139	(unnamed)	0.87	42.0515	125.7436
TNJ	Raja Haji Fisabilillah International Airport	relation/12806912	(unnamed)	0.79	0.9217	104.5267
TNN	Tainan International Airport / Tainan Air Base	way/365376311	台南航空站航廈	1.03	22.9479	120.2157
TNR	Ivato International Airport	way/1218059638	(unnamed)	0.38	-18.8003	47.4785
TOE	Tozeur Nefta International Airport	way/97301843	(unnamed)	0.50	33.9353	8.1114
TOF	Tomsk Kamov Airport	relation/14214746	VIP-зал	0.72	56.3868	85.2079
TOL	Eugene F. Kranz Toledo Express Airport	way/109333153	(unnamed)	0.64	41.5924	-83.8062
TOM	Tombouktou Airport	way/27927837	(unnamed)	1.21	16.7319	-2.9963
TOS	Tromsø Airport	way/369179765	(unnamed)	0.49	69.6807	18.9088
TOU	Touho Airport	way/75510153	Tour de Contrôle	0.31	-20.7915	165.2569
TOY	Toyama Kitokito Airport	way/570545849	(unnamed)	0.45	36.6446	137.1892
TPP	Cadete FAP Guillermo Del Castillo Paredes Airport	way/287938225	(unnamed)	0.59	-6.512	-76.369
TPQ	Amado Nervo National Airport	way/159114034	Aeropuerto internacional de Tepic-Riviera Nayarit	0.45	21.4171	-104.8393
TPS	Vincenzo Florio Airport Trapani-Birgi	way/74837328	(unnamed)	1.28	37.9018	12.4961
TQO	Felipe Carrillo Puerto International Airport Tulum	way/1237978057	Edificio Terminal Comercial Tulum	0.62	20.1667	-87.6587
TRC	Francisco Sarabia Tinoco International Airport	way/870654847	(unnamed)	0.59	25.5634	-103.3989
TRD	Trondheim Airport, Værnes	way/182459277	(unnamed)	0.51	63.4542	10.9176
TRE	Tiree Airport	way/97027458	(unnamed)	0.60	56.4984	-6.8789
TRF	Sandefjord Airport, Torp	way/101982415	Sandefjord lufthavn, Torp	0.94	59.1791	10.2515
TRI	Tri-Cities Regional TN/VA Airport	way/408042480	(unnamed)	0.67	36.4812	-82.4076
TRK	Juwata International Airport / Suharnoko Harbani AFB	way/572932697	(unnamed)	0.43	3.3241	117.5679
TRN	Turin Airport	way/1119615417	Terminal Torino Caselle	1.14	45.1913	7.644
TRR	China Bay Airport	way/588787139	Airport Trincomalee	1.15	8.5458	81.1893
TRS	Trieste Airport	way/36390082	Aeroporto Friuli Venezia Giulia	1.62	45.8214	13.4854
TRT	Toraja Airport	way/868970757	(unnamed)	0.38	-3.1848	119.9157
TRU	Capitán FAP Carlos Martínez de Pinillos International Airport	way/292649084	(unnamed)	0.37	-8.0856	-79.1079
TRV	Thiruvananthapuram International Airport	way/1303676224	(unnamed)	0.51	8.4858	76.9225
TRZ	Tiruchirappalli International Airport	way/1028216010	Tiruchirapalli New Terminal	0.53	10.7596	78.7143
TSA	Taipei Songshan International Airport	way/549458178	第一航廈（國際線）	0.36	25.0641	121.5522
TSF	Treviso Airport	way/303537894	Aeroporto "Antonio Canova" di Treviso	1.05	45.6546	12.2046
TSJ	Tsushima Airport	node/4297534052	(unnamed)	0.46	34.2859	129.3261
TSM	Taos Regional Airport	way/44776602	(unnamed)	1.16	36.461	-105.67
TSN	Tianjin Binhai International Airport	way/1466354649	(unnamed)	0.52	39.1215	117.3412
TSR	Timișoara Traian Vuia International Airport	way/1274642728	Plecări Schengen	1.17	45.8094	21.3228
TST	Trang Airport	way/486902021	ท่าอากาศยานตรัง	0.32	7.5114	99.6154
TSV	Townsville Airport / RAAF Base Townsville	way/136695763	Townsville International Airport	0.57	-19.2563	146.7706
TTA	Tan Tan Airport	way/89598661	Aéroport de Tan-Tan - Plage Blanche	0.35	28.4454	-11.1591
TTE	Sultan Babullah Airport	way/383574500	Bandar Udara Sultan Khairun Babullah	0.60	0.8332	127.3767
TTJ	Tottori Sand Dunes Conan Airport	way/440990361	(unnamed)	0.44	35.5269	134.1679
TTN	Trenton Mercer Airport	way/1062227653	(unnamed)	0.37	40.2775	-74.8177
TTT	Taitung Airport	way/321507647	台東航空站	0.55	22.7563	121.1069
TTU	Sania Ramel Airport	way/165666066	Terminal	1.06	35.5911	-5.3311
TUA	Lieutenant Colonel Luis A. Mantilla International Airport	way/99581539	Teniente Coronel Luis A. Mantilla	0.34	0.8122	-77.7067
TUC	Teniente Benjamín Matienzo International Airport	way/87313510	(unnamed)	0.45	-26.8357	-65.1083
TUF	Tours Val de Loire Airport	way/69411215	Aéroport Tours Val de Loire	0.96	47.4258	0.7191
TUI	Turaif Domestic Airport	way/280721132	(unnamed)	0.43	31.6889	38.7339
TUK	Turbat International Airport	way/430782670	(unnamed)	0.46	25.9888	63.028
TUL	Tulsa International Airport	relation/1159040	Tulsa International Airport	0.73	36.1909	-95.8888
TUN	Tunis Carthage International Airport	way/94666114	المحطة الأولى	0.92	36.8459	10.2191
TUP	Tupelo Regional Airport	way/251851060	Tupelo	0.39	34.2662	-88.7663
TUR	Tucuruí Airport	way/317528279	(unnamed)	0.67	-3.7812	-49.7167
TUS	Tucson International Airport	way/34995789	Tucson International Airport	0.58	32.1202	-110.9376
TUU	Prince Sultan bin Abdulaziz International Airport	way/353627632	(unnamed)	2.59	28.3721	36.5984
TVC	Cherry Capital Airport	way/112691850	Cherry Capital Airport Terminal	0.51	44.7372	-85.5796
TVF	Thief River Falls Regional Airport	way/159888352	(unnamed)	0.40	48.0656	-96.1796
TVS	Tangshan Sannühe Airport	way/822823790	三女河机场T1航站楼	0.98	39.7231	117.9934
TVT	Tashkent-Khumo International Airport	way/788350504	Government terminal	0.82	41.3182	69.3888
TVU	Matei Airport	way/22633565	Matei Airport	0.51	-16.6879	-179.8809
TVY	Dawei Airport	way/717120364	ထားဝယ်လေဆိပ်	0.42	14.1002	98.2028
TWC	Tumxuk Tangwangcheng Airport	way/881166198	(unnamed)	0.40	39.8891	79.2299
TWF	Joslin Field Magic Valley Regional Airport	way/406008417	(unnamed)	0.32	42.4833	-114.4846
TWT	Sanga Sanga Airport	way/379226888	Airport Terminal	0.35	5.0451	119.7437
TWU	Tawau Airport	way/401954889	Tawau Airport Teminal	0.81	4.3138	118.1142
TXE	Rembele Airport	way/228618209	(unnamed)	0.44	4.7242	96.8494
TXK	Texarkana Regional Airport (Webb Field)	way/1300522782	Texarkana Regional Airport Passenger Terminal	0.36	33.4506	-93.9898
TXN	Huangshan Tunxi International Airport	relation/3533822	(unnamed)	0.35	29.7307	118.2539
TYF	Torsby Airport	way/189639915	(unnamed)	0.83	60.1502	12.9925
TYN	Taiyuan Wusu International Airport	way/1075877240	2号航站楼	0.65	37.7527	112.6292
TYR	Tyler Pounds Regional Airport	way/423658902	(unnamed)	0.75	32.3511	-95.4095
TYS	McGhee Tyson Airport	relation/18566126	McGhee Tyson Airport	0.60	35.8063	-83.9907
TZL	Tuzla International Airport	way/219295644	Putnički terminal	1.16	44.464	18.7102
TZN	Congo Town Airport	way/305431898	(unnamed)	0.65	24.1566	-77.5838
TZX	Trabzon International Airport	way/1265693785	Dış Hatlar Gelen Yolcu Terminali	0.45	40.9938	39.7846
UAI	Commander in Chief of FALINTIL, Kay Rala Xanana Gusmão, International Airport	way/658013864	(unnamed)	0.36	-9.3022	125.283
UAK	Narsarsuaq Airport	way/526344682	(unnamed)	0.42	61.1615	-45.4179
UAQ	Domingo Faustino Sarmiento Airport	way/1171879858	Terminal de Pasajeros	0.41	-31.5716	-68.4225
UAR	Bouarfa Airport	way/309435789	(unnamed)	0.66	32.5175	-1.9771
UBA	Mário de Almeida Franco Airport	way/126265009	Terminal de Passageiros - Aeroporto de Uberaba	0.32	-19.7657	-47.9618
UBJ	Yamaguchi Ube Airport	way/449021424	(unnamed)	0.44	33.9329	131.2757
UBN	Ulaanbaatar Chinggis Khaan International Airport	way/553635379	Чингис хаан олон улсын нисэх буудал	0.50	47.6513	106.8215
UBP	Ubon Ratchathani Airport	node/9710544835	ท่าอากาศยานนานาชาติอุบลราชธานี	0.49	15.2469	104.8707
UCB	Ulanqab Jining Airport	way/467960486	(unnamed)	0.48	41.1265	113.11
UCT	Ukhta Airport	way/92716634	Аэропорт "Ухта"	1.26	63.5556	53.8055
UDI	Ten. Cel. Aviador César Bombonato Airport	way/1553111698	Aena - Aeroporto de Uberlândia	0.62	-18.8891	-48.2249
UDR	Maharana Pratap Airport	way/175114624	(unnamed)	0.63	24.6199	73.8904
UEL	Quelimane Airport	way/1005773595	(unnamed)	0.43	-17.8577	36.8724
UEO	Kumejima Airport	way/728246482	(unnamed)	0.41	26.3649	126.7176
UET	Quetta International Airport	way/860487471	Quetta International Airport	1.08	30.249	66.9487
UFA	Ufa International Airport	way/130849378	Терминал 1	1.01	54.5645	55.8845
UGA	Bulgan Airport	way/270372128	(unnamed)	0.61	48.8541	103.4842
UGC	Urgench International Airport	way/167429835	Ургенч	0.86	41.5849	60.6335
UIB	El Caraño Airport	way/503220480	(unnamed)	0.32	5.691	-76.6441
UIH	Phu Cat Airport	way/627232064	(unnamed)	0.72	13.9537	109.0485
UII	Utila Airport	way/513596213	(unnamed)	0.35	16.1108	-86.8825
UIO	Mariscal Sucre International Airport	way/210400359	Aeropuerto Mariscal Sucre	0.66	-0.1244	-78.3602
UKB	Kobe Airport	way/1377721775	第2ターミナルビル	0.56	34.6377	135.2256
UKG	Ust-Kuyga Airport	way/1148323288	Усть-Куйга	0.86	70.0061	135.6276
UKK	Oskemen International Airport	way/47858784	Өскемен халықаралық әуежайы	1.23	50.026	82.5061
UKX	Ust-Kut Airport	way/527380054	Аэропорт	0.83	56.8572	105.7163
ULG	Ölgii Mongolei International Airport	way/536365950	(unnamed)	0.28	48.9917	89.9196
ULH	Al-Ula International Airport	way/232975414	(unnamed)	0.63	26.478	38.117
ULK	Lensk Airport	way/156329935	Аэропорт "Ленск"	0.35	60.7226	114.8314
ULO	Ulaangom Airport	way/208806770	Дэглий цагаан нисэх буудал	0.34	50.0657	91.9337
ULP	Quilpie Airport	node/1437254821	Quilpie Airport Terminal	0.45	-26.612	144.257
ULU	Gulu Airport	way/176124938	(unnamed)	1.72	2.7901	32.2725
ULV	Ulyanovsk Baratayevka Airport	relation/8303644	Ульяновск	1.91	54.2867	48.2335
ULY	Ulyanovsk Vostochny Airport	way/375668180	(unnamed)	1.49	54.4142	48.7986
ULZ	Donoi Airport	way/224056794	(unnamed)	0.42	47.7122	96.5294
UME	Umeå Airport	way/134382773	(unnamed)	0.34	63.7932	20.289
UMS	Ust-Maya Airport	node/2612970577	Аэровокзал	1.13	60.3642	134.4527
UNA	Una-Comandatuba Airport	way/956546512	(unnamed)	0.49	-15.3576	-38.9957
UNG	Kiunga Airport	way/791336557	(unnamed)	0.43	-6.1256	141.2859
UNN	Ranong Airport	way/517106921	(unnamed)	0.47	9.7738	98.5874
UOL	Buol - Pogogul Airport	way/678086062	(unnamed)	0.44	1.1055	121.4157
UPG	Sultan Hasanuddin International Airport	way/161183409	(unnamed)	0.74	-5.0766	119.5471
UPN	Uruapan - Licenciado y General Ignacio Lopez Rayon International Airport	way/448171849	(unnamed)	0.68	19.4028	-102.0386
URA	Manshuk Mametova International Airport	way/228186996	Мәншүк Маметова халықаралық әуежайы	0.41	51.1534	51.5383
URC	Ürümqi Tianshan International Airport	way/1019857708	乌鲁木齐天山国际机场北航站区 ئۇرۇمچى تيەنشەن خەلقئارا ئايرودرومىنىڭ شىمالىي تېرمىنالى	0.42	43.9157	87.4751
URE	Kuressaare Airport	way/227476138	Kuressaare lennujaam	0.35	58.2321	22.5052
URG	Rubem Berta Airport	way/123326424	(unnamed)	0.31	-29.784	-57.0357
URJ	Uray Airport	way/99451630	Аэровокзал	1.52	60.1169	64.8239
URT	Surat Thani Airport	way/323781596	New Terminal	0.82	9.1343	99.1429
URY	Gurayat Domestic Airport	way/1024901482	(unnamed)	0.44	31.4098	37.2754
USA	Concord-Padgett Regional Airport	way/539938951	Concord Regional Airport FBO	0.39	35.3856	-80.7125
USH	Ushuaia - Malvinas Argentinas International Airport	way/868856955	(unnamed)	1.13	-54.8396	-68.3123
USJ	Usharal Airport	way/938038706	(unnamed)	1.93	46.1828	80.8532
USK	Usinsk Airport	way/105482056	(unnamed)	0.46	66.0028	57.3763
USN	Ulsan Airport	way/319061291	울산공항	0.35	35.5929	129.3558
UST	Northeast Florida Regional Airport	way/370517441	(unnamed)	0.34	29.9565	-81.3414
USU	Francisco B. Reyes (Busuanga) Airport	way/152008500	Busuanga Airport	0.32	12.1198	120.0987
UTH	Udon Thani International Airport	way/116253658	ท่าอากาศยานนานาชาติอุดรธานี	1.36	17.3869	102.7758
UTN	Upington Airport	way/48765435	(unnamed)	1.20	-28.4088	21.2561
UTP	U-Tapao–Rayong–Pattaya International Airport	way/242396695	(unnamed)	0.86	12.676	100.9981
UTT	K. D. Matanzima Airport	way/104760404	(unnamed)	0.30	-31.5487	28.6718
UUA	Bugulma Airport	way/166125270	(unnamed)	0.99	54.6344	52.7903
UUD	Baikal International Airport	way/1442523623	Внутренний терминал	0.47	51.8046	107.4419
UUS	Yuzhno-Sakhalinsk International Airport	way/86369247	Старый Терминал	0.50	46.8869	142.7237
UVF	Hewanorra International Airport	way/25693005	(unnamed)	0.46	13.7365	-60.9501
UVI	José Cleto Airport	way/611266856	(unnamed)	0.49	-26.229	-51.0683
UYL	Nyala Airport	way/250502010	(unnamed)	0.43	12.056	24.9532
UYN	Yulin Yuyang Airport	way/167714018	T1航站楼	0.55	38.3616	109.5968
UYU	Joya Andina International Airport	way/253461655	(unnamed)	1.58	-20.4452	-66.843
UZR	Urzhar Airport	way/48851113	Үржар әуежайы	0.83	47.0919	81.6573
VAA	Vaasa Airport	way/23039057	Vaasan lentoasema	0.77	63.0434	21.7607
VAI	Vanimo Airport	way/541175232	Vanimo Airport Terminal	0.73	-2.6869	141.2995
VAL	Valença Airport	way/472347442	(unnamed)	0.71	-13.3028	-38.9914
VAN	Van Ferit Melen Airport	way/130008378	(unnamed)	0.48	38.4689	43.3377
VAR	Varna Airport	way/895070441	Schengen Arrivals	0.51	43.2365	27.8269
VAS	Sivas Nuri Demirağ Airport	way/316729381	(unnamed)	1.61	39.8018	36.8929
VAV	Vava'u International Airport	way/391691818	(unnamed)	0.65	-18.586	-173.9681
VBS	Brescia Gabriele d'Annunzio Airport	way/167600920	(unnamed)	0.47	45.4256	10.3269
VBY	Visby Airport	way/33471033	(unnamed)	0.52	57.6604	18.3386
VCA	Can Tho International Airport	way/543842691	Ga Hành khách	0.39	10.0809	105.7119
VCE	Venice Marco Polo Airport	way/146156247	(unnamed)	0.80	45.5051	12.3416
VCL	Chu Lai Airport	way/308781360	(unnamed)	1.24	15.4143	108.7039
VCP	Viracopos International Airport	way/147987714	Terminal 0	0.72	-23.0096	-47.1411
VCS	Con Dao Airport	way/751277657	Nhà ga Hành khách	0.48	8.7313	106.6287
VCT	Victoria Regional Airport	way/291835849	(unnamed)	0.82	28.8453	-96.92
VDC	Glauber de Andrade Rocha Airport	way/374377215	Aeroporto Glauber Rocha	0.40	-14.9103	-40.9176
VDH	Dong Hoi Airport	way/637233694	Nhà ga hành khách T1	0.30	17.5125	106.5896
VDM	Gobernador Castello Airport	way/360973428	Aeropuerto Gobernador Castello	0.81	-40.863	-63.0055
VDO	Van Don International Airport	way/770574318	(unnamed)	0.52	21.1171	107.4186
VDS	Vadsø Airport	way/168455365	Vadsø Lufthavn	0.26	70.0642	29.8387
VEL	Vernal Regional Airport	way/1313130441	(unnamed)	0.73	40.4426	-109.5138
VEO	Severo-Yeniseysk Airport	way/168234641	(unnamed)	0.27	60.373	93.0166
VER	General Heriberto Jara International Airport	way/27077345	Terminal 1	0.60	19.1424	-96.1837
VFA	Victoria Falls International Airport	way/483289150	(unnamed)	1.43	-18.096	25.8503
VGA	Vijayawada International Airport	way/988922992	International Terminal	0.93	16.5246	80.7982
VGO	Vigo Airport	way/92904986	(unnamed)	0.90	42.225	-8.6327
VHV	Verkhnevilyuisk Airport	way/471288421	(unnamed)	0.48	63.4574	120.2788
VIE	Vienna International Airport	way/23854598	Pier Nord	0.87	48.118	16.5673
VIG	Juan Pablo Pérez Alfonso Airport	way/78542168	Terminal Aérea Aeropuerto Internacional Juan Pablo Pérez Alfonso	1.21	8.6226	-71.6618
VII	Vinh Airport	way/463416625	Nhà ga T1	0.98	18.729	105.669
VIJ	Virgin Gorda Airport	way/24434937	(unnamed)	0.42	18.4504	-64.4277
VIL	Dakhla Airport	way/179565038	(unnamed)	0.62	23.714	-15.9282
VIT	Vitoria Airport	way/53873142	(unnamed)	0.56	42.8834	-2.7313
VIX	Eurico de Aguiar Salles International Airport	way/51431242	Petrobras	0.48	-20.2559	-40.289
VJB	Xai-Xai Chongoene Airport	way/1240143533	(unnamed)	0.44	-24.8947	33.7491
VKG	Rach Gia Airport	way/636820201	(unnamed)	0.33	9.9602	105.1345
VKO	Vnukovo International Airport	way/184743659	«Внуково-3» VIP терминал	1.22	55.5936	37.2425
VKT	Vorkuta Airport	way/31837511	Аэропорт Воркута	0.52	67.4903	64.0045
VLC	Valencia Airport	way/530977441	Valencia - Terminal Regional	0.60	39.4922	-0.4752
VLD	Valdosta Regional Airport	way/331115761	Valdosta Regional Airport Passenger Terminal	0.77	30.7892	-83.2787
VLL	Valladolid Airport	way/110778984	Terminal Aeropuerto	0.58	41.706	-4.845
VLN	Arturo Michelena International Airport	way/429602302	(unnamed)	0.79	10.1539	-67.9225
VLV	Dr. Antonio Nicolás Briceño Airport	way/957123185	(unnamed)	0.28	9.3401	-70.5866
VNO	Vilnius International Airport	relation/3536263	Tarptautinis Vilniaus Oro Uostas	1.05	54.6431	25.2811
VNS	Lal Bahadur Shastri International Airport	way/177615729	Lal Bahadur Sastri Airport, Varanasi	0.69	25.4487	82.8568
VNX	Vilankulo Airport	way/169865685	(unnamed)	0.32	-22.0163	35.3154
VOG	Volgograd International Airport	relation/14227124	(unnamed)	1.65	48.7919	44.3551
VOL	Nea Anchialos National Airport	way/210209222	Κρατικός Αερολιμένας Ν. Αγχιάλου	2.26	39.2225	22.7683
VOZ	Voronezh International Airport	way/37802278	(unnamed)	0.42	51.8127	39.2255
VPE	Ngjiva Pereira Airport	way/535171151	(unnamed)	0.74	-17.0478	15.6891
VPN	Vopnafjörður Airport	way/208763682	Vopnafjarðarflugvöllur	0.37	65.7188	-14.8575
VPS	Destin-Fort Walton Beach Airport	way/360604438	(unnamed)	0.84	30.4862	-86.5092
VPY	Chimoio Airport	way/390222736	(unnamed)	0.33	-19.1499	33.4262
VQS	Antonio Rivera Rodriguez Airport	way/204684262	(unnamed)	0.59	18.1345	-65.488
VRA	Juan Gualberto Gomez International Airport	way/444039292	(unnamed)	0.54	23.0392	-81.4362
VRB	Vero Beach Regional Airport	way/452419287	TERMINAL	0.45	27.6516	-80.4177
VRC	Virac Airport	way/239375226	Virac Airport Terminal Building	0.73	13.5792	124.2121
VRL	Vila Real Airport	way/1016401864	(unnamed)	0.25	41.276	-7.7185
VRN	Verona Villafranca Valerio Catullo Airport	way/141927573	Terminal Partenze	1.67	45.4022	10.906
VSE	Aerodromo Goncalves Lobato (Viseu Airport)	way/291684855	(unnamed)	0.29	40.723	-7.89
VST	Stockholm Västerås Airport	way/157432783	(unnamed)	1.43	59.602	16.6286
VSV	Shravasti Airport	way/706772468	(unnamed)	0.70	27.5021	82.0264
VTE	Wattay International Airport	relation/10301278	International terminal	1.04	17.9758	102.5683
VTU	Hermanos Ameijeiras Airport	way/331836043	(unnamed)	0.48	20.9858	-76.94
VTZ	Alluri Sitarama Raju International Airport (Vizag)	way/1433987826	(unnamed)	0.67	17.977	83.5062
VUP	Alfonso López Pumarejo Airport	way/86075322	Aeropuerto Alfonso López Pumarejo	0.25	10.4336	-73.2477
VUS	Velikiy Ustyug Airport	way/301859195	Аппарат управления великоустюгская авиагруппа	0.54	60.7835	46.2611
VVC	Vanguardia Airport	way/463624802	(unnamed)	0.65	4.1646	-73.6187
VVI	Viru Viru International Airport	way/30018955	Aeropuerto Internacional Viru Viru	0.62	-17.6479	-63.1403
VVO	Vladivostok International Airport	way/176622036	Терминал А	1.39	43.3965	132.1653
VVZ	Illizi Takhamalt Airport	way/1007610936	(unnamed)	0.67	26.719	8.6182
VXE	Cesaria Evora International Airport	way/195008106	(unnamed)	0.48	16.8377	-25.0549
VXO	Växjö Kronoberg Airport	way/102896865	(unnamed)	0.49	56.9252	14.7316
WAE	Wadi Al Dawasir Domestic Airport	way/310812708	(unnamed)	0.81	20.4988	45.2047
WAG	Wanganui Airport	way/28551270	Whanganui Airport Terminal	0.26	-39.9611	175.0245
WAW	Warsaw Chopin Airport	way/284582030	Pirs Południowy	0.56	52.1692	20.9729
WDH	Hosea Kutako International Airport	relation/16706860	Terminal 1	0.95	-22.4862	17.4647
WDS	Shiyan Wudangshan Airport	way/539199345	(unnamed)	0.41	32.5893	110.9052
WEF	Weifang Nanyuan Airport	way/107007992	(unnamed)	0.78	36.6409	119.1141
WEH	Weihai Dashuibo Airport	way/107011796	(unnamed)	0.63	37.1889	122.2357
WEI	Weipa Airport	way/336406112	(unnamed)	0.46	-12.6811	141.9246
WGA	Wagga Wagga Airport	way/424771665	(unnamed)	0.75	-35.1591	147.462
WGE	Walgett Airport	way/373849072	Walgett	0.37	-30.0319	148.1223
WGN	Shaoyang Wugang Airport	way/976628357	邵阳武冈机场航站楼	0.48	26.8023	110.6432
WGP	Umbu Mehang Kunda Airport	way/1202003511	(unnamed)	0.32	-9.6691	120.2991
WHA	Wuhu Xuanzhou Airport	way/888661198	(unnamed)	0.56	31.1079	118.6625
WHK	Whakatāne Airport	way/431688654	(unnamed)	0.26	-37.9245	176.9178
WIL	Nairobi Wilson Airport	way/1109984591	(unnamed)	0.38	-1.3183	36.8144
WJR	Wajir Airport	way/746405920	(unnamed)	0.47	1.7321	40.0875
WJU	Wonju Airport / Hoengseong Air Base (K-38/K-46)	way/359183757	원주공항	2.88	37.4592	127.9771
WKJ	Wakkanai Airport	way/61797659	稚内空港ターミナルビル	0.59	45.3995	141.7974
WLS	Hihifo Airport	way/293511430	(unnamed)	0.39	-13.2411	-176.1955
WMI	Warsaw Modlin Airport	way/170000639	Terminal Port lotniczy Warszawa-Modlin	0.53	52.4463	20.6513
WMT	Zunyi Maotai Airport	way/628630069	(unnamed)	0.74	27.9679	106.4384
WMX	Wamena Airport	way/583999110	Terminal Bandar Udara Wamena	0.35	-4.1004	138.9517
WNH	Wenshan Puzhehei Airport	way/183942380	(unnamed)	1.06	23.566	104.3316
WNR	Windorah Airport	way/956615889	(unnamed)	0.50	-25.4119	142.6636
WNS	Shaheed Benazirabad Airport	way/241051247	(unnamed)	0.51	26.2226	68.3865
WNZ	Wenzhou Longwan International Airport	way/423658598	T1航站楼	0.83	27.9165	120.8484
WOS	Wonsan Kalma Airport	way/612057803	(unnamed)	0.59	39.1653	127.4811
WRG	Wrangell Airport	way/823951486	(unnamed)	0.60	56.4851	-132.3797
WRO	Copernicus Wrocław Airport	way/125655269	Terminal	0.65	51.1094	16.8802
WSK	Chongqing Wushan Airport	way/714736459	(unnamed)	0.69	31.063	109.7068
WST	Westerly State Airport	way/245262302	(unnamed)	0.29	41.35	-71.8068
WTB	Toowoomba Wellcamp Airport	relation/7374489	Toowoomba Wellcamp Airport Terminal	0.70	-27.5641	151.7961
WUA	Wuhai Airport	way/127079736	(unnamed)	0.38	39.792	106.8033
WUS	Nanping Wuyishan Airport	way/431692371	武夷山机场航站楼	0.72	27.7083	118
WUT	Xinzhou Wutaishan Airport	way/974568016	(unnamed)	1.19	38.5973	112.9829
WUX	Sunan Shuofang International Airport	way/1466159972	苏南硕放国际机场老航站楼	0.74	31.4926	120.4245
WUZ	Wuzhou Xijiang Airport	way/631207883	梧州西江机场	0.96	23.4	111.1021
WVB	Walvis Bay International Airport	way/550898393	(unnamed)	0.61	-22.9777	14.6414
WWK	Wewak International Airport	way/179943389	Wewak Airport	0.40	-3.5802	143.6691
WXN	Wanzhou Wuqiao Airport	way/1511249959	2号航站楼	0.46	30.7992	108.4291
WYA	Whyalla Airport	way/101382430	Whyalla Airport Terminal	1.02	-33.0524	137.5218
WYS	Yellowstone Airport	way/1548581088	Yellowstone Airport	0.34	44.6861	-111.1151
XAI	Xinyang Minggang Airport	way/1230412486	航站楼	1.43	32.5401	114.0639
XAP	Serafin Enoss Bertaso Airport	way/168325742	Terminal de Passageiros	0.48	-27.1319	-52.6607
XBJ	Birjand International Airport	way/469516526	(unnamed)	1.14	32.8893	59.2899
XCH	Christmas Island International Airport	way/316024700	Christmas Island Airport	0.26	-10.451	105.6888
XCR	Chalons Vatry airport	way/395326297	(unnamed)	1.31	48.7801	4.1915
XFN	Xiangyang Liuji Airport	way/774946029	第二航站楼	0.47	32.1536	112.2869
XIC	Xichang Qingshan Airport	way/424779777	(unnamed)	1.15	27.98	102.1896
XIL	Xilinhot Airport	way/228377266	(unnamed)	0.40	43.9161	115.9591
XIY	Xi'an Xianyang International Airport	way/282632568	1号航站楼	0.37	34.4445	108.7594
XKH	Xieng Khouang Airport	way/453496200	(unnamed)	1.11	19.4483	103.1684
XMH	Manihi Airport	way/909240874	Aérogare de Manihi	0.86	-14.4333	-146.0629
XMN	Xiamen Gaoqi International Airport	way/1330516438	(unnamed)	0.52	24.5396	118.1295
XMS	Coronel E Carvajal Airport	way/942777953	(unnamed)	0.35	-2.3022	-78.1201
XNA	Northwest Arkansas National Airport	relation/11088848	C Gates	1.03	36.2758	-94.2981
XNN	Xining Caojiabao International Airport	way/288438187	2号航站楼(T2)	0.31	36.525	102.0405
XPL	Palmerola International Airport	relation/13546226	Terminal Internacional	1.12	14.3917	-87.6173
XQP	Quepos Managua Airport	way/696185490	Terminal Doméstica	0.59	9.4394	-84.1336
XRY	Jerez Airport	way/24026027	Terminal 1 del Aerpuerto de Jerez	0.74	36.7504	-6.0641
XSP	Seletar Airport	relation/2338614	Singapore Youth Flying Club	0.40	1.4141	103.8634
XUZ	Xuzhou Guanyin International Airport	way/170734858	徐州观音国际机场T1航站楼 (Xuzhou Guanyin Airport Terminal 1)	0.44	34.0551	117.5547
XWA	Williston Basin International Airport	way/737059332	(unnamed)	0.75	48.2582	-103.7418
YAG	Fort Frances Municipal Airport	node/11539029456	Fort Frances Municipal Airport	0.73	48.6502	-93.4381
YAK	Yakutat Airport	way/292521592	Alaska Airlines Terminal	0.46	59.5075	-139.6682
YAL	Alert Bay Airport	way/1350314774	(unnamed)	0.44	50.5843	-126.9213
YAM	Sault Ste Marie Airport	relation/18564536	Sault Sainte Marie Airport (YAM)	0.64	46.4851	-84.5005
YAP	Yap International Airport	way/319173215	YAP International Airport	0.39	9.4979	138.0864
YAX	Wapekeka Airport	way/692656474	Angling Lake/Wapekeka Airport Terminal	0.65	53.8452	-89.5722
YAY	St. Anthony Airport	way/798586993	(unnamed)	0.60	51.388	-56.0892
YAZ	Tofino / Long Beach Airport	way/279931812	(unnamed)	0.63	49.0785	-125.7672
YBB	Kugaaruk Airport	way/508508260	(unnamed)	0.62	68.538	-89.7916
YBC	Baie-Comeau Airport	way/72645324	(unnamed)	0.55	49.1367	-68.2005
YBG	Saguenay-Bagotville Airport	way/111154419	Aéroport Saguenay-Bagotville (YBG)	0.92	48.3368	-70.9994
YBK	Baker Lake Airport	way/419326803	(unnamed)	0.61	64.3043	-96.076
YBP	Yibin Wuliangye Airport	way/978310661	(unnamed)	0.98	28.8517	104.5326
YBR	Brandon Municipal Airport	way/236559596	Brandon Municipal Airport	0.73	49.9048	-99.9456
YBT	Brochet Airport	way/706814608	(unnamed)	0.39	57.8862	-101.6819
YBV	Berens River Airport	way/324050868	Berens River Airport	0.42	52.36	-97.0242
YCB	Cambridge Bay Airport	way/510870450	(unnamed)	0.73	69.1071	-105.1199
YCD	Nanaimo Airport	way/203962978	Collishaw Terminal	0.38	49.053	-123.8742
YCG	Castlegar/West Kootenay Regional Airport	way/240219626	(unnamed)	0.58	49.3007	-117.6365
YCM	Niagara District Airport	way/664119692	(unnamed)	0.26	43.1893	-79.171
YCO	Kugluktuk Airport	way/514810243	(unnamed)	0.36	67.8171	-115.1347
YCU	Yuncheng Yanhu International Airport	way/1021849160	2号航站楼	0.45	35.1139	111.0354
YDF	Deer Lake Airport	way/180061286	(unnamed)	0.29	49.2101	-57.3988
YDL	Dease Lake Airport	way/532543463	(unnamed)	0.95	58.4262	-130.0175
YDN	Dauphin Barker Airport	way/847305709	Airport Terminal	0.40	51.1011	-100.0577
YDP	Nain Airport	way/498370150	Nain Airport	0.30	56.5487	-61.6854
YEG	Edmonton International Airport	way/44669479	Edmonton International Airport Terminal	0.34	53.307	-113.5825
YEI	Bursa Yenişehir Airport	way/150652570	Kargo Terminali	1.39	40.257	29.5464
YEK	Arviat Airport	way/516487208	(unnamed)	0.44	61.0981	-94.0715
YEV	Inuvik Mike Zubko Airport	way/50426114	(unnamed)	0.63	68.3062	-133.4973
YFA	Fort Albany Airport	node/9491098648	Airport Terminal	0.51	52.2052	-81.6883
YFB	Iqaluit Airport	way/514541281	Iqaluit Airport (YFB)	0.54	63.7572	-68.545
YFC	Fredericton International Airport	way/1276265594	Fredericton International Airport	0.43	45.8726	-66.5296
YFO	Flin Flon Airport	way/997226260	Flin Flon Airport	0.31	54.6769	-101.6776
YGJ	Yonago Kitaro Airport / JASDF Miho Air Base	way/409090767	米子鬼太郎空港ターミナル	1.25	35.5006	133.2451
YGL	La Grande Rivière Airport	way/408652393	(unnamed)	0.63	53.6262	-77.6947
YGR	Îles-de-la-Madeleine Airport	relation/16834166	(unnamed)	0.34	47.4239	-61.7746
YGV	Havre-Saint-Pierre Airport	way/266231656	(unnamed)	0.55	50.282	-63.6037
YGW	Kuujjuarapik Airport	way/181210233	(unnamed)	0.46	55.2828	-77.7582
YGZ	Grise Fiord Airport	way/888017968	(unnamed)	0.31	76.4233	-82.9038
YHK	Gjoa Haven Airport	way/505880752	(unnamed)	0.33	68.6327	-95.8485
YHM	John C. Munro Hamilton International Airport	way/98087669	(unnamed)	0.95	43.1631	-79.9263
YHR	Chevery Airport	way/668163885	(unnamed)	0.65	50.4634	-59.6429
YHU	Montréal / Saint-Hubert Metropolitan Airport	way/1433546307	Terminal YHU	1.42	45.5208	-73.3993
YHZ	Halifax / Stanfield International Airport	node/9652902214	Innotech	0.72	44.8824	-63.5174
YIA	Yogyakarta International Airport	way/697022412	(unnamed)	0.65	-7.8997	110.0587
YIC	Yichun Mingyueshan Airport	way/862735190	(unnamed)	0.46	27.8006	114.3104
YIE	Arxan Yi'ershi Airport	way/454239235	(unnamed)	0.47	47.3077	119.9163
YIH	Yichang Sanxia Airport	way/1092874835	T1国际航站楼	0.55	30.55	111.4795
YIN	Ili Yining International Airport	way/689361546	(unnamed)	0.39	43.9524	81.3315
YIW	Yiwu Airport	way/152309069	义乌机场	0.33	29.3433	120.028
YKA	Kamloops John Moose Fulton Field Regional Airport	way/125822593	Kamloops Airport (YKA)	0.55	50.7052	-120.4416
YKF	Region of Waterloo International Airport	way/67789608	Region of Waterloo International Airport	0.78	43.4559	-80.3856
YKG	Kangirsuk Airport	way/504602027	(unnamed)	0.50	60.0233	-70.0037
YKH	Yingkou Lanqi Airport	way/1062427975	(unnamed)	0.60	40.5416	122.3516
YKL	Schefferville Airport	way/409613007	Aéroport de Schefferville	0.35	54.8023	-66.807
YKM	Yakima Air Terminal McAllister Field	way/35303118	(unnamed)	0.38	46.5701	-120.5398
YKO	Hakkari Yüksekova Airport	way/394160886	Hakkari Yüksekova Selahaddin Eyyubi Havalimanı Terminali	1.60	37.5464	44.2558
YKQ	Waskaganish Airport	way/181210250	(unnamed)	0.39	51.4744	-78.753
YKS	Platon Oyunsky Yakutsk International Airport	way/261041140	Аэропорт Якутск	1.27	62.0871	129.7506
YKU	Chisasibi Airport	way/321516190	(unnamed)	0.46	53.8069	-78.9236
YLK	Barrie-Lake Simcoe Regional Airport	way/157100191	Lake Simcoe Regional Airport Terminal	0.91	44.4828	-79.5437
YLL	Lloydminster Airport	way/167994257	Lloydminster Airport Terminal	0.32	53.3121	-110.0727
YLW	Kelowna International Airport	way/102810564	Kelowna International Airport	0.58	49.9512	-119.3809
YLX	Yulin Fumian Airport	way/842055675	航站楼	0.61	22.4384	110.1189
YMM	Fort McMurray International Airport	way/201214557	North Terminal	0.35	56.6563	-111.2238
YMN	Makkovik Airport	way/498262219	Makkovik Airport	0.35	55.0793	-59.1837
YMO	Moosonee Airport	way/392700493	Moosonee Air Terminal	0.51	51.2885	-80.6138
YMS	Moises Benzaquen Rengifo Airport	way/498135049	Aeropuerto Moisés Benzaquén Rengifo	0.85	-5.8953	-76.1107
YMT	Chapais Airport	way/521959948	(unnamed)	0.72	49.7784	-74.5286
YNB	Prince Abdulmohsen Bin Abdulaziz International Airport	way/224420171	(unnamed)	0.67	24.1502	38.0633
YND	Ottawa / Gatineau Airport	way/1340368232	Gatineau-Ottawa Executive Airport	0.39	45.5187	-75.561
YNJ	Yanji Chaoyangchuan Airport	way/100664166	延吉朝阳川国际机场	0.99	42.8851	129.4393
YNL	Points North Landing Airport	way/443860326	Points North Landing Terminal	0.84	58.2692	-104.0801
YNT	Yantai Penglai International Airport	way/451020392	T1航站楼	0.75	37.6581	120.9864
YNY	Yangyang International Airport	way/44956027	양양국제공항	0.63	38.0588	128.663
YNZ	Yancheng Nanyang International Airport	way/462530937	(unnamed)	0.40	33.4316	120.2037
YOH	Oxford House Airport	way/654074553	(unnamed)	0.60	54.9305	-95.287
YOJ	High Level Airport	way/58326091	High Level Airport	0.51	58.6168	-117.1654
YOL	Yola Airport	way/1112218788	(unnamed)	1.21	9.2674	12.4258
YPC	Paulatuk (Nora Aliqatchialuk Ruben) Airport	way/539510395	Nora Aliqatchialuk Ruben Airport	0.62	69.3553	-124.0761
YPE	Peace River Airport	way/826789672	(unnamed)	0.61	56.232	-117.4435
YPH	Inukjuak Airport	way/505323281	Inukjuak Airport	0.37	58.4687	-78.0787
YPJ	Aupaluk Airport	way/327426914	(unnamed)	0.66	59.3026	-69.5999
YPN	Port-Menier Airport	node/13305296334	Anticosti	0.39	49.8395	-64.2911
YPR	Prince Rupert Airport	way/169854100	Prince Rupert Airport	0.74	54.2927	-130.4458
YQA	Muskoka Airport	way/430197890	(unnamed)	0.76	44.9686	-79.3073
YQB	Quebec Jean Lesage International Airport	way/27924249	Aéroport international Jean Lesage	0.78	46.7923	-71.3832
YQD	The Pas Airport	node/2104691192	The Pas Airport Terminal	0.29	53.974	-101.0901
YQG	Windsor International Airport	way/338118453	(unnamed)	1.13	42.266	-82.9602
YQL	Lethbridge County Airport	way/45047303	Lethbridge Airport CYQL	0.93	49.6337	-112.7882
YQM	Greater Moncton Roméo LeBlanc International Airport	way/97047186	Greater Moncton Roméo LeBlanc International Airport	0.92	46.1161	-64.6884
YQN	Nakina Airport	way/243511735	Nakina Airport	0.64	50.1834	-86.7053
YQQ	Comox Valley International Airport / CFB Comox	node/1583474214	Comox Valley Airport	1.58	49.706	-124.9077
YQR	Regina International Airport	way/60076663	Regina International Airport	0.38	50.4335	-104.6561
YQT	Thunder Bay International Airport	way/333277337	Thunder Bay International Airport	0.87	48.3719	-89.3121
YQU	Grande Prairie Airport	way/249769085	(unnamed)	0.80	55.1766	-118.8737
YQX	Gander International Airport	way/154350645	Terminal	1.26	48.9466	-54.5749
YQY	Sydney / J.A. Douglas McCurdy Airport	way/106855484	JA Douglas McCurdy Sydney Airport	0.72	46.1673	-60.047
YRG	Rigolet Airport	way/227646455	(unnamed)	0.44	54.1787	-58.451
YRL	Red Lake Airport	way/462532849	(unnamed)	0.57	51.0684	-93.8009
YRS	Red Sucker Lake Airport	way/314889521	(unnamed)	0.28	54.1662	-93.5611
YSB	Sudbury Airport	way/246680460	(unnamed)	0.34	46.6228	-80.7958
YSJ	Saint John Airport	way/61678081	Saint John Airport	1.45	45.3291	-65.8904
YSK	Sanikiluaq Airport	way/181210248	(unnamed)	0.27	56.536	-79.2462
YSQ	Songyuan Chaganhu Airport	way/780661038	(unnamed)	0.58	44.9361	124.55
YTH	Thompson Airport	way/132877380	(unnamed)	0.43	55.7977	-97.8609
YTL	Big Trout Lake Airport	node/12644684684	Kitchenuhmaykoosib Inninuwug Airport Terminal	0.57	53.8157	-89.889
YTS	Timmins/Victor M. Power	way/299288552	(unnamed)	0.48	48.5666	-81.3722
YTW	Yutian Wanfang Airport	way/989719791	(unnamed)	0.45	36.8125	81.7818
YTY	Yangzhou Taizhou Airport	way/424776392	(unnamed)	0.59	32.5627	119.7136
YTZ	Billy Bishop Toronto City Airport	relation/8415135	Billy Bishop Airport Terminal	0.42	43.6316	-79.3954
YUL	Montreal / Pierre Elliott Trudeau International Airport	way/47222776	Zone Domestique	0.95	45.4603	-73.7481
YUM	Yuma International Airport / Marine Corps Air Station Yuma	way/477223887	Yuma International Airport Terminal	2.16	32.6684	-114.5992
YUS	Yushu Batang Airport	way/237416234	(unnamed)	0.43	32.84	97.038
YUY	Rouyn Noranda Airport	node/3926138118	Aéroport Régional de Rouyn-Noranda	0.85	48.2123	-78.8288
YVC	La Ronge Airport	way/315829596	La Ronge Airport Terminal	0.68	55.1465	-105.2684
YVM	Qikiqtarjuaq Airport	way/512888633	(unnamed)	0.58	67.5513	-64.0258
YVO	Val-d'Or Airport	way/134620419	Aéroport régional de Val-d'Or	0.33	48.0527	-77.7872
YVP	Kuujjuaq Airport	way/266053582	Kuujjuaq Terminal	0.58	58.099	-68.4186
YVQ	Norman Wells Airport	way/50249885	Norman Wells Airport	0.45	65.2781	-126.7931
YWB	Kangiqsujuaq (Wakeham Bay) Airport	way/445395515	Terminal	0.30	61.591	-71.9321
YWG	Winnipeg / James Armstrong Richardson International Airport	relation/19828744	Winnipeg Richardson International Airport	1.20	49.9057	-97.2245
YWK	Wabush Airport	way/424770424	(unnamed)	0.79	52.9266	-66.8732
YWL	Williams Lake Airport	way/104643256	Williams Lake Regional Airport	0.93	52.1866	-122.0664
YXC	Cranbrook/Canadian Rockies International Airport	way/359842520	(unnamed)	0.52	49.6145	-115.7865
YXE	Saskatoon John G. Diefenbaker International Airport	way/491445917	(unnamed)	0.67	52.1701	-106.691
YXH	Medicine Hat Regional Airport	way/232922837	(unnamed)	0.34	50.0219	-110.722
YXJ	Fort St John / North Peace Regional Airport	way/101126388	North Peace Regional Airport	0.87	56.2455	-120.7353
YXS	Prince George (International) Airport	way/104451394	Prince George Airport	0.50	53.8842	-122.6742
YXT	Northwest Regional Airport Terrace-Kitimat	node/319220013	(unnamed)	0.47	54.4727	-128.5766
YXU	London International Airport	way/28556280	London International Airport	0.47	43.0286	-81.1487
YXX	Abbotsford International Airport	way/309624639	International Arrivals	1.40	49.0232	-122.38
YXY	Whitehorse / Erik Nielsen International Airport	way/215296463	Erik Nielsen Whitehorse International Airport	0.87	60.7143	-135.0764
YYA	Yueyang Sanhe Airport	way/1209449217	岳阳三荷机场航站楼	0.46	29.3131	113.2771
YYB	North Bay Jack Garland Airport	way/159242055	(unnamed)	0.76	46.3574	-79.427
YYC	Calgary International Airport	way/1163393308	Domestic Terminal	1.09	51.1286	-114.0085
YYD	Smithers Airport	way/208589121	YYD	0.28	54.823	-127.1863
YYE	Fort Nelson Airport	way/532565032	Fort Nelson Regional Airport Terminal	0.72	58.839	-122.5856
YYF	Penticton Airport	way/424780112	(unnamed)	0.35	49.4607	-119.6052
YYG	Charlottetown Airport	way/28329014	Charlottetown Airport	0.58	46.2857	-63.1311
YYJ	Victoria International Airport	relation/2621765	Victoria International Airport	0.73	48.6409	-123.4304
YYL	Lynn Lake Airport	way/181037423	(unnamed)	0.75	56.8597	-101.0664
YYQ	Churchill Airport	way/167638291	(unnamed)	1.16	58.7482	-94.075
YYR	Goose Bay Airport	way/431691806	Terminal	1.06	53.3139	-60.4126
YYY	Mont Joli Airport	way/96313733	(unnamed)	0.75	48.6022	-68.2115
YYZ	Toronto Pearson International Airport	way/23699118	Infield Concourse	0.70	43.6802	-79.6358
YZF	Yellowknife International Airport	way/305434249	Yellowknife Airport Terminal	0.92	62.471	-114.4379
YZG	Salluit Airport	way/445392506	Salluit	0.37	62.1826	-75.6694
YZP	Sandspit Airport	way/373425534	(unnamed)	0.25	53.2532	-131.8173
YZT	Port Hardy Airport	way/1293310622	Port Hardy Airport	0.77	50.6836	-127.3768
YZU	Whitecourt Airport	way/614306429	Whitecourt Airport	0.45	54.1402	-115.7844
YZV	Sept-Îles Airport	way/72655016	(unnamed)	0.61	50.2179	-66.2643
YZY	Zhangye Ganzhou Airport	way/759276137	张掖机场候机厅	2.21	38.8139	100.6547
YZZ	Trail Regional Airport	way/206005894	(unnamed)	0.29	49.058	-117.6076
ZAG	Zagreb Franjo Tuđman International Airport	way/350577654	Putnički terminal	0.83	45.7418	16.0794
ZAH	Zahedan International Airport	way/413145374	فرودگاه بین المللی زاهدان	0.54	29.4755	60.9006
ZAM	Zamboanga International Airport	way/310023911	Zamboanga International Airport Terminal	0.40	6.9197	122.0624
ZAZ	Zaragoza Airport	way/212135370	Terminal Aeropuerto de Zaragoza LEZG - ZAZ	2.80	41.6634	-1.0081
ZBF	Bathurst Airport	way/964966286	Bathurst (ZBF)	0.38	47.6312	-65.7435
ZBR	Chabahar Konarak International Airport	node/8664389756	ترمینال فرودگاه کنارک	0.73	25.4366	60.3827
ZCL	General Leobardo C. Ruiz International Airport	way/424908827	(unnamed)	0.92	22.9004	-102.6804
ZCO	La Araucanía International Airport	way/295320770	Aeródromo La Araucanía (SCQP)	0.42	-38.9272	-72.6469
ZDY	Delma Airport	way/182745156	Dalma Airport	0.87	24.5024	52.333
ZFL	Zhaosu Tianma Airport	way/1094260484	候机楼	0.82	43.0944	81.2291
ZFM	Fort Mcpherson Airport	way/878425602	(unnamed)	0.58	67.4098	-134.8716
ZGS	La Romaine Airport	way/473226229	(unnamed)	0.40	50.258	-60.6693
ZHA	Zhanjiang Wuchuan International Airport	way/846727926	(unnamed)	0.25	21.4803	110.5883
ZHY	Zhongwei Shapotou Airport	way/961735035	候机楼	0.46	37.5693	105.1526
ZIA	Zhukovsky International Airport	way/427184356	Аэропорт Жуковский Терминал 1	2.23	55.5619	38.118
ZIG	Ziguinchor Airport	way/202103738	(unnamed)	0.74	12.5578	-16.2769
ZIH	Ixtapa-Zihuatanejo International Airport	way/187957611	(unnamed)	0.61	17.6063	-101.4639
ZIX	Zhigansk Airport	way/690150166	(unnamed)	0.88	66.7886	123.362
ZKP	Zyryanka Airport	way/151899204	Аэровокзал	1.00	65.7404	150.8985
ZLO	Playa de Oro International Airport	way/185915708	(unnamed)	0.38	19.1481	-104.5601
ZND	Zinder Airport	way/920807909	(unnamed)	0.46	13.775	8.9827
ZNZ	Abeid Amani Karume International Airport	way/843674287	Terminal 3	0.38	-6.2218	39.2215
ZOS	Cañal Bajo Carlos Hott Siebert Airport	way/145415188	Aeródromo Cañal Bajo - Carlos Hott Siebert	0.74	-40.6045	-73.0611
ZQN	Queenstown Airport	way/188886916	(unnamed)	0.63	-45.022	168.7394
ZQZ	Zhangjiakou Ningyuan Airport	way/966370417	T2航站楼	0.87	40.7399	114.9436
ZRH	Zürich Airport	way/10676878	Dock E	0.62	47.4612	8.5548
ZSA	San Salvador International Airport	way/263800240	San Salvador Airport Terminal	0.93	24.066	-74.5318
ZSE	Saint-Pierre Pierrefonds Airport	way/67686198	Aéroport de Pierrefonds	0.60	-21.3205	55.4282
ZTH	Zakynthos International Airport Dionysios Solomos	way/79370052	(unnamed)	0.44	37.7544	20.8867
ZUH	Zhuhai Jinwan Airport	way/140576961	珠海机场一号航站楼	0.58	22.0105	113.3726
ZUM	Churchill Falls Airport	way/890993297	(unnamed)	1.00	53.5578	-64.0929
ZYI	Zunyi Xinzhou Airport	way/863661340	(unnamed)	0.84	27.8034	107.2492
ZYL	Osmany International Airport	way/323470702	(unnamed)	0.86	24.9584	91.8707
