iata	airportMunicipality	matchedPlace	geonameId	country	population	kmFromAirport	matchedName	matchedVia
AAC	El Arish	Arīsh	361546	EG	199243	8.9	displayed city	alternate
AAE	Annaba	Annaba	2506999	DZ	342703	9.1	displayed city	name
AAL	Aalborg	Aalborg	2624886	DK	142937	6.7	displayed city	name
AAN	Al Ain	Al Ain City	292913	AE	846747	17.2	displayed city	alternate
AAP	Samarinda	Samarinda	1629001	ID	865306	17.4	displayed city	name
AAR	Aarhus	Århus	2624652	DK	285273	30.0	displayed city	alternate
AAT	Altay	Jinshanlu	1529651	CN	190064	11.7	displayed city	alternate
AAX	Araxá	Araxá	3471691	BR	118786	3.9	displayed city	name
AAY	Al Ghaydah	Al Ghayz̧ah	79700	YE	10948	1.6	displayed city	alternate
AAZ	Quezaltenango	Quetzaltenango	3590979	GT	180706	3.3	displayed city	alternate
ABA	Abakan	Abakan	1512236	RU	184168	3.8	displayed city	name
ABB	Asaba	Asaba	2349276	NG	73374	7.4	displayed city	name
ABD	Abadan	Abadan	145459	IR	231476	7.8	displayed city	name
ABI	Abilene	Abilene	4669635	US	125182	6.4	displayed city	name
ABJ	Abidjan	Abidjan	2293538	CI	6321017	13.3	displayed city	name
ABK	Kebri Dahar	Kebri Dahar	333516	ET	45900	4.1	displayed city	name
ABM	Bamaga	Bamaga	2177023	AU	1237	9.4	displayed city	name
ABQ	Albuquerque	Albuquerque	5454711	US	564559	6.3	displayed city	name
ABR	Aberdeen	Aberdeen	5225857	US	28102	5.3	displayed city	name
ABS	Abu Simbel	Abu Simbel	362041	EG	5000	3.4	displayed city	name
ABU	Atambua	Atambua	1651103	ID	82196	3.7	displayed city	name
ABV	Abuja	Abuja	2352778	NG	2690000	26.1	displayed city	name
ABX	East Albury	East Albury	10116056	AU	5942	3.1	displayed city	name
ABY	Albany	Albany	4179320	US	74843	6.4	displayed city	name
ABZ	Aberdeen	Aberdeen	2657832	GB	198590	8.8	displayed city	name
ACA	Acapulco	Acapulco de Juárez	3533462	MX	658609	19.5	displayed city	alternate
ACC	Accra	Accra	2306104	GH	1963264	6.4	displayed city	name
ACE	San Bartolomé	San Bartolomé	2511447	ES	18517	6.2	displayed city	name
ACF	Aral	Ālā'ĕr	1529641	CN	126259	11.9	displayed city	alternate
ACH	St. Gallen	Sankt Gallen	2658822	CH	75833	15.5	displayed city	alternate
ACI	Saint Anne	St Anne	3042289	GG	0	1.2	displayed city	alternate
ACK	Nantucket	Nantucket	4944903	US	7446	4.7	displayed city	name
ACT	Waco	Waco	4739526	US	132356	10.5	displayed city	name
ACX	Xingyi	Xingyi	1807566	CN	322890	5.7	displayed city	name
ACY	Atlantic City	Atlantic City	4500546	US	39260	16.8	displayed city	name
ADB	Gaziemir	Gaziemir	314826	TR	0	4.3	displayed city	name
ADD	Addis Ababa	Addis Ababa	344979	ET	3860000	7.8	displayed city	name
ADE	Aden	Aden	415189	YE	1079670	5.6	displayed city	name
ADF	Adıyaman	Adıyaman	325330	TR	290883	17.3	displayed city	name
ADJ	Amman	Amman	250441	JO	1275857	4.8	displayed city	name
ADL	Adelaide	Adelaide	2078025	AU	1469163	6.3	displayed city	name
ADQ	Kodiak	Kodiak	5866583	US	6253	6.8	displayed city	name
ADU	Ardabil	Ardabīl	143083	IR	410753	14.2	displayed city	name
ADZ	San Andrés	San Andrés	3670218	CO	58257	1.4	displayed city	name
AEB	Baise (Tianyang)	Baise	1816269	CN	686078	38.8	displayed city	name
AEP	Buenos Aires	Buenos Aires	3435910	AR	2891082	6.9	displayed city	name
AER	Sochi	Sochi	491422	RU	327608	24.8	displayed city	name
AES	Ålesund	Ålesund	3163392	NO	52626	10.1	displayed city	name
AEX	Alexandria	Alexandria	4314550	US	47889	9.8	displayed city	name
AEY	Akureyri	Akureyri	2633274	IS	19219	3.1	displayed city	name
AFA	San Rafael	San Rafael	3836669	AR	118009	7.2	displayed city	name
AFL	Alta Floresta	Alta Floresta	6316343	BR	0	2.4	displayed city	name
AFZ	Sabzevar	Sabzevar	118063	IR	243700	9.2	displayed city	name
AGA	Agadir (Temsia)	Agadir	2561668	MA	698310	20.9	displayed city	name
AGE	Wangerooge	Nordseeheilbad Wangerooge	2814266	DE	1081	1.5	displayed city	alternate
AGH	Ängelholm	Ängelholm	2725901	SE	23240	6.0	displayed city	name
AGI	Wageningen	Wageningen	3382783	SR	2937	9.1	displayed city	name
AGM	Tasiilaq	Tasiilaq	3424607	GL	1985	0.9	displayed city	name
AGP	Málaga	Málaga	2514256	ES	592346	8.6	displayed city	name
AGR	Agra	Agra	1279259	IN	1430055	6.2	displayed city	name
AGS	Augusta	Augusta	4180531	US	43459	11.3	displayed city	name
AGT	Ciudad del Este	Ciudad del Este	3439101	PY	301815	19.6	displayed city	name
AGU	Aguascalientes	Aguascalientes	4019233	MX	722250	20.7	displayed city	name
AGX	Agatti	Agatti	12382221	IN	7700	1.4	displayed city	name
AHA	Ambikapur	Ambikāpur	1278827	IN	121071	14.6	displayed city	name
AHB	Abha	Abha	110690	SA	210886	16.2	displayed city	name
AHO	Alghero	Alghero	3183284	IT	34261	8.4	displayed city	name
AHU	Al Hoceima	Al Hoceïma	2558545	MA	395644	12.1	displayed city	name
AIA	Alliance	Alliance	5693164	US	8522	7.8	displayed city	name
AIP	Adampur	Adampur	1462733	IN	20922	4.2	displayed city	name
AJA	Ajaccio	Ajaccio	3038334	FR	54364	5.4	displayed city	name
AJI	Ağrı	Ağrı	309647	TR	124483	6.7	displayed city	name
AJL	Aizawl (Lengpui)	Aizawl	1279186	IN	293416	15.9	displayed city	name
AJN	Ouani	Ouani	921721	KM	10073	0.7	displayed city	name
AJR	Arvidsjaur	Arvidsjaur	2725136	SE	4655	5.3	displayed city	name
AJU	Aracaju	Aracaju	3471872	BR	664908	8.1	displayed city	name
AKA	Ankang (Hanbin)	Ankang	1789065	CN	870126	15.9	displayed city	name
AKJ	Higashikagura	Higashikagura	13132769	JP	10127	2.9	displayed city	name
AKL	Auckland	Auckland	2193733	NZ	1547200	18.3	displayed city	name
AKR	Akure	Akure	2350841	NG	730000	11.9	displayed city	name
AKS	Auki	Auki	2109701	SB	7020	7.5	displayed city	name
AKU	Aksu (Onsu)	Aqsu	1529660	CN	535657	8.8	displayed city	alternate
AKX	Aktobe	Aktobe	610611	KZ	500757	3.5	displayed city	name
AKY	Sittwe	Sittwe	1295765	MM	177743	3.2	displayed city	name
ALA	Almaty	Almaty	1526384	KZ	1977011	15.5	displayed city	name
ALB	Albany	Albany	5106834	US	101228	11.3	displayed city	name
ALC	Alicante	Alicante	2521978	ES	348901	9.7	displayed city	name
ALF	Alta	Alta	847633	NO	15094	3.9	displayed city	name
ALG	Algiers	Algiers	2507480	DZ	2364230	12.1	displayed city	name
ALH	Albany	Albany	2077963	AU	35053	11.5	displayed city	name
ALO	Waterloo	Waterloo	4880889	US	68460	8.6	displayed city	name
ALP	Aleppo	Aleppo	170063	SY	2098210	6.3	displayed city	name
ALS	Alamosa	Alamosa	5411479	US	9819	3.9	displayed city	name
ALW	Walla Walla	Walla Walla	5814916	US	32237	5.4	displayed city	name
AMA	Amarillo	Amarillo	5516233	US	198645	11.4	displayed city	name
AMD	Ahmedabad	Ahmedabad	1279233	IN	6357693	7.5	displayed city	name
AMH	Arba Minch	Arba Minch	343663	ET	201000	4.5	displayed city	name
AMM	Amman	Amman	250441	JO	1275857	26.3	displayed city	name
AMQ	Ambon	Ambon	1651531	ID	347288	10.6	displayed city	name
AMS	Amsterdam	Amsterdam	2759794	NL	741636	11.2	displayed city	name
ANC	Anchorage	Anchorage	5879400	US	289600	6.6	displayed city	name
ANF	Antofagasta	Antofagasta	3899539	CL	401096	23.4	displayed city	name
ANR	Antwerp	Antwerp	2803138	BE	529247	5.5	displayed city	name
ANS	Andahuaylas	Andahuaylas	3947740	PE	17444	6.9	displayed city	name
ANX	Andenes	Andenes	3163146	NO	2694	2.3	displayed city	name
AOE	Eskişehir	Eskişehir	315202	TR	921630	3.9	displayed city	name
AOG	Anshan	Anshan	2038632	CN	3325372	11.6	displayed city	name
AOI	Falconara Marittima (AN)	Falconara Marittima	3177250	IT	25948	3.2	displayed city	name
AOJ	Aomori	Aomori	2130658	JP	298394	9.9	displayed city	name
AOO	Altoona	Altoona	5178195	US	45344	25.5	displayed city	name
APL	Nampula	Nampula	1033356	MZ	770379	2.0	displayed city	name
APN	Alpena	Alpena	4984075	US	10175	10.2	displayed city	name
APO	Carepa	Carepa	3792375	CO	20627	9.2	displayed city	name
APW	Apia	Apia	4035413	WS	40407	26.1	displayed city	name
AQA	Araraquara	Araraquara	3471766	BR	168468	4.8	displayed city	name
AQG	Anqing	Anqing	1817993	CN	804493	7.6	displayed city	name
AQI	Qaisumah	Qaisumah	108918	SA	20685	2.7	displayed city	name
AQJ	Aqaba	Aqaba	250774	JO	95048	9.5	displayed city	name
AQP	Arequipa	Arequipa	3947322	PE	1195700	7.3	displayed city	name
ARH	Archangelsk	Arkhangel’sk	581049	RU	349742	9.9	displayed city	alternate
ARI	Arica	Arica	3899361	CL	241653	14.7	displayed city	name
ARK	Arusha	Arusha	161325	TZ	617631	5.6	displayed city	name
ARM	Armidale	Armidale	2177671	AU	21312	5.5	displayed city	name
ARN	Stockholm	Stockholm	2673730	SE	1515017	36.4	displayed city	name
ART	Watertown	Watertown	5143396	US	26780	9.1	displayed city	name
ARU	Araçatuba	Araçatuba	3471859	BR	208415	7.5	displayed city	name
ARW	Arad	Arad	686254	RO	169065	4.1	displayed city	name
ASB	Ashgabat	Ashgabat	162183	TM	1030063	4.5	displayed city	name
ASD	Andros Town	Andros Town	3572906	BS	2455	2.8	displayed city	name
ASE	Aspen	Aspen	5412230	US	6882	5.7	displayed city	name
ASF	Astrakhan	Astrakhan	580497	RU	533925	7.8	displayed city	name
ASJ	Amami	Amami	7303145	JP	41390	22.3	displayed city	name
ASM	Asmara	Asmara	343300	ER	563930	5.6	displayed city	name
ASO	Asosa	Āsosa	343292	ET	69700	7.9	displayed city	name
ASP	Alice Springs	Alice Springs	2077895	AU	25912	12.3	displayed city	name
ASR	Kayseri	Kayseri	308464	TR	1452458	4.3	displayed city	name
ASU	Asunción	Asunción	3439389	PY	1482200	13.8	displayed city	name
ASW	Aswan	Aswān	359792	EG	379774	16.5	displayed city	name
ATC	Arthur's Town	Arthur’s Town	3572897	BS	1175	0.8	displayed city	name
ATL	Atlanta	Atlanta	4180439	US	510823	13.0	displayed city	name
ATM	Altamira	Altamira	3407882	BR	138749	7.7	displayed city	name
ATQ	Amritsar	Amritsar	1278710	IN	1159227	12.2	displayed city	name
ATW	Appleton	Appleton	5244080	US	74139	8.3	displayed city	name
ATY	Watertown	Watertown	5232741	US	22073	3.5	displayed city	name
ATZ	Asyut	Assiut	359783	EG	528669	22.6	displayed city	alternate
AUA	Oranjestad	Oranjestad	3577154	AW	29998	2.9	displayed city	name
AUC	Arauca	Arauca	3689718	CO	85585	3.0	displayed city	name
AUG	Augusta	Augusta	4957003	US	18899	1.8	displayed city	name
AUH	Abu Dhabi	Abu Dhabi	292968	AE	1807000	25.6	displayed city	name
AUR	Aurillac	Aurillac	3036016	FR	34724	4.0	displayed city	name
AUS	Austin	Austin	4671654	US	974447	11.0	displayed city	name
AUU	Aurukun	Aurukun	2177484	AU	1282	0.8	displayed city	name
AUX	Araguaína	Araguaína	3407357	BR	183024	5.5	displayed city	name
AVA	Anshun (Xixiu)	Anshun	1817968	CN	765313	6.1	displayed city	name
AVL	Asheville	Asheville	4453066	US	95056	18.4	displayed city	name
AVN	Avignon	Avignon	3035681	FR	89769	8.7	displayed city	name
AVR	Amravati	Amravati	1278718	IN	647057	13.6	displayed city	name
AWA	Hawassa	Awasa	343137	ET	422200	9.8	displayed city	alternate
AWZ	Ahvaz	Ahvaz	144448	IR	841145	7.8	displayed city	name
AXA	The Valley	The Valley	3573374	AI	2035	1.4	displayed city	name
AXD	Alexandroupolis	Alexandroupoli	736928	GR	52979	6.7	displayed city	alternate
AXF	Bayanhot	Bayan Hot	1816821	CN	94445	12.4	displayed city	alternate
AXJ	Amakusa	Amakusa	7424125	JP	83082	4.2	displayed city	name
AXM	Armenia	Armenia	3689560	CO	304314	14.0	displayed city	name
AXT	Akita	Akita	2113126	JP	307672	14.2	displayed city	name
AXU	Axum	Aksum	344420	ET	94500	6.0	displayed city	alternate
AYJ	Faizabad	Fyzābād	1271976	IN	153047	3.4	displayed city	alternate
AYP	Ayacucho	Ayacucho	3947019	PE	140033	2.3	displayed city	name
AYQ	Yulara	Yulara	6355222	AU	2244	6.2	displayed city	name
AYT	Antalya	Antalya	323777	TR	1335002	9.4	displayed city	name
AZA	Mesa	Mesa	5304391	US	471825	20.1	displayed city	name
AZD	Yazd	Yazd	111822	IR	477905	8.6	displayed city	name
AZN	Andijan	Andijon	1514588	UZ	747800	7.8	displayed city	alternate
AZO	Kalamazoo	Kalamazoo	4997787	US	76041	7.3	displayed city	name
AZR	Adrar	Adrar	2508813	DZ	68276	11.3	displayed city	name
AZS	Samana	Samaná	3492997	DO	11432	43.0	displayed city	name
BAH	Manama	Manama	290340	BH	147074	6.8	displayed city	name
BAL	Batman	Batman	321836	TR	452157	4.8	displayed city	name
BAQ	Barranquilla	Barranquilla	3689147	CO	1206319	8.8	displayed city	name
BAR	Qionghai (Basuo)	Qionghai	1806488	CN	528238	11.4	displayed city	name
BAV	Baotou	Baotou	2038432	CN	2761700	16.5	displayed city	name
BAX	Barnaul	Barnaul	1510853	RU	632372	12.5	displayed city	name
BAY	Tăuții-Măgherăuș	Tăuții-Măgherăuș	665382	RO	2761	1.7	displayed city	name
BAZ	Barcelos	Barcelos	3665098	BR	27638	1.3	displayed city	name
BBI	Bhubaneswar	Bhubaneswar	1275817	IN	885363	3.1	displayed city	name
BBK	Kasane	Kasane	933677	BW	9143	3.4	displayed city	name
BBM	Battambang	Battambang	1831797	KH	119251	2.9	displayed city	name
BBO	Berbera	Berbera	64435	SO	242344	10.4	displayed city	name
BBQ	Codrington	Codrington	3576311	AG	1325	3.4	displayed city	name
BBR	Basse-Terre	Basse-Terre	3579732	GP	11472	2.2	displayed city	name
BBU	Bucharest	Bucharest	683506	RO	1877155	7.9	displayed city	name
BCA	Baracoa	Baracoa	3567834	CU	48362	2.1	displayed city	name
BCD	Bacolod City	Bacolod City	1729564	PH	454898	14.3	displayed city	name
BCH	Baucau	Baukau	1649539	TL	16000	6.3	displayed city	alternate
BCI	Barcaldine	Barcaldine	2176895	AU	1638	2.2	displayed city	name
BCM	Bacău	Bacău	685948	RO	136087	5.0	displayed city	name
BCN	Barcelona	Barcelona	3128760	ES	1686208	12.2	displayed city	name
BCO	Jinka	Jinka	333750	ET	54400	14.9	displayed city	name
BCU	Bauchi	Bauchi	2347470	NG	693700	22.1	displayed city	name
BDA	Hamilton	Hamilton	3573197	BM	902	12.5	displayed city	name
BDB	Bundaberg	Bundaberg	2173323	AU	73747	5.0	displayed city	name
BDJ	Banjarbaru	Banjarbaru	1650217	ID	293332	8.4	displayed city	name
BDL	Hartford	Hartford	4835797	US	121054	19.4	displayed city	name
BDO	Bandung	Bandung	1650357	ID	2528163	4.2	displayed city	name
BDP	Bhadrapur	Bhadrapur	1283628	NP	19523	3.3	displayed city	name
BDQ	Vadodara	Vadodara	1253573	IN	1822221	4.5	displayed city	name
BDS	Brindisi	Brindisi	3181528	IT	87141	3.0	displayed city	name
BDT	Gbadolite	Gbadolite	216404	CD	73835	4.2	displayed city	name
BED	Bedford	Bedford	4930183	US	12502	2.5	displayed city	name
BEF	Bluefields	Bluefields	3620680	NI	44373	2.7	displayed city	name
BEG	Belgrade	Belgrade	792680	RS	1273651	12.4	displayed city	name
BEK	Bareilly	Bareilly	1277013	IN	745435	6.4	displayed city	name
BEL	Belém	Belém	3405870	BR	1499641	9.1	displayed city	name
BEM	Oulad Yaich	Oulad Yaïch	2539114	MA	10560	3.8	displayed city	name
BER	Berlin	Berlin	2950159	DE	3426354	19.1	displayed city	name
BES	Brest	Brest	3030300	FR	144899	8.1	displayed city	name
BET	Bethel	Bethel	5880568	US	6450	4.7	displayed city	name
BEW	Beira	Beira	1052373	MZ	687764	8.9	displayed city	name
BEY	Beirut	Beirut	276781	LB	1916100	8.3	displayed city	name
BFD	Bradford	Bradford	5181407	US	8507	17.0	displayed city	name
BFF	Scottsbluff	Scottsbluff	5699404	US	14802	5.9	displayed city	name
BFI	Seattle	Seattle	5809844	US	780995	9.1	displayed city	name
BFJ	Bijie	Bijie	1816373	CN	1137383	18.8	displayed city	name
BFL	Bakersfield	Bakersfield	5325738	US	373640	7.6	displayed city	name
BFN	Bloemfontein	Bloemfontein	1018725	ZA	556637	9.1	displayed city	name
BFS	Belfast	Belfast	2655984	GB	348005	19.9	displayed city	name
BFV	Buriram	Buri Ram	1611453	TH	28283	30.7	displayed city	alternate
BFY	Bengbu	Bengbu	1816440	CN	972784	37.7	displayed city	name
BGA	Bucaramanga	Bucaramanga	3688465	CO	581130	7.3	displayed city	name
BGC	Bragança	Bragança	2742027	PT	35341	7.1	displayed city	name
BGF	Bangui	Bangui	2389853	CF	812407	5.8	displayed city	name
BGG	Bingöl	Bingöl	321082	TR	128935	9.1	displayed city	name
BGI	Bridgetown	Bridgetown	3374036	BB	98511	14.5	displayed city	name
BGM	Binghamton	Binghamton	5109177	US	46032	13.3	displayed city	name
BGO	Bergen	Bergen	3161732	NO	294029	12.5	displayed city	name
BGR	Bangor	Bangor	4957280	US	32391	4.3	displayed city	name
BGW	Baghdad	Baghdad	98182	IQ	7216000	17.7	displayed city	name
BHB	Bar Harbor	Bar Harbor	4957320	US	2552	14.3	displayed city	name
BHD	Belfast	Belfast	2655984	GB	348005	4.1	displayed city	name
BHE	Blenheim	Blenheim	6243926	NZ	29800	6.9	displayed city	name
BHH	Bisha	Qal‘at Bīshah	103369	SA	81828	2.4	displayed city	alternate
BHI	Bahía Blanca	Bahía Blanca	3865086	AR	299101	8.4	displayed city	name
BHJ	Bhuj	Bhuj	1275812	IN	148834	3.8	displayed city	name
BHK	Bukhara	Bukhara	1217662	UZ	280187	4.4	displayed city	name
BHM	Birmingham	Birmingham	4049979	US	196357	6.7	displayed city	name
BHO	Bhopal	Bhopal	1275841	IN	1798218	7.6	displayed city	name
BHQ	Broken Hill	Broken Hill	2173911	AU	17456	4.5	displayed city	name
BHR	Bharatpur	Bharatpur	1283613	NP	369377	0.7	displayed city	name
BHS	Bathurst	Bathurst	2176632	AU	36230	6.6	displayed city	name
BHU	Bhavnagar	Bhavnagar	1276032	IN	605882	3.5	displayed city	name
BHV	Bahawalpur	Bahawalpur	1183880	PK	903795	6.9	displayed city	name
BHX	Birmingham, West Midlands	Birmingham	2655603	GB	1157603	10.7	displayed city	name
BHY	Beihai	Beihai	1816705	CN	525329	19.4	displayed city	name
BIA	Bastia	Bastia	3034640	FR	41001	16.8	displayed city	name
BID	Block Island	New Shoreham	5223587	US	1047	1.8	displayed city	alternate
BIH	Bishop	Bishop	5328808	US	3806	2.9	displayed city	name
BIK	Biak	Biak	1648844	ID	41731	3.2	displayed city	name
BIL	Billings	Billings	5640350	US	117116	4.2	displayed city	name
BIO	Bilbao	Bilbao	3128026	ES	347342	4.4	displayed city	name
BIQ	Biarritz	Biarritz	3032797	FR	33188	3.0	displayed city	name
BIR	Biratnagar	Biratnagar	1283582	NP	244750	3.0	displayed city	name
BIS	Bismarck	Bismarck	5688025	US	75092	4.9	displayed city	name
BJA	Béjaïa	Béjaïa	2505329	DZ	176139	5.0	displayed city	name
BJB	Bojnord	Bojnūrd	140380	IR	192041	2.7	displayed city	alternate
BJC	Denver	Denver	5419384	US	729019	22.0	displayed city	name
BJF	Båtsfjord	Båtsfjord	780717	NO	2166	3.9	displayed city	name
BJL	Banjul (Yundum)	Banjul	2413876	GM	37274	15.1	displayed city	name
BJM	Bujumbura	Bujumbura	425378	BI	769317	8.0	displayed city	name
BJR	Bahir Dar	Bahir Dar	342884	ET	350000	7.7	displayed city	name
BJT	Bentota	Bentota	1249978	LK	37000	0.6	displayed city	name
BJV	Bodrum	Bodrum	320995	TR	39317	31.4	displayed city	name
BJX	Silao	Silao de la Victoria	3983058	MX	74242	7.8	displayed city	alternate
BJZ	Badajoz	Badajoz	2521420	ES	150530	13.0	displayed city	name
BKG	Branson	Branson	4378219	US	11431	12.5	displayed city	name
BKI	Kota Kinabalu	Kota Kinabalu	1733432	MY	500421	5.3	displayed city	name
BKK	Bangkok	Bangkok	1609350	TH	5104476	27.7	displayed city	name
BKN	Balkanabat	Balkanabat	161616	TM	87822	23.4	displayed city	name
BKO	Bamako	Bamako	2460596	ML	4227569	8.8	displayed city	name
BKQ	Blackall	Blackall	2175650	AU	1365	3.5	displayed city	name
BKS	Bengkulu	Bengkulu	1649150	ID	397321	10.8	displayed city	name
BKW	Beaver	Beaver	4798258	US	1308	4.7	displayed city	name
BKZ	Bukoba	Bukoba	160961	TZ	144938	1.0	displayed city	name
BLA	Barcelona	Barcelona	3648559	VE	815141	3.1	displayed city	name
BLB	Panamá City	Panama City	3703443	PA	408168	12.4	displayed city	name
BLD	Boulder City	Boulder City	5500539	US	15551	4.2	displayed city	name
BLE	Borlange	Borlänge	2720383	SE	41955	8.3	displayed city	name
BLI	Bellingham	Bellingham	5786899	US	85146	5.2	displayed city	name
BLJ	Batna	Batna	2505572	DZ	289504	25.0	displayed city	name
BLL	Billund	Billund	2624144	DK	6725	3.2	displayed city	name
BLQ	Bologna	Bologna	3181928	IT	394843	6.1	displayed city	name
BLR	Bengaluru	Bengaluru	1277333	IN	8495492	27.9	displayed city	name
BLV	Belleville	Belleville	4233813	US	42034	13.2	displayed city	name
BLW	Beledweyne	Beledweyne	64460	SO	55410	5.2	displayed city	name
BLZ	Blantyre	Blantyre	931755	MW	902588	12.6	displayed city	name
BMA	Stockholm	Stockholm	2673730	SE	1515017	7.7	displayed city	name
BME	Broome	Broome	2075720	AU	14660	1.3	displayed city	name
BMK	Borkum	Borkum	2946206	DE	5186	2.1	displayed city	name
BMO	Banmaw	Bhamo	1328218	MM	54721	2.4	displayed city	alternate
BMU	Bima	Bima	1648759	ID	165113	9.7	displayed city	name
BMV	Buon Ma Thuot	Buôn Ma Thuột	1586896	VN	434256	8.9	displayed city	name
BMY	Waala	Wala	2137713	NC	890	1.8	displayed city	alternate
BNA	Nashville	Nashville	4644585	US	689447	10.6	displayed city	name
BNB	Boende	Boende	218680	CD	50794	0.7	displayed city	name
BND	Bandar Abbas	Bandar Abbas	141681	IR	352173	10.2	displayed city	name
BNE	Brisbane	Brisbane	2174003	AU	2780063	12.8	displayed city	name
BNI	Benin	Benin City	2347283	NG	1782000	3.7	displayed city	alternate
BNK	Ballina	Ballina	2177069	AU	8911	3.5	displayed city	name
BNN	Brønnøy	Brønnøysund	3159954	NO	5045	1.5	displayed city	alternate
BNS	Barinas	Barinas	3648546	VE	397279	2.0	displayed city	name
BOD	Bordeaux	Bordeaux	3031582	FR	265328	10.7	displayed city	name
BOG	Bogota	Bogotá	3688689	CO	7674366	12.5	displayed city	name
BOH	Bournemouth	Bournemouth	2655095	GB	163600	7.2	displayed city	name
BOI	Boise	Boise	5586437	US	235684	5.7	displayed city	name
BOJ	Burgas	Burgas	732770	BG	210646	8.0	displayed city	name
BOM	Mumbai	Mumbai	1275339	IN	12691836	2.3	displayed city	name
BON	Kralendijk	Kralendijk	3513563	BQ	10620	2.1	displayed city	name
BOO	Bodø	Bodø	3160881	NO	34073	1.6	displayed city	name
BOS	Boston	Boston	4930956	US	653833	4.3	displayed city	name
BOY	Bobo Dioulasso	Bobo-Dioulasso	2362344	BF	904920	4.6	displayed city	name
BPL	Bole	Bole	8521718	CN	235585	18.1	displayed city	name
BPN	Balikpapan	Balikpapan	1650527	ID	695287	7.3	displayed city	name
BPS	Porto Seguro	Porto Seguro	3452640	BR	182630	2.1	displayed city	name
BPY	Besalampy	Besalampy	1066702	MG	12000	0.6	displayed city	name
BQB	Busselton	Busselton	2075265	AU	27233	6.4	displayed city	name
BQG	Bogorodskoye	Bogorodskoye	2126638	RU	4108	1.2	displayed city	name
BQJ	Batagay	Batagay	2027044	RU	4266	2.5	displayed city	name
BQK	Brunswick	Brunswick	4184845	US	16157	12.3	displayed city	name
BQN	Aguadilla	Aguadilla	4562506	PR	16073	7.9	displayed city	name
BQS	Blagoveschensk	Blagoveshchensk	2026609	RU	225091	18.5	displayed city	alternate
BQT	Brest	Brest	629634	BY	347138	12.2	displayed city	name
BRA	Barreiras	Barreiras	3470583	BR	171634	8.5	displayed city	name
BRC	San Carlos de Bariloche	San Carlos de Bariloche	7647007	AR	95394	12.6	displayed city	name
BRD	Brainerd	Brainerd	5019116	US	13371	7.4	displayed city	name
BRE	Bremen	Bremen	2944388	DE	546501	3.4	displayed city	name
BRI	Bari	Bari	3182351	IT	316491	9.4	displayed city	name
BRL	Burlington	Burlington	4849826	US	25410	2.9	displayed city	name
BRM	Barquisimeto	Barquisimeto	3648522	VE	1240714	2.4	displayed city	name
BRN	Bern	Bern	2661552	CH	121631	5.5	displayed city	name
BRO	Brownsville	Brownsville	4676740	US	186738	7.3	displayed city	name
BRQ	Brno	Brno	3078610	CZ	379466	7.9	displayed city	name
BRS	Bristol	Bristol	2654675	GB	479024	11.6	displayed city	name
BRW	Utqiaġvik	Utqiagvik	5880054	US	4384	1.0	displayed city	name
BRX	Barahona	Santa Cruz de Barahona	3492985	DO	77160	5.2	displayed city	alternate
BSA	Bosaso	Bosaso	64013	SO	74287	4.7	displayed city	name
BSB	Brasília	Brasília	3469058	BR	2207718	10.0	displayed city	name
BSC	Bahía Solano	Bahía Solano	3689325	CO	9400	2.8	displayed city	name
BSD	Baoshan (Longyang)	Baoshan	1281673	CN	935618	7.0	displayed city	name
BSG	Bata	Bata	2310046	GQ	173046	6.4	displayed city	name
BSK	Biskra	Biskra	2503826	DZ	204661	6.4	displayed city	name
BSO	Basco	Basco	1726449	PH	9647	1.1	displayed city	name
BSR	Basra	Basrah	99532	IQ	1326564	12.2	displayed city	alternate
BSX	Pathein	Pathein	1328421	MM	237089	6.5	displayed city	name
BSZ	Bishkek	Bishkek	1528675	KG	900000	23.2	displayed city	name
BTC	Batticaloa	Batticaloa	1250161	LK	86742	1.8	displayed city	name
BTH	Batam	Batam	6295587	ID	1296960	10.9	displayed city	name
BTJ	Banda Aceh	Banda Aceh	1215502	ID	267962	9.8	displayed city	name
BTK	Bratsk	Bratsk	2051523	RU	256600	26.9	displayed city	name
BTM	Butte	Butte	5642934	US	34190	6.2	displayed city	name
BTR	Baton Rouge	Baton Rouge	4315588	US	227470	10.6	displayed city	name
BTS	Bratislava	Bratislava	3060972	SK	423737	8.2	displayed city	name
BTU	Bintulu	Bintulu	1737486	MY	151617	5.0	displayed city	name
BTV	Burlington	Burlington	5234372	US	42452	4.7	displayed city	name
BUD	Budapest	Budapest	3054643	HU	1741041	18.3	displayed city	name
BUF	Buffalo	Buffalo	5110629	US	258071	13.3	displayed city	name
BUI	Bokondini	Bikondini	1648354	ID	0	11.8	displayed city	alternate
BUN	Buenaventura	Buenaventura	3688451	CO	240387	8.1	displayed city	name
BUQ	Bulawayo	Bulawayo	894701	ZW	665952	15.4	displayed city	name
BUR	Burbank	Burbank	5331835	US	105319	5.1	displayed city	name
BUS	Batumi	Batumi	615532	GE	186949	4.3	displayed city	name
BUT	Jakar	Jakar	1337301	BT	6243	1.5	displayed city	name
BUU	Muara Bungo	Muara Bungo	1634904	ID	21243	9.4	displayed city	name
BUX	Bunia	Bunia	217695	CD	399282	3.6	displayed city	name
BUZ	Bushehr	Bushehr	139817	IR	165377	2.7	displayed city	name
BVA	Beauvais	Beauvais	3034006	FR	53393	3.2	displayed city	name
BVB	Boa Vista	Boa Vista	3664980	BR	419652	3.5	displayed city	name
BVE	Brive	Brive-la-Gaillarde	3029974	FR	53466	13.8	displayed city	alternate
BVG	Berlevåg	Berlevåg	780687	NO	906	2.4	displayed city	name
BVH	Vilhena	Vilhena	3924679	BR	109651	7.3	displayed city	name
BVS	Breves	Breves	3404817	BR	116058	6.5	displayed city	name
BWA	Siddharthanagar (Bhairahawa)	Siddharthanagar	1283621	NP	63367	3.9	displayed city	name
BWI	Baltimore	Baltimore	4347778	US	585708	13.7	displayed city	name
BWN	Bandar Seri Begawan	Bandar Seri Begawan	1820906	BN	64409	6.1	displayed city	name
BWO	Balakovo	Balakovo	579492	RU	199572	19.0	displayed city	name
BWT	Burnie	Burnie	2173125	AU	20417	16.3	displayed city	name
BXH	Balkhash	Balqash	1525798	KZ	81364	5.7	displayed city	alternate
BXR	Bam	Bam	141736	IR	99268	9.4	displayed city	name
BXU	Butuan	Butuan	1722186	PH	309709	7.1	displayed city	name
BXY	Baikonur	Baikonur	1521368	KZ	70000	8.3	displayed city	name
BYK	Bouaké	Bouaké	2290956	CI	832371	6.9	displayed city	name
BYM	Bayamo	Bayamo	3567597	CU	192632	3.4	displayed city	name
BYO	Bonito	Bonito	3469294	BR	23659	14.4	displayed city	name
BZE	Belize City	Belize City	3582677	BZ	65222	12.1	displayed city	name
BZG	Bydgoszcz	Bydgoszcz	3102014	PL	330038	3.6	displayed city	name
BZI	Balıkesir	Balıkesir	322165	TR	238151	4.8	displayed city	name
BZL	Barisal	Barishal	1336137	BD	202242	12.8	displayed city	alternate
BZN	Bozeman	Bozeman	5641727	US	43405	14.2	displayed city	name
BZO	Bolzano (BZ)	Bolzano	3181913	IT	107436	3.6	displayed city	name
BZR	Béziers	Béziers	3032833	FR	74081	11.5	displayed city	name
BZV	Brazzaville	Brazzaville	2260535	CG	1982000	3.7	displayed city	name
BZX	Bazhong	Bazhong	11995100	CN	2712894	17.3	displayed city	name
CAB	Cabinda	Cabinda	2243271	AO	550000	4.1	displayed city	name
CAC	Cascavel	Cascavel	3466779	BR	368195	6.8	displayed city	name
CAE	Columbia	Columbia	4575352	US	142416	10.7	displayed city	name
CAF	Carauari	Carauari	3664659	BR	28508	1.3	displayed city	name
CAG	Cagliari	Cagliari	2525473	IT	149257	6.1	displayed city	name
CAI	Cairo	Cairo	360630	EG	9606916	15.2	displayed city	name
CAK	Akron	Akron	5145476	US	197542	19.5	displayed city	name
CAL	Campbeltown	Campbeltown	2653915	GB	4500	5.1	displayed city	name
CAN	Guangzhou (Huadu)	Guangzhou	1809858	CN	18676605	31.1	displayed city	name
CAP	Cap Haitien	Cap-Haïtien	3728474	HT	134815	3.8	displayed city	name
CAT	Cascais	Cascais	2269594	PT	36436	6.5	displayed city	name
CAU	Caruaru	Caruaru	3402655	BR	402290	4.1	displayed city	name
CAW	Campos dos Goytacazes	Campos dos Goytacazes	3467693	BR	483540	6.7	displayed city	name
CAY	Matoury	Matoury	3380965	GF	26350	5.3	displayed city	name
CBB	Cochabamba	Cochabamba	3919968	BO	841276	4.7	displayed city	name
CBH	Béchar	Béchar	2505530	DZ	165241	6.0	displayed city	name
CBQ	Calabar	Calabar	2346229	NG	540000	2.9	displayed city	name
CBR	Canberra	Canberra	2172517	AU	367752	6.6	displayed city	name
CBT	Catumbela	Catumbela	3350246	AO	95034	8.5	displayed city	name
CCA	Chimore	Chimoré	3920736	BO	5147	2.1	displayed city	name
CCE	New Cairo	New Cairo	7799991	EG	313139	35.8	displayed city	name
CCF	Carcassonne	Carcassonne	3028641	FR	49600	3.4	displayed city	name
CCJ	Calicut	Kozhikode	1265873	IN	550440	22.8	displayed city	alternate
CCK	West Island	West Island	7304591	CC	120	4.1	displayed city	name
CCP	Concepcion	Concepción	3893894	CL	223574	6.2	displayed city	name
CCR	Concord	Concord	5339111	US	128667	2.6	displayed city	name
CCS	Maiquetía	Maiquetía	3633341	VE	52564	3.9	displayed city	name
CCU	Kolkata	Kolkata	1275004	IN	4631392	13.4	displayed city	name
CDC	Cedar City	Cedar City	5536630	US	30184	4.2	displayed city	name
CDE	Chengde	Chengde	2038087	CN	920395	21.3	displayed city	name
CDG	Paris (Roissy-en-France, Val-d'Oise)	Paris	2988507	FR	2138551	22.9	displayed city	name
CDP	Kadapa	Kadapa	1273800	IN	344893	6.9	displayed city	name
CDR	Chadron	Chadron	5694163	US	5775	7.8	displayed city	name
CDT	Castellón de la Plana	Castelló de la Plana	2519752	ES	171857	27.4	displayed city	alternate
CDV	Cordova	Cordova	5859888	US	2196	16.4	displayed city	name
CEC	Crescent City	Crescent City	5562087	US	6774	3.8	displayed city	name
CEE	Cherepovets	Cherepovets	569223	RU	315738	16.9	displayed city	name
CEI	Chiang Rai	Chiang Rai	1153669	TH	78756	7.2	displayed city	name
CEK	Chelyabinsk	Chelyabinsk	1508291	RU	1202371	16.5	displayed city	name
CEL	Canela	Canela	3467530	BR	45488	2.3	displayed city	name
CEN	Ciudad Obregón	Ciudad Obregón	4013704	MX	329404	14.9	displayed city	name
CEZ	Cortez	Cortez	5418104	US	8715	6.3	displayed city	name
CFB	Cabo Frio	Cabo Frio	3468615	BR	238438	6.0	displayed city	name
CFE	Clermont-Ferrand	Clermont-Ferrand	3024635	FR	147865	6.4	displayed city	name
CFG	Cienfuegos	Cienfuegos	3564124	CU	186644	3.5	displayed city	name
CFK	Chlef	Chlef	2498611	DZ	178616	5.7	displayed city	name
CFN	Donegal	Donegal	2964752	IE	2618	45.8	displayed city	name
CFR	Caen	Caen	3029241	FR	110624	7.0	displayed city	name
CFS	Coffs Harbour	Coffs Harbour	2171085	AU	78759	2.7	displayed city	name
CFU	Kerkyra (Corfu)	Corfu	2463679	GR	40047	2.6	displayed city	alternate
CGA	Craig	Craig	5845544	US	1248	0.3	displayed city	name
CGB	Cuiabá	Cuiabá	3465038	BR	618124	6.7	displayed city	name
CGD	Changde (Dingcheng)	Changde	1791121	CN	1457419	13.8	displayed city	name
CGH	São Paulo	São Paulo	3448439	BR	12400232	9.1	displayed city	name
CGI	Cape Girardeau	Cape Girardeau	4379966	US	39462	10.1	displayed city	name
CGK	Jakarta	Jakarta	1642911	ID	8540121	23.1	displayed city	name
CGM	Mambajao	Mambajao	1702348	PH	10058	0.8	displayed city	name
CGN	Köln (Cologne)	Köln	2886242	DE	1024621	15.5	displayed city	name
CGO	Zhengzhou	Zhengzhou	1784658	CN	6650532	31.6	displayed city	name
CGP	Chattogram (Chittagong)	Chattogram	1205733	BD	3920222	10.1	displayed city	name
CGQ	Changchun	Changchun	2038180	CN	5691024	31.8	displayed city	name
CGR	Campo Grande	Campo Grande	3467747	BR	906092	4.2	displayed city	name
CGY	Laguindingan	Lagindingan	1708051	PH	3120	4.5	displayed city	alternate
CHA	Chattanooga	Chattanooga	4612862	US	181099	9.7	displayed city	name
CHC	Christchurch	Christchurch	2192362	NZ	419200	9.5	displayed city	name
CHE	Tallinn	Tallinn	588409	EE	394024	1.2	displayed city	name
CHH	Chachapoyas	Chachapoyas	3698540	PE	32026	3.6	displayed city	name
CHM	Chimbote	Chimbote	3698304	PE	316966	11.3	displayed city	name
CHO	Charlottesville	Charlottesville	4752031	US	46597	12.3	displayed city	name
CHQ	Souda	Soúda	253456	GR	6729	8.5	displayed city	name
CHS	Charleston	Charleston	4574324	US	132609	16.6	displayed city	name
CHX	Changuinola	Changuinola	3712560	PA	17997	3.3	displayed city	name
CIA	Rome	Rome	3169070	IT	2318895	12.5	displayed city	name
CID	Cedar Rapids	Cedar Rapids	4850751	US	130405	14.8	displayed city	name
CIF	Chifeng	Chifeng	2038067	CN	346654	15.7	displayed city	name
CIH	Changzhi	Changzhi	1808956	CN	1214940	7.3	displayed city	name
CIJ	Cobija	Cobija	3919998	BO	26585	2.0	displayed city	name
CIT	Shymkent	Shymkent	1518980	KZ	1200000	11.9	displayed city	name
CIX	Chiclayo	Chiclayo	3698350	PE	609400	3.6	displayed city	name
CIY	Comiso	Comiso	2524955	IT	26298	5.2	displayed city	name
CJA	Cajamarca	Cajamarca	3699088	PE	201329	3.0	displayed city	name
CJB	Coimbatore	Coimbatore	1273865	IN	2136916	8.9	displayed city	name
CJC	Calama	Calama	3897347	CL	166334	5.1	displayed city	name
CJJ	Cheongju	Cheongju-si	1845604	KR	852147	8.8	displayed city	alternate
CJL	Chitral	Chitral	1181065	PK	57157	4.0	displayed city	name
CJM	Chumphon	Chumphon	1153557	TH	55835	31.1	displayed city	name
CJN	Cijulang	Cijulang	1646732	ID	0	1.9	displayed city	name
CJS	Ciudad Juárez	Ciudad Juárez	4013708	MX	1512450	9.8	displayed city	name
CJU	Jeju City	Jeju City	1846266	KR	488844	2.7	displayed city	name
CJZ	Cajazeiras	Cajazeiras	3404020	BR	63239	6.7	displayed city	name
CKB	Bridgeport	Bridgeport	4800081	US	8359	2.7	displayed city	name
CKG	Chongqing	Chongqing	1814906	CN	22000000	19.2	displayed city	name
CKS	Parauapebas	Parauapebas	6317872	BR	305771	12.5	displayed city	name
CKY	Conakry	Conakry	2422465	GN	1928389	8.4	displayed city	name
CKZ	Çanakkale	Çanakkale	749780	TR	143622	2.3	displayed city	name
CLD	Carlsbad	Carlsbad	5334223	US	114746	7.4	displayed city	name
CLE	Cleveland	Cleveland	5150529	US	365379	16.2	displayed city	name
CLJ	Cluj-Napoca	Cluj-Napoca	681290	RO	286598	6.9	displayed city	name
CLL	College Station	College Station	4682464	US	107889	5.2	displayed city	name
CLO	Cali	Cali	3687925	CO	2392877	19.8	displayed city	name
CLQ	Colima	Colima	4013516	MX	146965	14.7	displayed city	name
CLT	Charlotte	Charlotte	4460243	US	911311	9.2	displayed city	name
CLV	Caldas Novas	Caldas Novas	3468100	BR	98622	3.1	displayed city	name
CLY	Calvi	Calvi	3029090	FR	5477	4.9	displayed city	name
CMB	Colombo	Colombo	1248991	LK	648034	27.6	displayed city	name
CME	Ciudad del Carmen	Ciudad del Carmen	3530599	MX	191238	3.3	displayed city	name
CMF	Chambéry	Chambéry	3027422	FR	61640	8.6	displayed city	name
CMG	Corumbá	Corumbá	3465342	BR	98751	2.1	displayed city	name
CMH	Columbus	Columbus	4509177	US	913175	10.0	displayed city	name
CMI	Savoy	Savoy	4910663	US	8133	2.7	displayed city	name
CMN	Casablanca	Casablanca	2553604	MA	3665954	24.6	displayed city	name
CMU	Kundiawa	Kundiawa	2093059	PG	9383	0.5	displayed city	name
CMW	Camaguey	Camagüey	3566067	CU	347562	8.4	displayed city	name
CMX	Hancock	Hancock	4995201	US	4555	8.3	displayed city	name
CND	Constanța	Constanţa	680963	RO	317832	23.3	displayed city	name
CNF	Belo Horizonte	Belo Horizonte	3470127	BR	2721564	31.9	displayed city	name
CNJ	Cloncurry	Cloncurry	2171306	AU	3167	4.4	displayed city	name
CNM	Carlsbad	Carlsbad	5460459	US	28957	9.8	displayed city	name
CNN	Kannur	Kannur	1274987	IN	62836	21.1	displayed city	name
CNQ	Corrientes	Corrientes	3435217	AR	346334	7.6	displayed city	name
CNS	Cairns	Cairns	2172797	AU	153075	5.3	displayed city	name
CNX	Chiang Mai	Chiang Mai	1153671	TH	127240	3.5	displayed city	name
CNY	Moab	Moab	5543307	US	5235	26.9	displayed city	name
COD	Cody	Cody	5821593	US	9792	2.7	displayed city	name
COK	Kochi	Kochi	1273874	IN	633553	28.1	displayed city	name
COO	Cotonou	Cotonou	2394819	BJ	679012	3.9	displayed city	name
COR	Cordoba	Córdoba	3860259	AR	2106734	10.6	displayed city	name
COS	Colorado Springs	Colorado Springs	5417598	US	456568	10.9	displayed city	name
COU	Columbia	Columbia	4381982	US	129330	17.9	displayed city	name
COV	Tarsus	Tarsus	299817	TR	350732	16.1	displayed city	name
CPD	Coober Pedy	Coober Pedy	2073985	AU	2106	4.2	displayed city	name
CPE	Campeche	Campeche	3531732	MX	220389	3.3	displayed city	name
CPH	Copenhagen	Copenhagen	2618425	DK	1153615	8.6	displayed city	name
CPO	Copiapo	Copiapó	3893656	CL	129280	45.7	displayed city	name
CPR	Casper	Casper	5820705	US	60285	12.9	displayed city	name
CPT	Cape Town	Cape Town	3369157	ZA	4772846	17.5	displayed city	name
CPV	Campina Grande	Campina Grande	3403642	BR	443911	4.7	displayed city	name
CPX	Culebra	Culebra	4564070	PR	1486	1.1	displayed city	name
CQW	Wulong	Wulong	12110889	CN	78225	17.0	displayed city	name
CRA	Craiova	Craiova	680332	RO	234140	7.1	displayed city	name
CRD	Comodoro Rivadavia	Comodoro Rivadavia	3860443	AR	140850	8.7	displayed city	name
CRI	Colonel Hill	Colonel Hill	3572620	BS	240	2.4	displayed city	name
CRK	Mabalacat	Mabalacat City	1704703	PH	188050	4.3	displayed city	alternate
CRL	Charleroi	Charleroi	2800481	BE	200132	5.7	displayed city	name
CRM	Catarman	Catarman	1717926	PH	97738	0.4	displayed city	name
CRP	Corpus Christi	Corpus Christi	4683416	US	316239	10.8	displayed city	name
CRV	Isola di Capo Rizzuto (KR)	Isola di Capo Rizzuto	2524495	IT	11045	4.4	displayed city	name
CRW	Charleston	Charleston	4801859	US	46838	4.3	displayed city	name
CRZ	Türkmenabat	Türkmenabat	1219649	TM	230861	15.9	displayed city	name
CSG	Columbus	Columbus	4188985	US	206922	7.6	displayed city	name
CSK	Cap Skirring	Cap Skirring	7302183	SN	1822	6.0	displayed city	name
CSW	Cabo San Lucas	Cabo San Lucas	3985710	MX	202694	7.0	displayed city	name
CSX	Changsha (Changsha)	Changsha	1815577	CN	3093980	24.4	displayed city	name
CSY	Cheboksary	Cheboksary	569696	RU	492331	7.8	displayed city	name
CTA	Catania	Catania	2525068	IT	311584	2.8	displayed city	name
CTC	Catamarca	Catamarca	3837702	AR	159139	14.1	displayed city	name
CTD	Chitré	Chitré	3712384	PA	8969	3.7	displayed city	name
CTG	Cartagena	Cartagena	3687238	CO	914552	5.4	displayed city	name
CTL	Charleville	Charleville	2171764	AU	3515	2.1	displayed city	name
CTM	Chetumal	Chetumal	3531023	MX	169028	3.0	displayed city	name
CTS	Sapporo	Sapporo	2128295	JP	1973832	42.7	displayed city	name
CTU	Chengdu (Shuangliu)	Chengdu	1815286	CN	20937757	16.7	displayed city	name
CUC	Cúcuta	Cúcuta	3685533	CO	777106	2.4	displayed city	name
CUE	Cuenca	Cuenca	3658666	EC	636996	1.5	displayed city	name
CUK	Caye Caulker	Caye Caulker	3582431	BZ	2729	0.6	displayed city	name
CUL	Culiacán	Culiacán	4012176	MX	808416	9.2	displayed city	name
CUM	Cumaná	Cumaná	3644768	VE	405626	5.5	displayed city	name
CUN	Cancún	Cancún	3531673	MX	888797	15.1	displayed city	name
CUP	Carúpano	Carúpano	3646382	VE	167187	1.0	displayed city	name
CUR	Willemstad	Willemstad	3513090	CW	125000	10.9	displayed city	name
CUU	Chihuahua	Chihuahua	4014338	MX	925762	14.3	displayed city	name
CUZ	Cusco	Cusco	3941584	PE	428450	3.1	displayed city	name
CVM	Ciudad Victoria	Ciudad Victoria	3530580	MX	332100	19.5	displayed city	name
CVN	Clovis	Clovis	5462393	US	39480	11.8	displayed city	name
CVQ	Carnarvon	Carnarvon	2074865	AU	4879	1.0	displayed city	name
CWA	Mosinee	Mosinee	5263580	US	4030	3.1	displayed city	name
CWB	Curitiba	Curitiba	3464975	BR	1948626	14.9	displayed city	name
CWL	Cardiff	Cardiff	2653822	GB	372089	14.6	displayed city	name
CXB	Cox's Bazar	Cox’s Bāzār	1336134	BD	253788	5.2	displayed city	name
CXH	Vancouver	Vancouver	6173331	CA	662248	4.6	displayed city	name
CXJ	Caxias Do Sul	Caxias do Sul	3466537	BR	479599	3.3	displayed city	name
CXP	Cilacap	Cilacap	1646559	ID	256996	9.4	displayed city	name
CYA	Les Cayes	Les Cayes	3728097	HT	125799	9.7	displayed city	name
CYP	Calbayog City	Calbayog City	1720402	PH	67921	5.6	displayed city	name
CYS	Cheyenne	Cheyenne	5821086	US	65132	1.9	displayed city	name
CYU	Cuyo	Cuyo	1716397	PH	7549	6.6	displayed city	name
CYX	Cherskiy	Cherskiy	2126199	RU	3707	1.4	displayed city	name
CYZ	Cauayan City	Cauayan	1717729	PH	0	2.1	displayed city	alternate
CZE	Coro	Coro	3645213	VE	246657	0.9	displayed city	name
CZH	Corozal	Corozal	3582305	BZ	9815	2.8	displayed city	name
CZL	Constantine	Constantine	2501152	DZ	448028	9.9	displayed city	name
CZM	Cozumel	Cozumel	3530103	MX	77236	2.2	displayed city	name
CZS	Cruzeiro Do Sul	Cruzeiro do Sul	3664464	BR	89072	10.6	displayed city	name
CZU	Corozal	Corozal	3685823	CO	39800	1.8	displayed city	name
CZX	Changzhou	Changzhou	1815456	CN	3290918	23.5	displayed city	name
DAB	Daytona Beach	Daytona Beach	4152872	US	72647	4.7	displayed city	name
DAC	Dhaka	Dhaka	1185241	BD	10356500	14.8	displayed city	name
DAD	Da Nang	Da Nang	1583992	VN	1276000	3.5	displayed city	name
DAL	Dallas	Dallas	4684888	US	1326087	7.9	displayed city	name
DAM	Damascus	Damascus	170654	SY	1569394	23.5	displayed city	name
DAR	Dar es Salaam	Dar es Salaam	160263	TZ	5383728	8.8	displayed city	name
DAT	Datong	Datong	2037799	CN	3105591	16.5	displayed city	name
DAU	Daru	Daru	2098329	PG	15214	1.0	displayed city	name
DAV	David	David	3711668	PA	82907	4.3	displayed city	name
DAX	Dazhou (Daxian)	Dazhou	1813325	CN	1589435	9.5	displayed city	name
DAY	Dayton	Dayton	4509884	US	135512	16.1	displayed city	name
DBA	Dalbandin	Dalbandin	1180729	PK	14621	1.3	displayed city	name
DBB	El Alamein	Al ‘Alamayn	361612	EG	7400	48.2	displayed city	alternate
DBC	Baicheng	Baicheng	2038569	CN	316970	19.2	displayed city	name
DBO	Dubbo	Dubbo	2168305	AU	43516	4.0	displayed city	name
DBQ	Dubuque	Dubuque	4854529	US	58799	11.6	displayed city	name
DBR	Darbhanga	Darbhanga	1273491	IN	296039	4.9	displayed city	name
DBV	Dubrovnik	Dubrovnik	3201047	HR	26922	15.5	displayed city	name
DCA	Washington	Washington	4140963	US	689545	4.8	displayed city	name
DCM	Castres	Castres	3028263	FR	47275	6.7	displayed city	name
DDC	Dodge City	Dodge City	5445298	US	27912	4.7	displayed city	name
DDG	Dandong (Zhenxing)	Dandong	2037886	CN	815858	14.7	displayed city	name
DEA	Dera Ghazi Khan	Dera Ghazi Khan	1180289	PK	494464	17.6	displayed city	name
DEB	Debrecen	Debrecen	721472	HU	202402	4.7	displayed city	name
DEC	Decatur	Decatur	4236895	US	73254	7.6	displayed city	name
DED	Dehradun (Jauligrant)	Dehradun	1273313	IN	522081	20.3	displayed city	name
DEE	Yuzhno-Kurilsk	Yuzhno-Kurilsk	2119447	RU	7777	15.9	displayed city	name
DEF	Dezful	Dezful	136256	IR	264709	6.0	displayed city	name
DEL	New Delhi	New Delhi	1261481	IN	317797	13.8	displayed city	name
DEM	Dembidollo	Dembī Dolo	339448	ET	61100	6.8	displayed city	alternate
DEN	Denver	Denver	5419384	US	729019	29.8	displayed city	name
DGA	Dangriga	Dangriga	3582228	BZ	9927	1.4	displayed city	name
DGH	Deoghar	Deoghar	1273241	IN	203123	4.8	displayed city	name
DGO	Durango	Victoria de Durango	4011743	MX	518709	17.6	displayed city	alternate
DGT	Dumaguete City	Dumaguete	1714201	PH	113541	3.1	displayed city	alternate
DHM	Kangra	Kangra	1268084	IN	9528	8.2	displayed city	name
DHN	Dothan	Dothan	4059102	US	68567	12.3	displayed city	name
DHX	Kediri	Kediri	1640660	ID	301424	10.7	displayed city	name
DIA	Doha	Doha	290030	QA	344939	4.5	displayed city	name
DIB	Dibrugarh	Dibrugarh	1272648	IN	145488	10.7	displayed city	name
DIK	Dickinson	Dickinson	5688789	US	23765	9.1	displayed city	name
DIL	Dili	Dili	1645457	TL	150000	5.6	displayed city	name
DIN	Dien Bien Phu	Dien Bien Phu	1583477	VN	84672	2.0	displayed city	name
DIR	Dire Dawa	Dire Dawa	338832	ET	343000	3.6	displayed city	name
DIU	Diu	Diu	1272502	IN	23991	6.3	displayed city	name
DIY	Diyarbakır	Diyarbakır	316541	TR	1833684	2.6	displayed city	name
DJB	Jambi	Jambi City	1642858	ID	635101	5.3	displayed city	alternate
DJG	Djanet	Djanet	2500275	DZ	0	30.1	displayed city	name
DJJ	Sentani	Sentani	2082460	ID	44779	1.4	displayed city	name
DJT	West Palm Beach	West Palm Beach	4177887	US	120932	5.5	displayed city	name
DKA	Katsina	Katsina	2334802	NG	670000	6.6	displayed city	name
DLA	Douala	Douala	2232593	CM	1338082	5.0	displayed city	name
DLC	Dalian (Ganjingzi)	Dalian	1814087	CN	7450785	8.1	displayed city	name
DLE	Dole	Dole	3021263	FR	25878	7.6	displayed city	name
DLG	Dillingham	Dillingham	5860695	US	2404	2.8	displayed city	name
DLH	Duluth	Duluth	5024719	US	86110	9.6	displayed city	name
DLI	Da Lat	Ðà Lạt	1584071	VN	258014	23.3	displayed city	name
DLM	Dalaman	Dalaman	447273	TR	19292	5.9	displayed city	name
DLR	Dalnerechensk	Dalnerechensk	2025159	RU	28300	5.7	displayed city	name
DLU	Dali (Xiaguan)	Dali	1814093	CN	235305	12.9	displayed city	name
DLZ	Dalanzadgad	Dalandzadgad	2032007	MN	24863	6.2	displayed city	alternate
DMB	Taraz	Taraz	1516905	KZ	358153	7.5	displayed city	name
DME	Moscow	Moscow	524901	RU	10381222	42.3	displayed city	name
DMK	Bangkok	Bangkok	1609350	TH	5104476	21.0	displayed city	name
DMM	Ad Dammam	Dammam	110336	SA	1252523	30.6	displayed city	alternate
DMU	Dimapur	Dimāpur	1272552	IN	135860	5.8	displayed city	name
DND	Dundee	Dundee	2650752	GB	148210	3.6	displayed city	name
DNH	Dunhuang	Dunhuang	1529531	CN	186027	11.0	displayed city	name
DOD	Dodoma	Dodoma	160196	TZ	765179	1.8	displayed city	name
DOG	Dongola	Dongola	363417	SD	56167	5.8	displayed city	name
DOH	Doha	Doha	290030	QA	344939	7.9	displayed city	name
DOL	Deauville	Deauville	3021668	FR	4677	6.2	displayed city	name
DOM	Marigot	Marigot	3575721	DM	2669	2.3	displayed city	name
DOV	Dover	Dover	4142290	US	39403	6.0	displayed city	name
DOY	Dongying (Kenli)	Dongying	1812101	CN	998968	26.7	displayed city	name
DPL	Dipolog	Dipolog	1714674	PH	93549	4.0	displayed city	name
DPO	Devonport	Devonport	2168943	AU	26150	6.6	displayed city	name
DPS	Kuta, Badung	Kuta	1639002	ID	30012	2.8	displayed city	name
DPT	Deputatskiy	Deputatsky	2028164	RU	3484	9.8	displayed city	alternate
DQA	Daqing	Daqing	2037860	CN	1604027	21.4	displayed city	name
DRO	Durango	Durango	5420241	US	18006	17.7	displayed city	name
DRP	Legazpi	Legaspi	1706889	PH	179481	7.7	displayed city	alternate
DRS	Dresden	Dresden	2935022	DE	564904	9.5	displayed city	name
DRW	Darwin	Darwin	2073124	AU	139902	6.7	displayed city	name
DSD	Grande Anse	Beauséjour	3579232	GP	1716	1.4	displayed city	alternate
DSE	Dessie	Dessie	339219	ET	270400	10.4	displayed city	name
DSI	Destin	Destin	4153188	US	13523	2.4	displayed city	name
DSM	Des Moines	Des Moines	4853828	US	214133	8.4	displayed city	name
DSN	Ordos	Ordos	8347664	CN	2153638	14.5	displayed city	name
DSS	Dakar	Dakar	2253354	SN	2646503	40.0	displayed city	name
DTB	Siborong-Borong	Siborong-Borong	1213851	ID	0	5.7	displayed city	name
DTM	Dortmund	Dortmund	2935517	DE	588462	10.1	displayed city	name
DTW	Detroit	Detroit	4990729	US	645705	28.5	displayed city	name
DUB	Dublin	Dublin	2964574	IE	1024027	10.7	displayed city	name
DUD	Dunedin	Dunedin	2191562	NZ	132800	24.4	displayed city	name
DUE	Chitato	Chitato	145777	AO	0	6.3	displayed city	name
DUJ	Dubois	DuBois	5187432	US	7597	13.3	displayed city	name
DUM	Dumai	Dumai	1645133	ID	349389	6.5	displayed city	name
DUR	Durban	Durban	1007311	ZA	3338026	28.4	displayed city	name
DUS	Düsseldorf	Düsseldorf	2934246	DE	618685	7.4	displayed city	name
DUT	Unalaska	Unalaska	5877208	US	4491	2.8	displayed city	name
DVL	Devils Lake	Devils Lake	5058868	US	7351	3.3	displayed city	name
DVO	Davao	Davao	1715348	PH	1848947	6.9	displayed city	name
DWB	Soalala	Soalala	1056487	MG	15174	4.5	displayed city	name
DWC	Dubai(Jebel Ali)	Dubai	292223	AE	3790000	25.0	displayed city	name
DWO	Sri Jayawardenepura Kotte	Sri Jayewardenepura Kotte	1238992	LK	115826	2.6	displayed city	alternate
DXB	Dubai	Dubai	292223	AE	3790000	20.2	displayed city	name
DYG	Zhangjiajie (Yongding)	Zhangjiajie	1813171	CN	441804	4.4	displayed city	name
DYR	Anadyr	Anadyr	2127202	RU	15604	10.9	displayed city	name
DYU	Dushanbe	Dushanbe	1221874	TJ	679400	3.9	displayed city	name
DZA	Dzaoudzi	Dzaoudzi	921900	YT	15339	3.9	displayed city	name
DZH	Dazhou (Dachuan)	Dazhou	1813325	CN	1589435	18.2	displayed city	name
DZN	Zhezkazgan	Zhezqazghan	1516589	KZ	104357	9.8	displayed city	alternate
EAM	Najran	Najrān	103630	SA	505652	33.6	displayed city	name
EAR	Kearney	Kearney	5071348	US	33021	7.0	displayed city	name
EAS	Hondarribia	Hondarribia	3121881	ES	16458	1.4	displayed city	name
EAT	Wenatchee	Wenatchee	5815342	US	33636	8.2	displayed city	name
EAU	Eau Claire	Eau Claire	5251436	US	67778	6.2	displayed city	name
EBA	Campo nell'Elba (LI)	Campo nell'Elba	6534703	IT	4155	1.5	displayed city	name
EBB	Entebbe	Entebbe	233508	UG	102600	4.3	displayed city	name
EBD	El-Obeid	El Obeid	379003	SD	393311	3.9	displayed city	name
EBH	El Bayadh	El Bayadh	2498543	DZ	85577	8.0	displayed city	name
EBJ	Esbjerg	Esbjerg	2622447	DK	71698	8.9	displayed city	name
EBL	Arbil	Erbil	95446	IQ	1612700	7.5	displayed city	alternate
ECP	Panama City Beach	Panama City Beach	4167695	US	12624	20.1	displayed city	name
EDL	Eldoret	Eldoret	198629	KE	475716	13.3	displayed city	name
EDO	Edremit	Edremit	315985	TR	40777	5.0	displayed city	name
EGC	Bergerac	Bergerac	3033391	FR	28317	4.1	displayed city	name
EGE	Eagle	Eagle	5420328	US	6678	7.8	displayed city	name
EGS	Egilsstaðir	Egilsstaðir	2632132	IS	2572	1.9	displayed city	name
EHU	Ezhou	Ezhou	1811619	CN	193652	20.8	displayed city	name
EIE	Yeniseysk	Yeniseysk	1485997	RU	19920	4.4	displayed city	name
EIN	Eindhoven	Eindhoven	2756253	NL	235691	7.2	displayed city	name
EJA	Barrancabermeja	Barrancabermeja	3689169	CO	191403	7.0	displayed city	name
EJH	Al Wajh	Al Wajh	108773	SA	26636	3.8	displayed city	name
EKO	Elko	Elko	5703670	US	20279	2.6	displayed city	name
ELD	El Dorado	El Dorado	4109785	US	18386	13.8	displayed city	name
ELF	El Fasher	El Fasher	379555	SD	252609	3.0	displayed city	name
ELG	El Menia	El Menia	2498305	DZ	57344	2.2	displayed city	name
ELP	El Paso	El Paso	5520993	US	678815	12.0	displayed city	name
ELS	East London	East London	1006984	ZA	478676	8.3	displayed city	name
ELU	Guemar	Guemar	2495601	DZ	48413	3.5	displayed city	name
EMA	Nottingham, Leicestershire	Nottingham	2641170	GB	323632	18.1	displayed city	name
EMD	Emerald	Emerald	2167426	AU	14906	5.4	displayed city	name
EME	Emden	Emden	2930596	DE	51526	3.1	displayed city	name
ENA	Kenai	Kenai	5866063	US	7661	2.0	displayed city	name
ENE	Ende	Ende	1644932	ID	87269	0.7	displayed city	name
ENF	Enontekio	Enontekiö	660229	FI	1765	8.9	displayed city	name
ENH	Enshi (Enshi)	Enshi	1811720	CN	279185	2.3	displayed city	name
ENI	El Nido	El Nido	1713917	PH	51367	2.9	displayed city	name
ENO	Encarnación	Encarnación	3438735	PY	74983	11.9	displayed city	name
ENY	Yan'an (Baota)	Yan’an	1787765	CN	475234	13.5	displayed city	name
EOH	Medellín	Medellín	3674962	CO	1999979	3.5	displayed city	name
EPR	Esperance	Esperance	2071860	AU	13883	20.4	displayed city	name
EPU	Pärnu	Pärnu	589580	EE	40228	3.9	displayed city	name
EQS	Esquel	Esquel	3855974	AR	28486	14.7	displayed city	name
ERC	Erzincan	Erzincan	315373	TR	150714	4.5	displayed city	name
ERF	Erfurt	Erfurt	2929670	DE	218793	5.2	displayed city	name
ERH	Errachidia	Errachidia	7280528	MA	100870	3.2	displayed city	name
ERI	Erie	Erie	5188843	US	99475	8.9	displayed city	name
ERL	Erenhot	Erenhot	2037485	CN	16427	26.5	displayed city	name
ERS	Windhoek	Windhoek	3352136	NA	386219	5.1	displayed city	name
ERZ	Erzurum	Erzurum	315368	TR	767848	10.5	displayed city	name
ESB	Ankara	Ankara	323786	TR	3517182	26.1	displayed city	name
ESC	Escanaba	Escanaba	4992232	US	12334	3.1	displayed city	name
ESL	Elista	Elista	563514	RU	106971	9.3	displayed city	name
ESU	Essaouira	Essaouira	2549263	MA	85137	15.3	displayed city	name
ETM	Eilat	Eilat	295277	IL	52299	19.8	displayed city	name
ETR	Santa Rosa	Santa Rosa	3651356	EC	41816	4.0	displayed city	name
EUG	Eugene	Eugene	5725846	US	176654	12.8	displayed city	name
EUN	El Aaiún	Laayoune	2462881	EH	196331	3.7	displayed city	alternate
EUX	Oranjestad	Oranjestad	3513426	BQ	1097	1.7	displayed city	name
EVG	Sveg	Sveg	2670061	SE	2543	3.3	displayed city	name
EVN	Yerevan	Yerevan	616052	AM	1144700	10.3	displayed city	name
EVV	Evansville	Evansville	4257227	US	119943	7.2	displayed city	name
EWB	New Bedford	New Bedford	4945121	US	101079	5.2	displayed city	name
EWN	New Bern	New Bern	4481682	US	30070	3.9	displayed city	name
EWR	Newark	Newark	5101798	US	281944	5.1	displayed city	name
EXT	Exeter, Devon	Exeter	2649808	GB	130709	8.1	displayed city	name
EYP	Yopal	Yopal	3665688	CO	168433	2.1	displayed city	name
EYW	Key West	Key West	4160812	US	25755	2.2	displayed city	name
EZE	Buenos Aires (Ezeiza)	Buenos Aires	3435910	AR	2891082	27.4	displayed city	name
EZS	Elazığ	Elazığ	315808	TR	443363	10.0	displayed city	name
FAI	Fairbanks	Fairbanks	5861897	US	32325	7.1	displayed city	name
FAO	Faro	Faro	2268339	PT	70347	3.9	displayed city	name
FAR	Fargo	Fargo	5059163	US	118523	5.2	displayed city	name
FAT	Fresno	Fresno	5350937	US	542107	5.8	displayed city	name
FAY	Fayetteville	Fayetteville	4466033	US	201963	6.8	displayed city	name
FBD	Fayzabad	Fayzabad	1142170	AF	44421	5.3	displayed city	name
FBE	Francisco Beltrão	Francisco Beltrão	3462996	BR	102312	2.6	displayed city	name
FBM	Lubumbashi	Lubumbashi	922704	CD	2221925	9.5	displayed city	name
FBS	Friday Harbor	Friday Harbor	5795104	US	2340	0.6	displayed city	name
FCA	Kalispell	Kalispell	5660340	US	22052	13.4	displayed city	name
FCO	Rome	Rome	3169070	IT	2318895	23.6	displayed city	name
FDE	Førde	Førde	3156804	NO	10339	8.6	displayed city	name
FDF	Fort-de-France	Fort-de-France	3570675	MQ	89995	7.8	displayed city	name
FDH	Friedrichshafen	Friedrichshafen	2924585	DE	58403	3.1	displayed city	name
FDU	Bandundu	Bandundu Province	2317397	CD	202904	0.6	displayed city	alternate
FEG	Fergana	Fergana	1514019	UZ	299200	4.4	displayed city	name
FIH	Kinshasa	Kinshasa	2314302	CD	16000000	15.9	displayed city	name
FJR	Fujairah	Fujairah	292878	AE	118933	1.6	displayed city	name
FKI	Kisangani	Kisangani	212730	CD	1181788	16.8	displayed city	name
FKQ	Fakfak	Fakfak	1644833	ID	18900	3.5	displayed city	name
FKS	Sukagawa	Sukagawa	2110959	JP	74992	7.5	displayed city	name
FLA	Florencia	Florencia	3682426	CO	168346	5.3	displayed city	name
FLG	Flagstaff	Flagstaff	5294810	US	70320	6.7	displayed city	name
FLL	Fort Lauderdale	Fort Lauderdale	4155966	US	183146	5.6	displayed city	name
FLN	Florianópolis	Florianópolis	3463237	BR	508826	8.2	displayed city	name
FLO	Florence	Florence	4578737	US	38228	3.7	displayed city	name
FLR	Firenze (FI)	Florence	3176959	IT	367150	4.8	displayed city	alternate
FLW	Santa Cruz das Flores	Santa Cruz das Flores	3372643	PT	1725	0.3	displayed city	name
FLZ	Sibolga (Pinangsori)	Sibolga	1213855	ID	92244	23.5	displayed city	name
FMA	Formosa	Formosa	3433899	AR	222226	6.3	displayed city	name
FMI	Kalemie	Kalemie	214974	CD	160961	10.1	displayed city	name
FMM	Memmingen	Memmingen	2871992	DE	44192	4.0	displayed city	name
FMO	Greven	Greven	2917544	DE	35080	7.8	displayed city	name
FNA	Freetown (Lungi-Town)	Freetown	2409306	SL	802639	15.0	displayed city	name
FNC	Funchal	Funchal	2267827	PT	105795	14.6	displayed city	name
FND	Funadhoo	Funadhoo	1337620	MV	2900	1.3	displayed city	name
FNJ	Pyongyang	Pyongyang	1871859	KP	3222000	22.4	displayed city	name
FNT	Flint	Flint	4992982	US	98310	6.6	displayed city	name
FOC	Fuzhou (Changle)	Fuzhou	1810821	CN	4094491	39.5	displayed city	name
FOD	Fort Dodge	Fort Dodge	4857486	US	24649	6.4	displayed city	name
FOG	Foggia (FG)	Foggia	3176885	IT	137032	3.1	displayed city	name
FON	La Fortuna	La Fortuna	3623716	CR	3010	7.2	displayed city	name
FOR	Fortaleza	Fortaleza	3399415	BR	2400000	6.6	displayed city	name
FPO	Freeport	Freeport	3572375	BS	26910	2.8	displayed city	name
FRA	Frankfurt am Main	Frankfurt am Main	2925533	DE	650000	13.3	displayed city	name
FRD	Friday Harbor	Friday Harbor	5795104	US	2340	1.3	displayed city	name
FRL	Forlì (FC)	Forlì	3176746	IT	116696	3.8	displayed city	name
FRO	Florø	Florø	3156980	NO	9024	1.8	displayed city	name
FRS	San Benito	San Benito	3590389	GT	30764	5.6	displayed city	name
FRW	Francistown	Francistown	933778	BW	103417	4.2	displayed city	name
FSC	Figari	Figari	2972527	FR	1438	3.2	displayed city	name
FSD	Sioux Falls	Sioux Falls	5231851	US	171544	4.8	displayed city	name
FSH	Singkil	Singkil	1213713	ID	46800	20.0	displayed city	name
FSM	Fort Smith	Fort Smith	4111410	US	88194	6.2	displayed city	name
FSP	Saint-Pierre	Saint-Pierre	3424934	PM	6200	1.8	displayed city	name
FTE	El Calafate	El Calafate	3858677	AR	22844	17.2	displayed city	name
FTU	Tôlanaro	Tôlanaro	1055433	MG	71258	2.8	displayed city	name
FTW	Fort Worth	Fort Worth	4691930	US	1008106	11.2	displayed city	name
FUJ	Goto	Gotō	11612559	JP	34391	3.2	displayed city	name
FUK	Fukuoka	Fukuoka	1863967	JP	1612392	3.5	displayed city	name
FUN	Funafuti	Funafuti	2110394	TV	6320	0.3	displayed city	name
FUO	Foshan (Nanhai)	Foshan	1811103	CN	9042509	8.8	displayed city	name
FWA	Fort Wayne	Fort Wayne	4920423	US	260326	17.7	displayed city	name
FYJ	Fuyuan	Fuyuan	2037330	CN	30000	19.1	displayed city	name
FYN	Fuyun	Fuyun	1529504	CN	19772	20.9	displayed city	name
GAJ	Higashine	Higashine	2112758	JP	47682	4.0	displayed city	name
GAQ	Gao	Gao	2457163	ML	133110	4.9	displayed city	name
GAU	Guwahati	Guwahati	1271476	IN	962334	18.2	displayed city	name
GAX	Gamba	Gamba	2400547	GA	12565	15.9	displayed city	name
GAY	Gaya	Gaya	1271439	IN	474093	7.9	displayed city	name
GBB	Gabala	Qabala	585231	AZ	11867	21.7	displayed city	alternate
GBE	Gaborone	Gaborone	933773	BW	246325	11.1	displayed city	name
GBI	Kalaburagi	Kalaburagi	1270752	IN	543147	13.9	displayed city	name
GBJ	Grand-Bourg	Grand-Bourg	3579250	GP	5867	5.1	displayed city	name
GCC	Gillette	Gillette	5826027	US	32649	7.1	displayed city	name
GCH	Gachsaran	Dogonbadan	136014	IR	96728	4.4	displayed city	alternate
GCI	Saint Peter Port	Saint Peter Port	3042287	GG	16488	5.6	displayed city	name
GCK	Garden City	Garden City	5445439	US	27005	13.9	displayed city	name
GCM	George Town	George Town	3580661	KY	29370	1.9	displayed city	name
GDB	Gondia	Gondiā	1270990	IN	132813	12.6	displayed city	name
GDE	Gode	Gode	336259	ET	67900	3.4	displayed city	name
GDL	Guadalajara	Guadalajara	4005539	MX	1385629	17.6	displayed city	name
GDN	Gdańsk	Gdańsk	3099434	PL	487371	12.2	displayed city	name
GDT	Cockburn Town	Cockburn Town	3576994	TC	3720	1.9	displayed city	name
GDV	Glendive	Glendive	5654391	US	5490	8.0	displayed city	name
GDX	Magadan	Magadan	2123628	RU	92782	39.0	displayed city	name
GDZ	Gelendzhik	Gelendzhik	561667	RU	50715	4.3	displayed city	name
GEA	Nouméa	Nouméa	2139521	NC	93060	3.1	displayed city	name
GEG	Spokane	Spokane	5811696	US	229447	9.0	displayed city	name
GEL	Santo Ângelo	Santo Ângelo	3449696	BR	77568	9.3	displayed city	name
GEO	Georgetown	Georgetown	3378644	GY	235017	35.7	displayed city	name
GER	Nueva Gerona	Nueva Gerona	3545867	CU	20264	6.3	displayed city	name
GES	General Santos	General Santos	1713022	PH	722059	10.4	displayed city	name
GEV	Gällivare	Gällivare	606086	SE	10362	7.0	displayed city	name
GFF	Griffith	Griffith	2164422	AU	20569	4.4	displayed city	name
GFK	Grand Forks	Grand Forks	5059429	US	57011	11.0	displayed city	name
GGF	Almeirim	Almeirim	3407903	BR	34076	4.9	displayed city	name
GGG	Longview	Longview	4707814	US	82287	13.3	displayed city	name
GGJ	Guaíra	Guaíra	3461994	BR	33310	5.5	displayed city	name
GGR	Garowe	Garoowe	58933	SO	57300	11.3	displayed city	alternate
GGS	Gobernador Gregores	Gobernador Gregores	3854981	AR	5343	8.0	displayed city	name
GGW	Glasgow	Glasgow	5654320	US	3414	2.4	displayed city	name
GHB	Governor's Harbour	Governor’s Harbour	3572313	BS	0	16.4	displayed city	name
GHV	Brașov (Ghimbav)	Braşov	683844	RO	253200	9.1	displayed city	name
GIB	Gibraltar	Gibraltar	2411585	GI	26544	0.8	displayed city	name
GID	Gitega	Gitega	426272	BI	64904	1.8	displayed city	name
GIG	Rio De Janeiro	Rio de Janeiro	3451190	BR	6747815	12.8	displayed city	name
GIL	Gilgit	Gilgit	1178338	PK	216760	1.9	displayed city	name
GIS	Gisborne	Gisborne	2206854	NZ	38100	2.5	displayed city	name
GIZ	Jizan	Jizan	105299	SA	105198	3.9	displayed city	name
GJA	Guanaja	Guanaja	3609293	HN	5538	2.1	displayed city	name
GJT	Grand Junction	Grand Junction	5423573	US	60358	7.2	displayed city	name
GLA	Glasgow	Glasgow	2648579	GB	626410	11.0	displayed city	name
GLF	Golfito	Golfito	3623656	CR	6777	9.4	displayed city	name
GLH	Greenville	Greenville	4428475	US	32156	10.7	displayed city	name
GLK	Galcaio	Gaalkacyo	59611	SO	61200	2.9	displayed city	alternate
GLT	Gladstone	Gladstone	2165478	AU	45185	4.0	displayed city	name
GMA	Gemena	Gemena	2315728	CD	197159	2.4	displayed city	name
GMB	Gambela	Gambēla	337405	ET	97600	13.7	displayed city	name
GME	Gomel	Homyel'	627907	BY	501193	10.7	displayed city	alternate
GMO	Gombe	Gombe	2340451	NG	560000	29.3	displayed city	name
GMP	Seoul	Seoul	1835848	KR	10349312	16.5	displayed city	name
GMQ	Golog (Maqên)	Maqin County	7931312	CN	59900	8.1	displayed city	alternate
GMZ	Alajero, La Gomera Island	Alajeró	2522293	ES	2066	4.4	displayed city	name
GNB	Grenoble	Grenoble	3014728	FR	158552	36.5	displayed city	name
GND	Saint George's	Saint George's	3579925	GD	7500	6.5	displayed city	name
GNJ	Ganja	Ganja	586523	AZ	330663	7.2	displayed city	name
GNS	Gunungsitoli	Gunungsitoli	1215102	ID	136707	17.0	displayed city	name
GNV	Gainesville	Gainesville	4156404	US	145214	6.7	displayed city	name
GNY	Şanlıurfa	Şanlıurfa	298333	TR	449549	32.3	displayed city	name
GOA	Genova (GE)	Genoa	3176219	IT	580097	8.3	displayed city	alternate
GOH	Nuuk	Nuuk	3421319	GL	14798	2.2	displayed city	name
GOI	Vasco da Gama	Vasco da Gama	1253367	IN	100485	2.6	displayed city	name
GOJ	Nizhny Novgorod	Nizhniy Novgorod	520555	RU	1259013	17.5	displayed city	alternate
GOM	Goma	Goma	216281	CD	432587	1.3	displayed city	name
GOP	Gorakhpur	Gorakhpur	1270927	IN	674246	8.6	displayed city	name
GOQ	Golmud	Golmud	1281184	CN	0	10.3	displayed city	name
GOT	Göteborg	Gothenburg	2711537	SE	608462	19.2	displayed city	alternate
GOU	Garoua	Garoua	2231320	CM	34957	4.7	displayed city	name
GOV	Nhulunbuy	Nhulunbuy	2064735	AU	3350	10.7	displayed city	name
GOY	Tura	Tura	2014833	RU	5444	12.1	displayed city	name
GPA	Patras	Pátra	255683	GR	168034	29.0	displayed city	alternate
GPI	Guapi	Guapí	3681505	CO	13853	1.4	displayed city	name
GPT	Gulfport	Gulfport	4428667	US	71856	4.8	displayed city	name
GRB	Green Bay	Green Bay	5254962	US	105207	9.7	displayed city	name
GRI	Grand Island	Grand Island	5069297	US	51440	5.5	displayed city	name
GRJ	George	George	1002145	ZA	188580	9.0	displayed city	name
GRK	Fort Cavazos	Fort Cavazos	7261291	US	29589	9.1	displayed city	name
GRO	Girona	Girona	3121456	ES	100266	10.2	displayed city	name
GRQ	Groningen	Groningen	2755251	NL	244807	11.2	displayed city	name
GRR	Grand Rapids	Grand Rapids	4994358	US	195097	15.0	displayed city	name
GRU	São Paulo	São Paulo	3448439	BR	12400232	21.3	displayed city	name
GRV	Grozny	Grozny	558418	RU	297137	8.5	displayed city	name
GRW	Santa Cruz da Graciosa	Santa Cruz da Graciosa	3372644	PT	1776	2.2	displayed city	name
GRX	Granada	Granada	2517117	ES	233532	15.1	displayed city	name
GRZ	Feldkirchen bei Graz	Feldkirchen bei Graz	2779671	AT	1625	3.0	displayed city	name
GSM	Qeshm(Dayrestan)	Qeshm	119374	IR	25000	42.3	displayed city	name
GSO	Greensboro	Greensboro	4469146	US	285342	13.4	displayed city	name
GSV	Saratov	Saratov	498677	RU	844858	22.9	displayed city	name
GTF	Great Falls	Great Falls	5655240	US	59638	5.7	displayed city	name
GTO	Gorontalo	Gorontalo	1643837	ID	205390	26.1	displayed city	name
GUA	Guatemala City	Guatemala City	3598132	GT	994938	6.6	displayed city	name
GUC	Gunnison	Gunnison	5424099	US	6076	1.5	displayed city	name
GUM	Hagåtña	Hagåtña	4044012	GU	1051	5.3	displayed city	name
GUP	Gallup	Gallup	5468773	US	23240	4.5	displayed city	name
GUW	Atyrau	Atyrau	610529	KZ	290700	5.2	displayed city	name
GUZ	Guarapari	Guarapari	3461888	BR	136311	3.0	displayed city	name
GVA	Geneva	Geneva	2660646	CH	201741	4.9	displayed city	name
GVR	Governador Valadares	Governador Valadares	3462315	BR	266561	6.1	displayed city	name
GWL	Gwalior	Gwalior	1270583	IN	1054420	8.9	displayed city	name
GXG	Negage	Negage	2239069	AO	92950	1.8	displayed city	name
GYA	Guayaramerín	Guayaramerín	3915350	BO	36008	7.4	displayed city	name
GYD	Baku	Baku	587084	AZ	2351300	17.1	displayed city	name
GYE	Guayaquil	Guayaquil	3657509	EC	2723665	4.3	displayed city	name
GYM	Guaymas	Heroica Guaymas	4005143	MX	117253	6.0	displayed city	alternate
GYN	Goiânia	Goiânia	3462377	BR	1536097	6.3	displayed city	name
GYS	Guangyuan (Lizhou)	Guangyuan	1806466	CN	516424	13.4	displayed city	name
GYU	Guyuan (Yuanzhou)	Guyuan	1809152	CN	411854	9.9	displayed city	name
GYY	Gary	Gary	4920607	US	77156	6.1	displayed city	name
GZG	Garzê (Garzê)	Ganzi	1810271	CN	0	44.1	displayed city	alternate
GZO	Gizo	Gizo	2108857	SB	7177	2.5	displayed city	name
GZP	Gazipaşa	Gazipaşa	314812	TR	18371	3.8	displayed city	name
GZT	Gaziantep	Gaziantep	314830	TR	2222415	15.1	displayed city	name
HAD	Halmstad	Halmstad	2708365	SE	70480	2.9	displayed city	name
HAH	Moroni	Moroni	921772	KM	74749	18.8	displayed city	name
HAJ	Hannover	Hannover	2910831	DE	515140	10.6	displayed city	name
HAK	Haikou (Meilan)	Haikou	1809078	CN	3001600	16.1	displayed city	name
HAM	Hamburg	Hamburg	2911298	DE	1973896	8.9	displayed city	name
HAN	Hanoi (Soc Son)	Hanoi	1581130	VN	8053663	22.2	displayed city	name
HAS	Hail	Ha'il	106281	SA	605930	9.3	displayed city	alternate
HAV	Havana	Havana	3553478	CU	2163824	16.2	displayed city	name
HBA	Hobart (Cambridge)	Hobart	2163355	AU	254930	15.7	displayed city	name
HBE	Alexandria	Alexandria	361058	EG	5263542	36.5	displayed city	name
HBT	Hambantota	Hambantota	1244926	LK	19999	1.7	displayed city	name
HBX	Hubballi	Hubballi	1269920	IN	943788	5.7	displayed city	name
HCJ	Hechi (Jinchengjiang)	Hechi	12358476	CN	330131	39.6	displayed city	name
HCZ	Chenzhou	Chenzhou	1815059	CN	822534	19.5	displayed city	name
HDD	Hyderabad	Hyderabad	1176734	PK	1921275	8.8	displayed city	name
HDG	Handan	Handan	1808963	CN	1358318	11.0	displayed city	name
HDK	Kulhudhuffushi	Kulhudhuffushi	1337613	MV	9500	1.0	displayed city	name
HDM	Hamadan	Hamadān	132144	IR	528256	8.6	displayed city	name
HDN	Hayden	Hayden	5577864	US	1839	3.7	displayed city	name
HDO	Ghaziabad	Ghāziābād	1271308	IN	1199191	9.1	displayed city	name
HDS	Hoedspruit	Hoedspruit	996195	ZA	3782	10.2	displayed city	name
HDY	Hat Yai	Hat Yai	1610780	TH	191696	12.5	displayed city	name
HEA	Guzara	Guz̄arah	1140605	AF	0	1.5	displayed city	alternate
HEH	Heho	Heho	1325259	MM	93041	4.2	displayed city	name
HEK	Heihe	Heihe	2036973	CN	223832	15.2	displayed city	name
HEL	Helsinki (Vantaa)	Helsinki	658225	FI	658864	16.6	displayed city	name
HER	Heraklion	Irákleion	261745	GR	137154	3.6	displayed city	alternate
HET	Hohhot	Hohhot	2036892	CN	3446100	15.1	displayed city	name
HFA	Haifa	Haifa	294801	IL	285316	4.2	displayed city	name
HFE	Hefei	Hefei	1808722	CN	9465881	31.8	displayed city	name
HFN	Höfn	Höfn	2630299	IS	1690	4.7	displayed city	name
HFT	Hammerfest	Hammerfest	779683	NO	11448	1.9	displayed city	name
HGA	Hargeisa	Hargeysa	57289	SO	477876	5.5	displayed city	alternate
HGD	Hughenden	Hughenden	2162976	AU	1253	4.1	displayed city	name
HGH	Hangzhou	Hangzhou	1808926	CN	11936010	26.5	displayed city	name
HGL	Helgoland	Helgoland	3208547	DE	1333	2.0	displayed city	name
HGN	Mae Hong Son	Mae Hong Son	1152222	TH	9109	0.8	displayed city	name
HGO	Korhogo	Korhogo	2286304	CI	440926	11.2	displayed city	name
HGR	Hagerstown	Hagerstown	4357141	US	40432	7.5	displayed city	name
HGU	Mount Hagen	Mount Hagen	2090409	PG	33623	8.3	displayed city	name
HHH	Hilton Head Island	Hilton Head Island	4581832	US	40512	5.1	displayed city	name
HHQ	Hua Hin	Hua Hin	1153269	TH	126355	7.3	displayed city	name
HHR	Hawthorne	Hawthorne	5355828	US	88451	1.8	displayed city	name
HIA	Huai'an	Huai'an	1797873	CN	4556230	24.8	displayed city	name
HIB	Hibbing	Hibbing	5030005	US	16204	8.9	displayed city	name
HII	Lake Havasu City	Lake Havasu City	5301388	US	53553	10.2	displayed city	name
HIJ	Hiroshima	Hiroshima	1862415	JP	1200754	43.2	displayed city	name
HIR	Honiara	Honiara	2108502	SB	56298	11.5	displayed city	name
HJJ	Huaihua	Huaihua	1807689	CN	552622	32.4	displayed city	name
HJR	Khajuraho	Khajuraho Group of Monuments	1267154	IN	25662	3.7	displayed city	alternate
HKD	Hakodate	Hakodate	2130188	JP	275730	7.1	displayed city	name
HKG	Hong Kong	Hong Kong	1819729	HK	7396076	27.0	displayed city	name
HKN	Kimbe	Kimbe	2093967	PG	18847	31.4	displayed city	name
HKT	Phuket	Phuket	1151254	TH	79308	26.3	displayed city	name
HLA	Johannesburg	Johannesburg	993800	ZA	9418183	31.5	displayed city	name
HLD	Hailar	Hailar	2037078	CN	211066	8.9	displayed city	name
HLE	Jamestown	Jamestown	3370903	SH	637	8.6	displayed city	name
HLH	Ulanhot	Ulanhot	2034312	CN	265600	13.7	displayed city	name
HLN	Helena	Helena	5656882	US	32091	4.3	displayed city	name
HLP	Jakarta	Jakarta	1642911	ID	8540121	7.7	displayed city	name
HLZ	Hamilton	Hamilton	2190324	NZ	192100	10.2	displayed city	name
HMA	Khanty-Mansiysk	Khanty-Mansiysk	1503772	RU	101466	4.3	displayed city	name
HMB	Suhaj	Sohag	347796	EG	266944	24.3	displayed city	alternate
HME	Hassi Messaoud	Hassi Messaoud	2494029	DZ	44478	6.4	displayed city	name
HMI	Hami	Hami	1529484	CN	246373	13.3	displayed city	name
HMO	Hermosillo	Hermosillo	4004898	MX	812229	8.4	displayed city	name
HMS	Muara Teweh	Muara Teweh	1634788	ID	46652	9.4	displayed city	name
HNA	Hanamaki	Hanamaki	2112823	JP	94691	5.3	displayed city	name
HND	Tokyo	Tokyo	1850147	JP	9733276	17.8	displayed city	name
HNL	Honolulu, Oahu	Honolulu	5856195	US	350964	7.1	displayed city	name
HNM	Hana	Hana	5855471	US	1235	4.8	displayed city	name
HNS	Haines	Haines	5846901	US	1713	4.6	displayed city	name
HNY	Hengyang	Hengyang	1808370	CN	1075516	18.6	displayed city	name
HOB	Hobbs	Hobbs	5471578	US	38416	7.8	displayed city	name
HOF	Hofuf	Al Hufūf	109571	SA	293179	13.6	displayed city	alternate
HOG	Holguin	Holguín	3556969	CU	319102	12.6	displayed city	name
HOI	Otepa	Otepa	4034036	PF	1009	5.5	displayed city	name
HOM	Homer	Homer	5864145	US	5515	3.9	displayed city	name
HOR	Horta	Horta	3372988	PT	6572	8.0	displayed city	name
HOT	Hot Springs	Hot Springs	4115412	US	35635	4.7	displayed city	name
HOU	Houston	Houston	4699066	US	2314157	15.5	displayed city	name
HOV	Ørsta	Ørsta	3336588	NO	6337	3.6	displayed city	name
HPB	Hooper Bay	Hooper Bay	5864197	US	1187	2.8	displayed city	name
HPG	Shennongjia (Hongping)	Songbai	1794067	CN	31207	34.7	displayed city	alternate
HPH	Haiphong (Hai An)	Haiphong	1581298	VN	2625200	6.8	displayed city	name
HPN	White Plains	White Plains	5144336	US	58459	5.9	displayed city	name
HQQ	Anyang	Anyang	1785294	CN	1146839	26.0	displayed city	name
HRB	Harbin	Harbin	2037013	CN	10009854	34.1	displayed city	name
HRE	Harare	Harare	890299	ZW	1542813	12.3	displayed city	name
HRG	Hurghada	Hurghada	361291	EG	207132	9.1	displayed city	name
HRL	Harlingen	Harlingen	4696233	US	65774	5.9	displayed city	name
HRO	Harrison	Harrison	4113956	US	13138	5.5	displayed city	name
HSC	Shaoguan	Shaoguan	1795874	CN	1028460	25.7	displayed city	name
HSG	Saga	Saga	1853303	JP	233301	9.3	displayed city	name
HSN	Zhoushan	Zhoushan	1886762	CN	882932	16.3	displayed city	name
HSR	Rajkot	Rājkot	1258847	IN	1390640	27.1	displayed city	name
HSS	Hisar	Hisar	1270022	IN	307024	4.0	displayed city	name
HSV	Huntsville	Huntsville	4068590	US	215006	20.2	displayed city	name
HTA	Chita	Chita	2025339	RU	349005	12.9	displayed city	name
HTG	Khatanga	Khatanga	2022572	RU	3205	0.7	displayed city	name
HTN	Hotan	Gujangbagh	1281019	CN	408894	10.0	displayed city	alternate
HTS	Huntington	Huntington	4809537	US	48638	11.4	displayed city	name
HTY	Antakya	Antakya	323779	TR	399045	20.7	displayed city	name
HUG	Huehuetenango	Huehuetenango	3595416	GT	79426	3.8	displayed city	name
HUH	Fare	Fare	4034496	PF	1540	3.1	displayed city	name
HUI	Huế	Huế	1580240	VN	1380000	13.3	displayed city	name
HUN	Hualien City	Hualien City	1674504	TW	99458	5.3	displayed city	name
HUO	Holingol	Mositai	6569940	CN	0	20.9	displayed city	alternate
HUU	Huánuco	Huánuco	3696417	PE	196627	6.8	displayed city	name
HUX	Huatulco	Santa María Huatulco	3517251	MX	7409	9.1	displayed city	alternate
HUY	Grimsby, Lincolnshire	Grimsby	2647878	GB	86138	18.1	displayed city	name
HUZ	Huizhou (Pingtan)	Huizhou	1806776	CN	2900113	20.1	displayed city	name
HVB	Hervey Bay	Hervey Bay	6354957	AU	52230	11.8	displayed city	name
HVD	Khovd	Khovd	1516048	MN	29800	5.8	displayed city	name
HVG	Honningsvåg	Honningsvåg	779554	NO	2484	3.1	displayed city	name
HVN	New Haven	New Haven	4839366	US	130322	6.1	displayed city	name
HVR	Havre	Havre	5656497	US	9834	5.9	displayed city	name
HWR	Halwara	Halwāra	1270463	IN	9761	2.9	displayed city	name
HXD	Delingha	Delingha	1281378	CN	0	29.4	displayed city	name
HYA	Hyannis	Hyannis	4940190	US	14120	1.8	displayed city	name
HYD	Hyderabad	Hyderabad	1269843	IN	6993262	17.2	displayed city	name
HYN	Taizhou (Luqiao)	Taizhou	8400694	CN	1485502	11.2	displayed city	name
HYS	Hays	Hays	4272782	US	21092	6.0	displayed city	name
HZA	Heze (Dingtao)	Heze	1808198	CN	1346717	24.1	displayed city	name
HZG	Hanzhong (Chenggu)	Hanzhong	1808857	CN	1006557	18.1	displayed city	name
HZH	Liping	Liping	1813033	CN	82710	10.3	displayed city	name
IAA	Igarka	Igarka	1505991	RU	7470	3.3	displayed city	name
IAD	Dulles	Dulles Town Center	4756636	US	4601	10.9	displayed city	alternate
IAG	Niagara Falls	Niagara Falls	5128723	US	48916	9.1	displayed city	name
IAH	Houston	Houston	4699066	US	2314157	24.7	displayed city	name
IAO	Del Carmen	Del Carmen, Surigao del Norte	1715212	PH	4276	5.0	displayed city	alternate
IAR	Tunoshna	Tunoshna	480410	RU	3152	2.5	displayed city	name
IAS	Iaşi	Iaşi	675810	RO	378954	2.2	displayed city	name
IBA	Ibadan	Ibadan	2339354	NG	3649000	8.2	displayed city	name
IBB	Puerto Villamil	Puerto Villamil	3652694	EC	2200	2.1	displayed city	name
IBE	Ibagué	Ibagué	3680656	CO	529635	7.9	displayed city	name
IBR	Omitama	Omitama	6822101	JP	48870	8.7	displayed city	name
IBZ	Ibiza (Eivissa)	Ibiza	2516479	ES	49727	6.5	displayed city	name
ICN	Seoul	Seoul	1835848	KR	10349312	47.7	displayed city	name
ICT	Wichita	Wichita	4281730	US	396119	9.3	displayed city	name
IDA	Idaho Falls	Idaho Falls	5596475	US	59184	6.1	displayed city	name
IDR	Indore	Indore	1269743	IN	1994397	3.4	displayed city	name
IFJ	Ísafjörður	Ísafjörður	3415667	IS	2736	1.9	displayed city	name
IFN	Isfahan	Isfahan	418863	IR	1547164	22.7	displayed city	name
IGA	Matthew Town	Matthew Town	3571898	BS	452	2.9	displayed city	name
IGD	Iğdır	Iğdır	311665	TR	101700	15.5	displayed city	name
IGR	Puerto Iguazu	Puerto Iguazú	3429777	AR	32038	18.4	displayed city	name
IGT	Sunzha	Sunzha	515083	RU	71841	3.0	displayed city	name
IGU	Foz do Iguaçu	Foz do Iguaçu	3463030	BR	297352	11.2	displayed city	name
IJK	Izhevsk	Izhevsk	554840	RU	648213	16.1	displayed city	name
IKA	Tehran	Tehran	112931	IR	7153309	39.4	displayed city	name
IKG	Karakol	Karakol	1528121	KG	84351	2.4	displayed city	name
IKI	Iki	Iki	11612327	JP	30352	7.0	displayed city	name
IKS	Tiksi	Tiksi	2015306	RU	5700	1.5	displayed city	name
IKT	Irkutsk	Irkutsk	2023469	RU	623869	7.8	displayed city	name
ILD	Lleida	Lleida	3118514	ES	140797	14.4	displayed city	name
ILG	Wilmington	Wilmington	4145381	US	70898	9.1	displayed city	name
ILM	Wilmington	Wilmington	4499379	US	115933	5.6	displayed city	name
ILO	Cabatuan	Cabatuan	1721720	PH	6106	5.2	displayed city	name
ILQ	Ilo	Ilo	3938415	PE	53476	7.0	displayed city	name
ILS	San Salvador	San Salvador	3583361	SV	525990	7.4	displayed city	name
ILY	Isle of Islay, Argyll and Bute	Isle of Islay	8299862	GB	3457	11.5	displayed city	name
IMF	Imphal	Imphal	1269771	IN	277196	7.2	displayed city	name
IMP	Imperatriz	Imperatriz	3398269	BR	273110	3.5	displayed city	name
IMT	Kingsford	Kingsford	4998189	US	5069	4.2	displayed city	name
INB	Independence	Independence and Mango Creek	3581905	BZ	4878	2.4	displayed city	alternate
INC	Yinchuan	Yinchuan	1786657	CN	2859074	19.3	displayed city	name
IND	Indianapolis	Indianapolis	4259418	US	887642	13.0	displayed city	name
INH	Inhambane	Inhambane	1045114	MZ	95388	2.9	displayed city	name
INI	Niš	Niš	787657	RS	250000	4.0	displayed city	name
INL	International Falls	International Falls	5031404	US	6158	3.9	displayed city	name
INN	Innsbruck	Innsbruck	2775220	AT	132493	3.8	displayed city	name
INO	Inongo	Inongo	2315417	CD	68852	2.2	displayed city	name
INU	Yaren	Yaren	7626461	NR	1100	0.7	displayed city	name
INV	Inverness	Inverness	2646088	GB	47790	12.7	displayed city	name
INZ	In Salah	In Salah	6930641	DZ	32518	6.9	displayed city	name
IOA	Ioannina	Ioánnina	261779	GR	65574	4.4	displayed city	name
IOM	Castletown	Castletown	3042255	IM	3100	2.2	displayed city	name
IOS	Ilhéus	Ilhéus	3461408	BR	189149	1.9	displayed city	name
IPH	Ipoh	Ipoh	1734634	MY	759952	2.1	displayed city	name
IPI	Ipiales	Ipiales	3680539	CO	77729	5.4	displayed city	name
IPL	Imperial	Imperial	5359052	US	17095	1.4	displayed city	name
IPN	Ipatinga	Ipatinga	3461144	BR	235311	5.2	displayed city	name
IPT	Williamsport	Williamsport	5219585	US	29201	6.6	displayed city	name
IQM	Qiemo	Qiemo	1280249	CN	18893	12.5	displayed city	name
IQN	Qingyang (Xifeng)	Qingyang	12359313	CN	2125400	11.1	displayed city	name
IQQ	Iquique	Iquique	3887127	CL	199587	36.1	displayed city	name
IQT	Iquitos	Iquitos	3696183	PE	377609	7.4	displayed city	name
IRA	Kirakira	Kirakira	2178753	SB	2107	2.5	displayed city	name
IRJ	La Rioja	La Rioja	3848950	AR	178872	6.8	displayed city	name
IRK	Kirksville	Kirksville	5055787	US	17520	11.7	displayed city	name
IRP	Isiro	Isiro	215771	CD	255409	6.7	displayed city	name
IRZ	Santa Isabel do Rio Negro	Santa Isabel do Rio Negro	3662489	BR	25865	4.9	displayed city	name
ISA	Mount Isa	Mount Isa	2065594	AU	18317	6.6	displayed city	name
ISB	Attock	Attock City	1184249	PK	141945	49.5	displayed city	alternate
ISC	St. Mary's, Isles of Scilly	St Mary's	6943072	GB	1666	0.5	displayed city	name
ISE	Isparta	Isparta	311073	TR	172334	19.1	displayed city	name
ISG	Ishigaki	Ishigaki	1861416	JP	47637	10.6	displayed city	name
ISK	Nashik	Nashik	1261731	IN	1486053	18.6	displayed city	name
ISP	Islip	Islip	5122413	US	18689	11.8	displayed city	name
IST	Istanbul	Istanbul	745044	TR	15701602	34.3	displayed city	name
ISU	Sulaymaniyah	Sulaymaniyah	98463	IQ	878146	10.7	displayed city	name
ITB	Itaituba	Itaituba	3397967	BR	135369	4.2	displayed city	name
ITH	Ithaca	Ithaca	5122432	US	30788	6.4	displayed city	name
ITM	Osaka	Osaka	1853909	JP	2753862	11.1	displayed city	name
ITO	Hilo	Hilo	5855927	US	43263	4.8	displayed city	name
ITU	Kurilsk	Kuril’sk	2123979	RU	1607	6.9	displayed city	alternate
IUE	Alofi	Alofi	4036284	NU	624	3.0	displayed city	name
IVC	Invercargill	Invercargill	2189529	NZ	58000	3.2	displayed city	name
IVL	Ivalo	Ivalo	656220	FI	3998	8.0	displayed city	name
IWA	Ivanovo	Ivanovo	555312	RU	406113	7.0	displayed city	name
IWD	Ironwood	Ironwood	4997249	US	5002	8.4	displayed city	name
IWJ	Masuda	Masuda	1857594	JP	45003	5.6	displayed city	name
IWK	Iwakuni	Iwakuni	1861212	JP	129125	3.1	displayed city	name
IXA	Agartala	Agartala	1279290	IN	400004	6.9	displayed city	name
IXB	Siliguri	Siliguri	1256525	IN	515574	10.4	displayed city	name
IXC	Chandigarh	Chandigarh	1274746	IN	970602	7.0	displayed city	name
IXD	Allahabad	Prayagraj	1278994	IN	1073438	11.0	displayed city	alternate
IXE	Mangaluru	Mangaluru	1263780	IN	499487	5.3	displayed city	name
IXG	Belgaum	Belagavi	1276533	IN	490045	12.2	displayed city	alternate
IXJ	Jammu	Jammu	1269321	IN	576198	5.6	displayed city	name
IXK	Keshod	Keshod	1267227	IN	76193	2.7	displayed city	name
IXL	Leh	Leh	1264976	IN	37475	4.7	displayed city	name
IXM	Madurai	Madurai	1264521	IN	1465625	9.8	displayed city	name
IXP	Pathankot	Pathānkot	1260137	IN	174306	4.9	displayed city	name
IXR	Ranchi	Ranchi	1258526	IN	1120374	3.4	displayed city	name
IXS	Silchar	Silchar	1256287	IN	178865	20.6	displayed city	name
IXU	Aurangabad	Aurangabad	1278149	IN	1175116	5.9	displayed city	name
IXY	Kandla	Kāndla	1268124	IN	25845	14.8	displayed city	name
IXZ	Port Blair	Port Blair	1259385	IN	112050	3.4	displayed city	name
IZA	Juiz de Fora	Juiz de Fora	3459505	BR	540756	33.4	displayed city	name
IZO	Izumo	Izumo	1861084	JP	172775	12.3	displayed city	name
IZT	Ixtepec	Ixtepec	3526674	MX	25381	12.8	displayed city	name
JAC	Jackson	Jackson	5828648	US	10523	14.3	displayed city	name
JAE	Jaén	Jaén	3696150	PE	52493	13.3	displayed city	name
JAF	Jaffna	Jaffna	1242833	LK	169102	15.4	displayed city	name
JAI	Jaipur	Jaipur	1269515	IN	3046163	10.9	displayed city	name
JAN	Jackson	Jackson	4431410	US	153701	10.3	displayed city	name
JAU	Jauja	Jauja	3937733	PE	21057	2.6	displayed city	name
JAV	Ilulissat	Ilulissat	3423146	GL	4413	3.1	displayed city	name
JAX	Jacksonville	Jacksonville	4160021	US	1009833	18.1	displayed city	name
JBB	Jember	Jember	1642588	ID	298585	7.9	displayed city	name
JBR	Jonesboro	Jonesboro	4116834	US	73907	5.3	displayed city	name
JCH	Qasigiannguit	Qasigiannguit	3420768	GL	1081	0.9	displayed city	name
JCL	České Budějovice	České Budějovice	3077916	CZ	93426	4.5	displayed city	name
JCU	Ceuta	Ceuta	6362987	ES	83179	1.3	displayed city	name
JDF	Juiz de Fora	Juiz de Fora	3459505	BR	540756	4.8	displayed city	name
JDH	Jodhpur	Jodhpur	1268865	IN	1056191	4.7	displayed city	name
JDO	Juazeiro do Norte	Juazeiro do Norte	3397147	BR	305531	5.1	displayed city	name
JDZ	Jingdezhen	Jingdezhen	1805680	CN	473561	5.8	displayed city	name
JED	Jeddah	Jeddah	105343	SA	4697000	21.3	displayed city	name
JEG	Aasiaat	Aasiaat	3424901	GL	3005	3.5	displayed city	name
JFK	New York	New York City	5128581	US	8804190	20.8	displayed city	alternate
JFR	Paamiut	Paamiut	3421193	GL	1308	2.3	displayed city	name
JGA	Jamnagar	Jamnagar	1269317	IN	600943	5.6	displayed city	name
JGB	Jagdalpur	Jagdalpur	1269578	IN	125463	1.8	displayed city	name
JGD	Jiagedaqi	Jiagedaqi	2036597	CN	137105	5.0	displayed city	name
JGN	Jiayuguan	Jiayuguan	1280957	CN	231853	7.0	displayed city	name
JGS	Ji'an	Ji’an	1806445	CN	538699	37.6	displayed city	name
JHB	Johor Bahru	Johor Bahru	1732752	MY	858118	21.8	displayed city	name
JHG	Jinghong (Gasa)	Yunjinghong	1785710	CN	205523	5.8	displayed city	alternate
JHM	Lahaina	Lahaina	5849996	US	11704	9.8	displayed city	name
JHS	Sisimiut	Sisimiut	3419842	GL	5227	2.8	displayed city	name
JIC	Jinchang	Jinchang	1805733	CN	228561	14.2	displayed city	name
JIJ	Jijiga	Jijiga	333795	ET	483000	12.4	displayed city	name
JIM	Jimma	Jimma	333772	ET	250900	2.1	displayed city	name
JIO	Tiakur	Tiakur	11010427	ID	5227	12.7	displayed city	name
JIQ	Qianjiang	Qianjiang	8408334	CN	143727	5.9	displayed city	name
JIU	Jiujiang	Jiujiang	1805179	CN	1164268	31.9	displayed city	name
JJD	Cruz	Cruz	3401487	BR	8723	20.2	displayed city	name
JJG	Jaguaruna	Jaguaruna	3460197	BR	20375	6.9	displayed city	name
JJN	Quanzhou	Quanzhou	1797353	CN	1469157	13.1	displayed city	name
JJU	Qaqortoq	Qaqortoq	3420846	GL	3224	5.3	displayed city	name
JKG	Jönköping	Jönköping	2702979	SE	112766	5.8	displayed city	name
JKR	Janakpur	Janakpur	1283318	NP	195438	2.3	displayed city	name
JLG	Jalgaon	Jalgaon	1269407	IN	460228	7.8	displayed city	name
JLN	Joplin	Joplin	4392768	US	51818	7.6	displayed city	name
JLR	Jabalpur	Jabalpur	1269633	IN	1081677	10.5	displayed city	name
JMK	Mykonos	Mykonos	257056	GR	10704	2.1	displayed city	name
JMS	Jamestown	Jamestown	5059836	US	15422	3.1	displayed city	name
JMU	Jiamusi	Jiamusi	2036581	CN	549549	12.7	displayed city	name
JNB	Johannesburg	Johannesburg	993800	ZA	9418183	21.4	displayed city	name
JNG	Jining	Jining	1805518	CN	1241012	30.7	displayed city	name
JNN	Nanortalik	Nanortalik	3421765	GL	1185	0.4	displayed city	name
JNS	Narsaq	Narsaq	3421719	GL	1346	0.7	displayed city	name
JNU	Juneau	Juneau	5554072	US	31555	10.8	displayed city	name
JNX	Naxos	Náxos	256632	GR	7070	2.8	displayed city	name
JNZ	Jinzhou (Linghai)	Jinzhou	2036427	CN	1524362	22.2	displayed city	name
JOE	Joensuu	Joensuu	655808	FI	78398	9.8	displayed city	name
JOG	Yogyakarta	Yogyakarta	1621177	ID	375699	7.6	displayed city	name
JOI	Joinville	Joinville	3459712	BR	664500	10.1	displayed city	name
JOL	Jolo	Jolo	1710141	PH	101002	1.0	displayed city	name
JOS	Jos	Jos	2335953	NG	1040000	32.2	displayed city	name
JPA	João Pessoa	João Pessoa	3397277	BR	817511	10.4	displayed city	name
JPE	Paragominas	Paragominas	3393106	BR	105550	5.0	displayed city	name
JPR	Ji-Paraná	Ji Paraná	3925033	BR	140101	11.6	displayed city	name
JQA	Uummannaq	Uummannaq	3426193	GL	1407	22.0	displayed city	name
JRA	New York	New York City	5128581	US	8804190	4.5	displayed city	alternate
JRH	Jorhat	Jorhat	1268820	IN	126736	4.1	displayed city	name
JRO	Arusha	Arusha	161325	TZ	617631	43.8	displayed city	name
JSI	Skiathos	Skiáthos	253643	GR	4897	2.0	displayed city	name
JSK	Bandar-e-Jask	Jask	130276	IR	16680	2.8	displayed city	alternate
JSR	Jashore (Jessore)	Jessore	1336140	BD	243987	5.6	displayed city	alternate
JST	Johnstown	Johnstown	5195561	US	19966	7.6	displayed city	name
JSU	Maniitsoq	Maniitsoq	3421982	GL	2534	1.9	displayed city	name
JTC	Bauru	Bauru	3470279	BR	392947	17.1	displayed city	name
JUB	Juba	Juba	373303	SS	450000	3.1	displayed city	name
JUH	Chizhou	Chizhou	1814934	CN	615274	21.7	displayed city	name
JUI	Juist	Juist	2894569	DE	1751	4.0	displayed city	name
JUJ	San Salvador de Jujuy	San Salvador de Jujuy	3836564	AR	257970	29.8	displayed city	name
JUL	Juliaca	Juliaca	3937513	PE	245675	4.4	displayed city	name
JUM	Jumla	Jumla	1283285	NP	9073	0.9	displayed city	name
JUV	Upernavik	Upernavik	3418910	GL	1129	1.0	displayed city	name
JUZ	Quzhou (Kezheng)	Quzhou	1797264	CN	902767	3.0	displayed city	name
JXA	Jixi	Jixi	2036389	CN	403759	18.1	displayed city	name
KAA	Kasama	Kasama	912764	ZM	179636	6.3	displayed city	name
KAB	Kariba	Kariba	889215	ZW	27600	9.1	displayed city	name
KAD	Kaduna	Kaduna	2335727	NG	1850000	22.9	displayed city	name
KAJ	Kajaani	Kajaani	654899	FI	36458	6.7	displayed city	name
KAN	Kano	Kano	2335204	NG	4910000	5.1	displayed city	name
KAO	Kuusamo	Kuusamo	649924	FI	14784	3.4	displayed city	name
KAW	Kawthoung	Kawthoung	1319573	MM	57949	7.6	displayed city	name
KAX	Kalbarri	Kalbarri	2068835	AU	2602	9.5	displayed city	name
KBL	Kabul	Kabul	1138958	AF	4434550	5.6	displayed city	name
KBR	Kota Baharu	Kota Bharu	1736376	MY	568900	7.3	displayed city	alternate
KBU	Stagen	Stagen	1626478	ID	0	1.9	displayed city	name
KBV	Krabi	Krabi	1152633	TH	31219	9.0	displayed city	name
KCA	Kuqa	Xincheng	1529363	CN	102752	6.4	displayed city	alternate
KCH	Kuching	Kuching	1735634	MY	402738	7.3	displayed city	name
KCM	Kahramanmaraş	Kahramanmaraş	310859	TR	384953	5.6	displayed city	name
KCT	Galle	Galle	1246294	LK	93118	13.5	displayed city	name
KCY	Krasnoyarsk	Krasnoyarsk	1502026	RU	1090811	28.5	displayed city	name
KCZ	Nankoku	Nankoku	11612330	JP	46664	3.3	displayed city	name
KDD	Khuzdar	Khuzdar	1173664	PK	218112	4.3	displayed city	name
KDH	Kandahar	Kandahār	1138336	AF	523300	17.7	displayed city	name
KDI	Kendari	Kendari	1640344	ID	351085	15.8	displayed city	name
KDL	Kärdla	Kärdla	591632	EE	3160	4.7	displayed city	name
KDU	Skardu	Skardu	1164709	PK	260000	9.7	displayed city	name
KDZ	Kandy	Kandy	1241622	LK	111701	4.0	displayed city	name
KEF	Reykjavík	Reykjavík	3413829	IS	118918	38.4	displayed city	name
KEH	Kenmore	Kenmore	5799587	US	22030	1.2	displayed city	name
KEJ	Kemerovo	Kemerovo	1503901	RU	558973	9.3	displayed city	name
KEP	Nepalgunj	Nepalgunj	6941099	NP	166258	7.7	displayed city	name
KER	Kerman	Kerman	128234	IR	577514	12.5	displayed city	name
KFS	Kastamonu	Kastamonu	743882	TR	125622	7.3	displayed city	name
KGA	Kananga	Kananga	214481	CD	1247168	5.8	displayed city	name
KGD	Kaliningrad	Kaliningrad	554234	RU	475056	21.3	displayed city	name
KGF	Karaganda	Karagandy	609655	KZ	497777	22.2	displayed city	alternate
KGL	Kigali	Kigali	202061	RW	1132686	9.2	displayed city	name
KGP	Kogalym	Kogalym	6695754	RU	57800	8.8	displayed city	name
KHG	Kashgar	Kashgar	1280849	CN	506640	8.8	displayed city	name
KHH	Kaohsiung (Xiaogang)	Kaohsiung	1673820	TW	2737660	5.8	displayed city	name
KHI	Karachi	Karachi	1174872	PK	11624219	16.0	displayed city	name
KHK	Khark	Khārk	130216	IR	8193	0.8	displayed city	name
KHN	Nanchang	Nanchang	1800163	CN	2357839	20.7	displayed city	name
KHS	Khasab	Khasab	287614	OM	17904	1.2	displayed city	name
KHT	Khost	Khōst	1136469	AF	96123	12.2	displayed city	name
KHV	Khabarovsk	Khabarovsk	2022890	RU	618150	10.0	displayed city	name
KHX	Kihihi	Kihihi	231383	UG	21800	3.7	displayed city	name
KIE	Kieta	Kieta	2094027	PG	3611	14.6	displayed city	name
KIJ	Niigata	Niigata	1855431	JP	797591	7.1	displayed city	name
KIK	Kirkuk	Kirkuk	94787	IQ	1031000	3.9	displayed city	name
KIM	Kimberley	Kimberley	990930	ZA	142089	8.1	displayed city	name
KIN	Kingston	Kingston	3489854	JM	937700	6.8	displayed city	name
KIS	Kisumu	Kisumu	191245	KE	397957	4.1	displayed city	name
KIX	Osaka	Osaka	1853909	JP	2753862	37.8	displayed city	name
KJA	Krasnoyarsk	Krasnoyarsk	1502026	RU	1090811	31.6	displayed city	name
KJH	Kaili  (Huangping)	Kaili	1804866	CN	275745	42.9	displayed city	name
KKC	Khon Kaen	Khon Kaen	1609776	TH	114459	5.7	displayed city	name
KKE	Kerikeri	Kerikeri	2188874	NZ	8380	4.7	displayed city	name
KKJ	Kitakyushu	Kitakyushu	1859307	JP	940978	17.1	displayed city	name
KKN	Kirkenes	Kirkenes	779303	NO	3529	6.0	displayed city	name
KKS	Kashan	Kashan	128476	IR	304487	16.8	displayed city	name
KKW	Kikwit	Kikwit	2314705	CD	509367	3.4	displayed city	name
KKX	Kikai	Akaren	1865526	JP	6629	0.7	displayed city	alternate
KLH	Kolhapur	Kolhāpur	1266285	IN	549236	7.0	displayed city	name
KLO	Kalibo	Kalibo	1709632	PH	93218	3.5	displayed city	name
KLR	Kalmar	Kalmar	2702261	SE	38408	5.2	displayed city	name
KLU	Klagenfurt am Wörthersee	Klagenfurt am Wörthersee	2774326	AT	100316	3.2	displayed city	name
KLV	Karlovy Vary	Karlovy Vary	3073803	CZ	45500	4.5	displayed city	name
KLX	Kalamata	Kalamata	261604	GR	54100	8.4	displayed city	name
KMA	Kerema	Kerema	2094144	PG	5646	0.4	displayed city	name
KMG	Kunming	Kunming	1804651	CN	5950578	23.4	displayed city	name
KMI	Miyazaki	Miyazaki	1856717	JP	401339	5.3	displayed city	name
KMJ	Kumamoto	Kumamoto	1858421	JP	738907	15.6	displayed city	name
KMN	Kamina	Kamina	214614	CD	200184	1.0	displayed city	name
KMQ	Kanazawa	Kanazawa	1860243	JP	466029	29.7	displayed city	name
KMS	Kumasi	Kumasi	2298890	GH	2544530	4.7	displayed city	name
KMW	Kostroma	Kostroma	543878	RU	277280	6.4	displayed city	name
KND	Kindu	Kindu	212902	CD	234651	2.8	displayed city	name
KNG	Kaimana	Kaimana	1642133	ID	0	8.0	displayed city	name
KNQ	Koné	Koné	2140691	NC	4572	2.9	displayed city	name
KNU	Kanpur	Kanpur	1267995	IN	2823249	9.1	displayed city	name
KNX	Kununurra	Kununurra	2068110	AU	4515	3.6	displayed city	name
KOA	Kailua-Kona	Kailua-Kona	5847504	US	11975	12.0	displayed city	name
KOC	Koumac	Koumac	2140558	NC	3060	3.7	displayed city	name
KOE	Kupang	Kupang	2057087	ID	474801	7.0	displayed city	name
KOI	Kirkwall, Orkney Islands	Kirkwall	2645198	GB	7150	4.3	displayed city	name
KOJ	Kagoshima	Kagoshima	1860827	JP	595049	30.8	displayed city	name
KOP	Nakhon Phanom	Nakhon Phanom	1608531	TH	34595	14.7	displayed city	name
KOS	Preah Sihanouk	Sihanoukville	1831142	KH	73036	12.0	displayed city	alternate
KOV	Kokshetau	Kokshetau	1522203	KZ	150649	14.3	displayed city	name
KOW	Ganzhou	Ganzhou	1810638	CN	1977253	15.4	displayed city	name
KPO	Pohang	Pohang	1839071	KR	492041	6.8	displayed city	name
KQA	Akutan	Akutan	5879048	US	1040	11.2	displayed city	name
KQH	Ajmer (Kishangarh)	Ajmer	1279159	IN	542321	23.2	displayed city	name
KQT	Bokhtar	Bokhtar	1220747	TJ	110800	8.3	displayed city	name
KRC	Sungai Penuh	Sungai Penuh	1625929	ID	102224	9.7	displayed city	name
KRE	Kirundo	Kirundo	432456	BI	15511	4.4	displayed city	name
KRK	Balice	Balice	3103896	PL	1200	1.3	displayed city	name
KRL	Korla	Korla	1529376	CN	549324	16.2	displayed city	name
KRN	Kiruna	Kiruna	605155	SE	17037	6.0	displayed city	name
KRO	Kurgan	Kurgan	1501321	RU	309285	5.4	displayed city	name
KRP	Karup	Karup	2619068	DK	2176	4.1	displayed city	name
KRR	Krasnodar	Krasnodar	542420	RU	899541	15.2	displayed city	name
KRS	Kristiansand(Kjevik)	Kristiansand	3149318	NO	117237	8.3	displayed city	name
KRT	Khartoum	Khartoum	379252	SD	1974647	4.7	displayed city	name
KRW	Turkmenbaşy	Türkmenbaşy	601594	TM	91745	6.2	displayed city	name
KRY	Karamay	Karamay	1529401	CN	261445	14.1	displayed city	name
KSC	Košice	Košice	724443	SK	225044	5.8	displayed city	name
KSD	Karlstad	Karlstad	2701680	SE	61492	11.9	displayed city	name
KSF	Calden	Calden	2940412	DE	7752	1.2	displayed city	name
KSH	Kermanshah	Kermanshah	128226	IR	621100	9.2	displayed city	name
KSL	Kassala	Kassala	372753	SD	401477	10.4	displayed city	name
KSN	Kostanay	Kostanay	1519928	KZ	210000	5.0	displayed city	name
KSO	Argos Orestiko	Argos Orestiko	736754	GR	7473	2.1	displayed city	name
KSQ	Karshi	Qarshi	1216311	UZ	278300	6.6	displayed city	alternate
KSR	Benteng	Benteng	1649108	ID	0	7.2	displayed city	name
KSY	Kars	Kars	743952	TR	91450	4.7	displayed city	name
KSZ	Kotlas	Kotlas	543704	RU	59180	3.3	displayed city	name
KTA	Karratha	Karratha	6620339	AU	17013	8.1	displayed city	name
KTG	Ketapang	Ketapang	1640135	ID	0	2.8	displayed city	name
KTI	Phnom Penh (Boeng Khyang)	Phnom Penh	1821306	KH	1573544	22.5	displayed city	name
KTM	Kathmandu	Kathmandu	1283240	NP	1442271	3.8	displayed city	name
KTN	Ketchikan	Ketchikan	5554428	US	8197	4.5	displayed city	name
KTT	Kittilä	Kittilä	652590	FI	6658	4.5	displayed city	name
KTW	Katowice	Katowice	3096472	PL	286960	24.4	displayed city	name
KUA	Kuantan	Kuantan	1735227	MY	548014	13.5	displayed city	name
KUD	Kudat	Kudat	1736458	MY	32393	4.4	displayed city	name
KUF	Samara	Samara	499099	RU	1163399	33.1	displayed city	name
KUH	Kushiro	Kushiro	2129376	JP	167875	16.5	displayed city	name
KUL	Sepang	Sepang	1734821	MY	212050	7.3	displayed city	name
KUM	Yakushima	Koseda	1858740	JP	11858	1.0	displayed city	alternate
KUN	Kaunas	Kaunas	598316	LT	289380	13.3	displayed city	name
KUU	Bhuntar	Bhuntar	9645432	IN	4475	1.9	displayed city	name
KUV	Gunsan	Gunsan	1842025	KR	264656	12.0	displayed city	name
KVA	Kavala	Kavála	735861	GR	54027	18.1	displayed city	name
KVC	King Cove	King Cove	5866308	US	1009	7.0	displayed city	name
KVG	Kavieng	Kavieng	2094342	PG	14490	1.6	displayed city	name
KVK	Apatity	Apatity	581357	RU	61186	15.2	displayed city	name
KVO	Kraljevo	Kraljevo	789107	RS	82846	13.1	displayed city	name
KVX	Kirov	Kirov	548408	RU	507155	20.8	displayed city	name
KWE	Guiyang (Nanming)	Guiyang	1809461	CN	4506134	9.8	displayed city	name
KWI	Kuwait City	Kuwait City	285787	KW	60064	15.9	displayed city	name
KWJ	Gwangju	Gwangju	1841811	KR	1401235	10.6	displayed city	name
KWL	Guilin (Lingui)	Guilin	1809498	CN	1572300	26.7	displayed city	name
KWZ	Kolwezi	Kolwezi	922773	CD	790248	7.1	displayed city	name
KXB	Kolaka	Kolaka	1622728	ID	0	32.3	displayed city	name
KXK	Komsomolsk-on-Amur	Komsomolsk-on-Amur	2021851	RU	275908	16.6	displayed city	name
KXO	Kisoro	Kisoro	230993	UG	17700	3.9	displayed city	name
KYA	Konya	Konya	306571	TR	1433861	13.8	displayed city	name
KYP	Kyaukpyu	Kyaukpyu	1316752	MM	180000	1.7	displayed city	name
KYS	Kayes	Kayes	2455518	ML	194716	6.2	displayed city	name
KYZ	Kyzyl	Kyzyl	1500973	RU	116983	5.3	displayed city	name
KZI	Kozani	Kozáni	735563	GR	36481	4.6	displayed city	name
KZN	Kazan	Kazan	551487	RU	1243500	22.5	displayed city	name
KZO	Kyzylorda	Kyzylorda	1519922	KZ	354800	17.5	displayed city	name
KZR	Altıntaş	Altıntaş	323897	TR	0	6.0	displayed city	name
LAD	Luanda	Luanda	2240449	AO	2776168	2.4	displayed city	name
LAE	Lae	Lae	2092740	PG	76255	34.4	displayed city	name
LAF	West Lafayette	West Lafayette	4928096	US	45550	3.0	displayed city	name
LAJ	Lages	Lages	3458930	BR	172458	5.8	displayed city	name
LAL	Lakeland	Lakeland	4161438	US	104401	8.9	displayed city	name
LAN	Lansing	Lansing	4998830	US	112644	5.6	displayed city	name
LAO	Laoag City	Laoag	1707404	PH	112117	7.3	displayed city	alternate
LAP	La Paz	La Paz	4000900	MX	250141	9.3	displayed city	name
LAR	Laramie	Laramie	5830062	US	32158	7.0	displayed city	name
LAS	Las Vegas	Las Vegas	5506956	US	641903	10.3	displayed city	name
LAU	Lamu	Lamu	189741	KE	25385	2.5	displayed city	name
LAW	Lawton	Lawton	4540737	US	96655	5.2	displayed city	name
LAX	Los Angeles	Los Angeles	5368361	US	3820914	19.5	displayed city	name
LBA	Leeds, West Yorkshire	Leeds	2644688	GB	536280	10.7	displayed city	name
LBB	Lubbock	Lubbock	5525577	US	249042	10.0	displayed city	name
LBC	Lübeck	Lübeck	2875601	DE	212207	7.4	displayed city	name
LBD	Khujand	Khujand	1514879	TJ	191000	9.7	displayed city	name
LBE	Latrobe	Latrobe	5197227	US	8081	5.5	displayed city	name
LBF	North Platte	North Platte	5697939	US	24194	6.8	displayed city	name
LBH	Sydney	Sydney	2147714	AU	5638830	33.0	displayed city	name
LBJ	Labuan Bajo, Manggarai Barat	Labuan Bajo	1638868	ID	188724	1.7	displayed city	name
LBL	Liberal	Liberal	5445820	US	20746	3.5	displayed city	name
LBR	Lábrea	Lábrea	3663684	BR	46882	3.4	displayed city	name
LBS	Labasa	Labasa	2204582	FJ	27949	4.6	displayed city	name
LBU	Labuan	Labuan	1733782	MY	95120	2.4	displayed city	name
LBV	Libreville	Libreville	2399697	GA	846090	8.7	displayed city	name
LCA	Larnaca	Larnaca	146400	CY	72000	5.2	displayed city	name
LCE	La Ceiba	La Ceiba	3608248	HN	222055	7.8	displayed city	name
LCG	Culleredo	Culleredo	3124041	ES	30221	1.8	displayed city	name
LCH	Lake Charles	Lake Charles	4330236	US	76070	9.8	displayed city	name
LCJ	Łódź	Łódź	3093133	PL	639890	7.5	displayed city	name
LCK	Columbus	Columbus	4509177	US	913175	17.5	displayed city	name
LCY	London	London	2643743	GB	8961989	12.5	displayed city	name
LDB	Londrina	Londrina	3458449	BR	581382	4.4	displayed city	name
LDG	Leshukonskoye	Leshukonskoye	535839	RU	4813	1.9	displayed city	name
LDS	Yichun	Yichun	2033413	CN	155762	11.3	displayed city	name
LDU	Lahad Datu	Lahad Datu	1733953	MY	105622	1.2	displayed city	name
LDX	Saint-Laurent-du-Maroni	Saint-Laurent-du-Maroni	3380387	GF	24287	2.3	displayed city	name
LDY	Derry, Derry and Strabane	Derry	2643736	GB	83652	10.7	displayed city	name
LEA	Exmouth	Exmouth	2079492	AU	3692	34.0	displayed city	name
LEB	Lebanon	Lebanon	5088597	US	13579	4.6	displayed city	name
LEC	Lençóis	Lençóis	3458651	BR	11499	15.2	displayed city	name
LED	St. Petersburg	Saint Petersburg	498817	RU	5351935	15.6	displayed city	alternate
LEI	Almería	Almería	2521886	ES	196851	8.0	displayed city	name
LEJ	Schkeuditz	Schkeuditz	2839050	DE	18487	2.8	displayed city	name
LET	Leticia	Leticia	3676623	CO	48144	2.2	displayed city	name
LEX	Lexington	Lexington	4297983	US	320347	12.4	displayed city	name
LFM	Lamerd	Lamerd	125926	IR	29380	4.4	displayed city	name
LFQ	Linfen (Yaodu)	Linfen	1803567	CN	959198	12.0	displayed city	name
LFT	Lafayette	Lafayette	4330145	US	121374	3.7	displayed city	name
LFW	Lomé	Lomé	2365267	TG	2188376	5.5	displayed city	name
LGA	New York	New York City	5128581	US	8804190	13.2	displayed city	alternate
LGB	Long Beach	Long Beach	5367929	US	474140	6.6	displayed city	name
LGK	Langkawi	Kuah	1222396	MY	30212	12.7	displayed city	alternate
LGW	London	London	2643743	GB	8961989	40.2	displayed city	name
LHE	Lahore	Lahore	1172451	PK	13004135	6.4	displayed city	name
LHL	Lachin	Laçın	147625	AZ	2300	31.7	displayed city	alternate
LHR	London	London	2643743	GB	8961989	23.5	displayed city	name
LHS	Las Heras	Las Heras	3848353	AR	24728	2.5	displayed city	name
LIH	Lihue, Kauai	Lihue	5850248	US	6455	3.7	displayed city	name
LIL	Lesquin	Lesquin	2999838	FR	6424	2.1	displayed city	name
LIM	Lima	Lima	3936456	PE	7737002	9.7	displayed city	name
LIO	Limón	Limón	3622247	CR	63081	4.0	displayed city	name
LIR	Liberia	Liberia	3623076	CR	45380	12.5	displayed city	name
LIS	Lisbon	Lisbon	2267057	PT	517802	6.4	displayed city	name
LIT	Little Rock	Little Rock	4119403	US	202591	6.3	displayed city	name
LIW	Loikaw	Loikaw	1313479	MM	17293	1.6	displayed city	name
LJG	Lijiang	Lijiang	1813253	CN	211151	21.4	displayed city	name
LKE	Seattle	Seattle	5809844	US	780995	2.6	displayed city	name
LKL	Lakselv	Lakselv	779082	NO	2283	1.9	displayed city	name
LKM	Lolak	Lolak	1637426	ID	0	3.0	displayed city	name
LKN	Leknes	Leknes	7626400	NO	3556	0.6	displayed city	name
LKO	Lucknow	Lucknow	1264733	IN	2472011	9.4	displayed city	name
LLA	Luleå	Luleå	604490	SE	77832	4.7	displayed city	name
LLF	Yongzhou	Yongzhou	1786217	CN	1020715	9.5	displayed city	name
LLK	Lankaran	Lankaran	147622	AZ	89300	3.8	displayed city	name
LLO	Palopo	Palopo	1633037	ID	184961	11.3	displayed city	name
LLV	Lüliang	Lüliang	13512505	CN	3346500	18.3	displayed city	name
LMC	La Macarena	La Macarena	3827693	CO	3466	0.8	displayed city	name
LMM	Los Mochis	Los Mochis	3997479	MX	256613	14.4	displayed city	name
LMN	Limbang	Limbang	1737714	MY	38093	6.0	displayed city	name
LMP	Lampedusa	Lampedusa	2524459	IT	4065	0.9	displayed city	name
LNJ	Lincang	Lincang	1803590	CN	323708	17.3	displayed city	name
LNK	Lincoln	Lincoln	5072006	US	294757	9.4	displayed city	name
LNO	Leonora	Leonora	2067792	AU	1267	1.7	displayed city	name
LNS	Lancaster	Lancaster	5197079	US	59339	9.4	displayed city	name
LNU	Malinau	Malinau	1636657	ID	25596	1.5	displayed city	name
LNV	Londolovit	Londolovit	2092188	PG	1644	2.8	displayed city	name
LNY	Lanai City	Lanai City	5850059	US	3102	5.5	displayed city	name
LNZ	Linz	Linz	2772400	AT	204846	10.7	displayed city	name
LOH	La Toma (Catamayo)	Catamayo	3659599	EC	18565	1.9	displayed city	alternate
LOO	Laghouat	Laghouat	2491191	DZ	134372	7.1	displayed city	name
LOP	Mataram (Pujut, Lombok Tengah)	Mataram	1635882	ID	441147	26.5	displayed city	name
LOS	Lagos	Lagos	2332459	NG	15388000	15.9	displayed city	name
LPF	Liupanshui (Zhongshan)	Liupanshui	8533133	CN	1320825	14.6	displayed city	name
LPI	Linköping	Linköping	2694762	SE	166673	3.7	displayed city	name
LPL	Liverpool	Liverpool	2644210	GB	496770	12.0	displayed city	name
LPP	Lappeenranta	Lappeenranta	648900	FI	72909	2.8	displayed city	name
LQM	Puerto Leguízamo	Puerto Leguízamo	3671437	CO	20045	1.7	displayed city	name
LRD	Laredo	Laredo	4705349	US	256153	6.1	displayed city	name
LRE	Longreach	Longreach	2159630	AU	3690	3.1	displayed city	name
LRH	La Rochelle	La Rochelle	3006787	FR	76810	3.8	displayed city	name
LRM	La Romana	La Romana	3500957	DO	208437	6.7	displayed city	name
LRR	Lar	Lār	125877	IR	62045	4.2	displayed city	name
LRU	Las Cruces	Las Cruces	5475352	US	101643	13.7	displayed city	name
LSE	La Crosse	La Crosse	5258957	US	52306	8.7	displayed city	name
LSG	Leshan (Wutongqiao)	Leshan	1804153	CN	662814	13.8	displayed city	name
LSH	Lashio	Lashio	1314759	MM	131000	4.7	displayed city	name
LSI	Lerwick, Shetland	Lerwick	2644605	GB	6760	31.7	displayed city	name
LST	Launceston (Western Junction)	Launceston	2160517	AU	90953	13.4	displayed city	name
LSY	Lismore	Lismore	2160063	AU	3924	2.6	displayed city	name
LTD	Ghadames	Ghadames	2217440	LY	12096	19.4	displayed city	name
LTI	Altai	Altai	1516393	MN	17617	2.9	displayed city	name
LTK	Latakia	Latakia	173576	SY	709000	20.3	displayed city	name
LTM	Lethem	Lethem	3377425	GY	716	1.1	displayed city	name
LTN	Luton, Luton	Luton	2643339	GB	225262	3.4	displayed city	name
LTO	Loreto	Loreto	3998287	MX	14724	2.5	displayed city	name
LTT	Saint-Tropez	Saint-Tropez	2976742	FR	5939	14.6	displayed city	name
LTU	Latur	Latur	1265014	IN	382940	11.0	displayed city	name
LTX	Latacunga	Latacunga	3654870	EC	205624	3.0	displayed city	name
LUD	Luderitz	Lüderitz	3355672	NA	15137	9.9	displayed city	name
LUG	Agno	Agno	2661836	CH	3639	1.0	displayed city	name
LUK	Cincinnati	Cincinnati	4508722	US	311097	8.7	displayed city	name
LUN	Lusaka	Lusaka	909137	ZM	2212301	19.7	displayed city	name
LUQ	San Luis	San Luis	3837056	AR	169947	3.6	displayed city	name
LUV	Langgur	Langgur	1638479	ID	0	10.7	displayed city	name
LUX	Luxembourg	Luxembourg	2960316	LU	76684	6.0	displayed city	name
LUZ	Lublin	Lublin	765876	PL	336339	10.0	displayed city	name
LVI	Livingstone	Livingstone	910111	ZM	178361	4.3	displayed city	name
LVO	Laverton	Laverton	2067890	AU	2121	3.1	displayed city	name
LWB	Lewisburg	Lewisburg	4812015	US	3949	7.4	displayed city	name
LWK	Lerwick, Shetland Islands	Lerwick	2644605	GB	6760	7.0	displayed city	name
LWN	Gyumri	Gyumri	616635	AM	114667	4.9	displayed city	name
LWS	Lewiston	Lewiston	5598538	US	32544	4.7	displayed city	name
LWY	Lawas	Lawas	1737589	MY	26002	1.3	displayed city	name
LXG	Luang Namtha	Luang Namtha	1655562	LA	3225	2.1	displayed city	name
LXR	Luxor	Luxor	360502	EG	422407	7.2	displayed city	name
LYA	Luoyang (Laocheng)	Luoyang	1801792	CN	1390581	8.7	displayed city	name
LYC	Lycksele	Lycksele	2693347	SE	8545	5.6	displayed city	name
LYG	Lianyungang	Lianyungang	10859300	CN	2001009	20.8	displayed city	name
LYH	Lynchburg	Lynchburg	4771075	US	79812	11.0	displayed city	name
LYI	Linyi (Hedong)	Linyi	1803318	CN	2743843	6.4	displayed city	name
LYP	Faisalabad	Faisalabad	1179400	PK	3800193	10.6	displayed city	name
LZH	Liuzhou (Liujiang)	Liuzhou	1803300	CN	1436599	13.1	displayed city	name
LZO	Luzhou (Yunlong)	Luzhou	1801640	CN	998900	16.1	displayed city	name
LZY	Nyingchi (Mainling)	Nyingchi	13512708	CN	200000	38.5	displayed city	name
MAA	Chennai	Chennai	1264527	IN	4681087	16.1	displayed city	name
MAB	Marabá	Marabá	3395503	BR	283542	1.6	displayed city	name
MAD	Madrid	Madrid	3117735	ES	3255944	14.0	displayed city	name
MAF	Midland	Midland	5526337	US	132524	13.2	displayed city	name
MAG	Madang	Madang	2091996	PG	27419	1.6	displayed city	name
MAK	Malakal	Malakal	370737	SS	160765	3.0	displayed city	name
MAM	Matamoros	Heroica Matamoros	3523466	MX	510739	12.4	displayed city	alternate
MAN	Manchester, Greater Manchester	Manchester	2643123	GB	568996	14.9	displayed city	name
MAO	Manaus	Manaus	3663517	BR	2219580	7.6	displayed city	name
MAR	Maracaibo	Maracaibo	3633009	VE	1752602	16.0	displayed city	name
MAZ	Mayaguez	Mayagüez	4566385	PR	73077	6.1	displayed city	name
MBA	Mombasa	Mombasa	186301	KE	1208333	8.0	displayed city	name
MBD	Mafeking	Mafikeng	980595	ZA	77110	12.2	displayed city	alternate
MBE	Monbetsu	Mombetsu	2129163	JP	22983	6.8	displayed city	alternate
MBI	Mbeya	Mbeya	154380	TZ	541603	19.5	displayed city	name
MBJ	Montego Bay	Montego Bay	3489460	JM	82867	3.6	displayed city	name
MBL	Manistee	Manistee	5000611	US	6084	6.9	displayed city	name
MBS	Freeland	Freeland	4993402	US	6969	3.3	displayed city	name
MBT	Masbate	Masbate	1700712	PH	47490	0.6	displayed city	name
MBW	Melbourne	Melbourne	2158177	AU	5435590	21.8	displayed city	name
MBX	Maribor	Maribor	3195506	SI	96209	9.0	displayed city	name
MCE	Merced	Merced	5372253	US	82436	3.4	displayed city	name
MCI	Kansas City	Kansas City	4393217	US	475378	25.3	displayed city	name
MCK	McCook	McCook	5697383	US	7580	2.9	displayed city	name
MCM	Fontvieille	Fontvieille	3017814	MC	3602	0.2	displayed city	name
MCN	Macon	Macon	4207400	US	91351	16.5	displayed city	name
MCO	Orlando	Orlando	4167147	US	334854	13.9	displayed city	name
MCP	Macapá	Macapá	3396016	BR	512902	1.5	displayed city	name
MCW	Mason City	Mason City	4866445	US	27366	10.5	displayed city	name
MCX	Makhachkala	Makhachkala	532096	RU	596356	21.8	displayed city	name
MCY	Maroochydore	Maroochydore	2207268	AU	18342	7.6	displayed city	name
MCZ	Maceió	Maceió	3395981	BR	1031597	18.1	displayed city	name
MDC	Manado	Manado	1636544	ID	458582	11.3	displayed city	name
MDE	Medellín	Medellín	3674962	CO	1999979	18.7	displayed city	name
MDG	Mudanjiang	Mudanjiang	2035715	CN	665915	5.2	displayed city	name
MDI	Makurdi	Makurdi	2331140	NG	390000	10.7	displayed city	name
MDK	Mbandaka	Mbandaka	2312895	CD	455011	4.3	displayed city	name
MDL	Mandalay	Mandalay	1311874	MM	1208099	32.2	displayed city	name
MDQ	Mar del Plata	Mar del Plata	3430863	AR	593337	7.5	displayed city	name
MDT	Harrisburg	Harrisburg	5192726	US	50183	13.7	displayed city	name
MDU	Mendi	Mendi	2090990	PG	26252	0.1	displayed city	name
MDW	Chicago	Chicago	4887398	US	2664452	11.1	displayed city	name
MDZ	Mendoza	Mendoza	3844421	AR	114893	8.1	displayed city	name
MEC	Manta	Manta	3654410	EC	264281	5.9	displayed city	name
MED	Medina	Madinah	109223	SA	1300000	13.2	displayed city	alternate
MEG	Malanje	Malanje	2239862	AO	455000	3.6	displayed city	name
MEH	Mehamn	Mehamn	778707	NO	779	1.6	displayed city	name
MEI	Meridian	Meridian	4435764	US	39661	5.7	displayed city	name
MEL	Melbourne	Melbourne	2158177	AU	5435590	19.4	displayed city	name
MEM	Memphis	Memphis	4641239	US	633104	13.5	displayed city	name
MEX	Mexico City	Mexico City	3530597	MX	12294193	6.1	displayed city	name
MFA	Kilindoni	Kilindoni	157429	TZ	23426	0.8	displayed city	name
MFE	McAllen	McAllen	4709796	US	140269	3.1	displayed city	name
MFG	Muzaffarabad	Muzaffarābād	1169607	PK	725000	4.9	displayed city	name
MFM	Nossa Senhora do Carmo	Taipa	1821263	MO	112051	3.7	displayed city	alternate
MFR	Medford	Medford	5740099	US	79805	5.3	displayed city	name
MGA	Managua	Managua	3617763	NI	973087	9.0	displayed city	name
MGB	Mount Gambier	Mount Gambier	2156643	AU	25591	9.7	displayed city	name
MGC	Michigan City	Michigan City	4923531	US	31459	6.1	displayed city	name
MGF	Maringá	Maringá	3457671	BR	409657	9.7	displayed city	name
MGH	Margate	Margate	978895	ZA	34407	2.7	displayed city	name
MGM	Montgomery	Montgomery	4076784	US	195287	11.5	displayed city	name
MGQ	Mogadishu	Mogadishu	53654	SO	2587183	5.0	displayed city	name
MGW	Morgantown	Morgantown	4815352	US	30708	3.6	displayed city	name
MHC	Dalcahue	Dalcahue	3892760	CL	13076	6.9	displayed city	name
MHD	Mashhad	Mashhad	124665	IR	2307177	7.8	displayed city	name
MHG	Mannheim	Mannheim	2873891	DE	307960	3.9	displayed city	name
MHH	Marsh Harbour	Marsh Harbour	3571913	BS	5314	4.0	displayed city	name
MHK	Manhattan	Manhattan	4274994	US	56308	9.8	displayed city	name
MHT	Manchester	Manchester	5089178	US	110229	7.2	displayed city	name
MIA	Miami	Miami	4164138	US	487014	9.9	displayed city	name
MID	Mérida	Mérida	3523349	MX	1201000	4.7	displayed city	name
MIG	Mianyang (Fucheng)	Mianyang	1800627	CN	1550000	7.2	displayed city	name
MII	Marília	Marília	3457692	BR	237627	2.7	displayed city	name
MIM	Merimbula	Merimbula	2158020	AU	3973	2.3	displayed city	name
MIR	Monastir	Monastir	2473493	TN	93306	6.8	displayed city	name
MIU	Maiduguri	Maiduguri	2331447	NG	1110000	8.4	displayed city	name
MJF	Mosjøen	Mosjøen	3145386	NO	9636	5.9	displayed city	name
MJI	Tripoli	Tripoli	2210247	LY	1302947	9.4	displayed city	name
MJM	Mbuji Mayi	Mbuji-Mayi	209228	CD	2101332	2.8	displayed city	name
MJN	Mahajanga	Mahajanga	1062663	MG	260556	6.7	displayed city	name
MJT	Mytilene	Mytilene	256866	GR	28322	6.7	displayed city	name
MJY	Motygino	Motygino	1498314	RU	6625	3.1	displayed city	name
MJZ	Mirny	Mirny	2019951	RU	40308	4.0	displayed city	name
MKE	Milwaukee	Milwaukee	5263045	US	563531	10.2	displayed city	name
MKG	Muskegon	Muskegon	5003132	US	38401	7.2	displayed city	name
MKK	Kaunakakai	Kaunakakai	5848652	US	3425	10.4	displayed city	name
MKL	Jackson	Jackson	4632595	US	66975	9.3	displayed city	name
MKM	Mukah	Mukah	1735339	MY	33478	5.5	displayed city	name
MKQ	Merauke	Merauke	2082539	ID	116864	3.1	displayed city	name
MKU	Makokou	Makokou	2399371	GA	24823	3.0	displayed city	name
MKW	Manokwari	Manokwari	1636308	ID	132300	3.6	displayed city	name
MKY	Mackay	Mackay	2159220	AU	84333	2.6	displayed city	name
MKZ	Malacca	Malacca	1734759	MY	579000	7.9	displayed city	name
MLA	Valletta	Valletta	2562305	MT	6794	6.3	displayed city	name
MLB	Melbourne	Melbourne	4163971	US	84678	3.8	displayed city	name
MLE	Malé	Male	1282027	MV	103693	2.9	displayed city	name
MLG	Malang	Malang	1636722	ID	889359	10.8	displayed city	name
MLI	Moline	Moline	4902476	US	42681	6.5	displayed city	name
MLM	Morelia	Morelia	3995402	MX	743275	23.5	displayed city	name
MLN	Melilla	Melilla	2513947	ES	85985	2.2	displayed city	name
MLU	Monroe	Monroe	4333669	US	49598	7.7	displayed city	name
MLW	Monrovia	Monrovia	2274895	LR	1542549	4.4	displayed city	name
MLX	Malatya	Malatya	304922	TR	750491	21.8	displayed city	name
MMB	Ōzora	Ozora	10630441	JP	7430	3.6	displayed city	name
MMD	Minamidaito	Minamidaito	13405661	JP	1200	3.6	displayed city	name
MME	Darlington, Durham	Darlington	2651513	GB	92363	8.0	displayed city	name
MMH	Mammoth Lakes	Mammoth Lakes	5370006	US	7946	11.6	displayed city	name
MMJ	Matsumoto	Matsumoto	1857519	JP	241145	8.4	displayed city	name
MMK	Murmansk	Murmansk	524305	RU	295374	25.0	displayed city	name
MMO	Vila do Maio	Vila do Maio	3374120	CV	4472	2.0	displayed city	name
MMX	Malmö	Malmö	2692969	SE	362133	24.9	displayed city	name
MMY	Miyakojima	Miyakojima	6822158	JP	54908	1.8	displayed city	name
MNC	Nacala	Nacala	1035025	MZ	239808	8.8	displayed city	name
MNG	Maningrida	Maningrida	2067089	AU	2325	1.0	displayed city	name
MNJ	Mananjary	Mananjary	1061335	MG	26712	3.6	displayed city	name
MNL	Manila (Pasay)	Manila	1701668	PH	1600000	11.4	displayed city	name
MNU	Mawlamyine	Mawlamyine	1308465	MM	438861	6.2	displayed city	name
MNX	Manicoré	Manicoré	3663503	BR	57405	2.4	displayed city	name
MOB	Mobile	Mobile	4076598	US	183289	19.1	displayed city	name
MOC	Montes Claros	Montes Claros	3456814	BR	437601	5.5	displayed city	name
MOJ	Moengo	Moengo	3383494	SR	10834	0.7	displayed city	name
MOQ	Morondava	Morondava	1058381	MG	56671	0.4	displayed city	name
MOT	Minot	Minot	5690532	US	49450	3.1	displayed city	name
MOV	Moranbah	Moranbah	6533368	AU	12068	7.0	displayed city	name
MPH	Caticlan	Caticlan	1717886	PH	4223	1.2	displayed city	name
MPM	Maputo	Maputo	1040652	MZ	1254837	5.1	displayed city	name
MPY	Maripasoula	Maripasoula	3380994	GF	8423	1.8	displayed city	name
MQC	Miquelon	Miquelon	3424941	PM	1141	0.2	displayed city	name
MQF	Magnitogorsk	Magnitogorsk	532288	RU	413351	16.7	displayed city	name
MQJ	Khonuu	Khonuu	2124598	RU	0	1.8	displayed city	name
MQL	Mildura	Mildura	2157698	AU	34565	8.6	displayed city	name
MQM	Mardin	Mardin	304797	TR	129864	14.1	displayed city	name
MQN	Mo i Rana	Mo i Rana	3145614	NO	18866	9.1	displayed city	name
MQP	Mbombela	Mbombela	971534	ZA	110159	17.0	displayed city	name
MQT	Gwinn	Gwinn	4994999	US	1917	8.6	displayed city	name
MQX	Mekele	Mek'ele	331180	ET	457900	7.1	displayed city	alternate
MRA	Misrata	Misratah	2214846	LY	355657	6.3	displayed city	alternate
MRI	Anchorage	Anchorage	5879400	US	289600	3.1	displayed city	name
MRU	Plaine Magnien	Plaine Magnien	934169	MU	10778	1.5	displayed city	name
MRV	Mineralnyye Vody	Mineralnye Vody	526480	RU	76280	4.6	displayed city	alternate
MRX	Mahshahr	Bandar-e Māhshahr	141663	IR	162797	3.5	displayed city	alternate
MRY	Monterey	Monterey	5374361	US	28338	4.8	displayed city	name
MRZ	Moree	Moree	2156927	AU	9779	4.0	displayed city	name
MSJ	Misawa	Misawa	2129211	JP	42805	2.6	displayed city	name
MSL	Muscle Shoals	Muscle Shoals	4078964	US	13706	5.0	displayed city	name
MSN	Madison	Madison	5261457	US	280305	9.1	displayed city	name
MSO	Missoula	Missoula	5666639	US	71022	8.8	displayed city	name
MSP	Minneapolis	Minneapolis	5037649	US	410939	11.6	displayed city	name
MSQ	Minsk	Minsk	625144	BY	1742124	31.1	displayed city	name
MSR	Muş	Muş	304081	TR	82536	15.4	displayed city	name
MSS	Massena	Massena	5126194	US	10629	3.8	displayed city	name
MST	Maastricht	Maastricht	2751283	NL	122378	9.0	displayed city	name
MSU	Maseru(Mazenod)	Maseru	932505	LS	359753	17.0	displayed city	name
MSY	New Orleans	New Orleans	4335045	US	362701	18.8	displayed city	name
MSZ	Moçâmedes	Mossamedes	3347019	AO	255000	7.3	displayed city	alternate
MTF	Mizan Teferi	Mīzan Teferī	330534	ET	62000	6.0	displayed city	name
MTJ	Montrose	Montrose	5431710	US	19062	3.8	displayed city	name
MTM	Metlakatla	Metlakatla	5555695	US	1405	0.2	displayed city	name
MTP	Montauk	Montauk	5127321	US	3326	5.3	displayed city	name
MTR	Montería	Montería	3674453	CO	490935	9.9	displayed city	name
MTT	Cosoleacaque	Cosoleacaque	3530167	MX	22454	13.0	displayed city	name
MTY	Monterrey	Monterrey	3995465	MX	1135512	23.5	displayed city	name
MUA	Munda	Munda	2105575	SB	3144	0.4	displayed city	name
MUB	Maun	Maun	933366	BW	85350	2.1	displayed city	name
MUC	Munich	Munich	2867714	DE	1505005	28.7	displayed city	name
MUE	Waimea (Kamuela)	Waimea	5854571	US	9212	2.5	displayed city	name
MUH	Marsa Matruh	Marsá Maţrūḩ	352733	EG	176498	3.5	displayed city	name
MUN	Maturín	Maturín	3778045	VE	647459	3.3	displayed city	name
MUR	Marudi	Marudi	1737919	MY	90100	1.6	displayed city	name
MUX	Multan	Multan	1169825	PK	2169915	5.7	displayed city	name
MUZ	Musoma	Musoma	152451	TZ	164172	0.4	displayed city	name
MVB	Franceville	Franceville	2400555	GA	132895	16.4	displayed city	name
MVF	Mossoró	Mossoró	3394682	BR	264577	2.7	displayed city	name
MVP	Mitú	Mitú	3674676	CO	29850	0.5	displayed city	name
MVQ	Mogilev	Mahilyow	625665	BY	352896	16.9	displayed city	alternate
MVR	Maroua	Maroua	2228373	CM	314122	16.8	displayed city	name
MWA	Marion	Marion	4243899	US	17803	7.7	displayed city	name
MWL	Mineral Wells	Mineral Wells	4711647	US	14754	5.8	displayed city	name
MWQ	Magway	Magway	1312609	MM	96954	2.0	displayed city	name
MWX	Muan (Piseo-ri)	Muan	1840982	KR	92009	8.8	displayed city	name
MWZ	Mwanza	Mwanza	152224	TZ	1104521	8.8	displayed city	name
MXL	Mexicali	Mexicali	3996069	MX	1032686	19.8	displayed city	name
MXV	Mörön	Mörön	2029945	MN	39404	5.6	displayed city	name
MXX	Mora	Mora	2691400	SE	12602	5.7	displayed city	name
MXZ	Meizhou (Meixian)	Meizhou	1800779	CN	992351	3.4	displayed city	name
MYA	Moruya	Moruya	2156834	AU	3943	5.9	displayed city	name
MYD	Malindi	Malindi	187968	KE	119859	2.1	displayed city	name
MYJ	Matsuyama	Matsuyama	1926099	JP	511192	6.2	displayed city	name
MYL	McCall	McCall	5600363	US	3106	2.5	displayed city	name
MYP	Mary	Mary	1218667	TM	167027	6.6	displayed city	name
MYQ	Mysore	Mysuru	1262321	IN	920550	7.7	displayed city	alternate
MYR	Myrtle Beach	Myrtle Beach	4588718	US	31035	4.0	displayed city	name
MYT	Myitkyina	Myitkyina	1307741	MM	90894	4.5	displayed city	name
MYW	Mtwara	Mtwara	877747	TZ	140793	7.7	displayed city	name
MYY	Miri	Miri	1738050	MY	300543	8.6	displayed city	name
MZH	Amasya	Amasya	752015	TR	114921	32.7	displayed city	name
MZL	Manizales	Manizales	3675443	CO	434403	6.2	displayed city	name
MZO	Manzanillo	Manzanillo	3547867	CU	128188	6.8	displayed city	name
MZQ	Mkuze	Mkuze	975511	ZA	0	1.2	displayed city	name
MZR	Mazar-i-Sharif	Mazār-e Sharīf	1133616	AF	523300	8.9	displayed city	alternate
MZS	Moradabad	Morādābād	1262801	IN	721139	14.3	displayed city	name
MZT	Mazatlàn	Mazatlán	3996322	MX	381583	17.1	displayed city	name
MZW	Mecheria	Mecheria	2489865	DZ	65043	3.7	displayed city	name
NAA	Narrabri	Narrabri	2155742	AU	7866	4.3	displayed city	name
NAG	Nagpur	Nagpur	1262180	IN	2405665	7.2	displayed city	name
NAJ	Nakhchivan	Naxçıvan	147429	AZ	97200	4.6	displayed city	alternate
NAL	Nalchik	Nalchik	523523	RU	239300	2.2	displayed city	name
NAN	Nadi	Nadi	2202064	FJ	42284	5.1	displayed city	name
NAO	Nanchong (Gaoping)	Nanchong	1800146	CN	1858875	7.6	displayed city	name
NAP	Napoli	Naples	3172394	IT	909048	4.2	displayed city	alternate
NAS	Nassau	Nassau	3571824	BS	227940	12.6	displayed city	name
NAT	Natal	Natal	3394023	BR	896708	17.6	displayed city	name
NAV	Nevşehir	Nevşehir	303831	TR	75527	22.5	displayed city	name
NBC	Nizhnekamsk	Nizhnekamsk	521118	RU	234297	19.2	displayed city	name
NBE	Enfidha	Enfidha	2473358	TN	11138	8.4	displayed city	name
NBJ	Luanda (Ícolo e Bengo)	Luanda	2240449	AO	2776168	37.6	displayed city	name
NBN	San Antonio de Palé	San Antonio de Palé	2306774	GQ	4433	0.9	displayed city	name
NBO	Nairobi	Nairobi	184745	KE	4397073	13.0	displayed city	name
NCE	Nice, Alpes-Maritimes	Nice	2990440	FR	342669	6.4	displayed city	name
NCL	Newcastle upon Tyne, Tyne and Wear	Newcastle upon Tyne	2641673	GB	300125	8.7	displayed city	name
NCU	Nukus	Nukus	601294	UZ	332500	3.6	displayed city	name
NCY	Annecy	Annecy	3037543	FR	49232	3.1	displayed city	name
NDB	Nouadhibou	Nouadhibou	2377457	MR	146048	1.4	displayed city	name
NDC	Nanded	Nanded	1261977	IN	550564	2.6	displayed city	name
NDG	Qiqihar	Qiqihar	2035265	CN	882364	12.7	displayed city	name
NDJ	N'Djamena	N'Djamena	2427123	TD	1359526	3.2	displayed city	name
NDR	Al Aaroui	Al Aaroui	2542013	MA	51976	3.0	displayed city	name
NDU	Rundu	Rundu	3353383	NA	75180	7.1	displayed city	name
NEC	Necochea	Necochea	3430443	AR	73557	9.7	displayed city	name
NER	Neryungri	Neryungri	2019309	RU	66320	30.7	displayed city	name
NEV	Charlestown	Charlestown	3575479	KN	1538	8.5	displayed city	name
NGB	Ningbo	Ningbo	1799397	CN	3731203	10.2	displayed city	name
NGK	Nogliki	Nogliki	2122783	RU	10098	1.5	displayed city	name
NGO	Tokoname	Tokoname	1850185	JP	58710	5.0	displayed city	name
NGQ	Shiquanhe	Gar	1280003	CN	24910	45.0	displayed city	alternate
NGS	Nagasaki	Nagasaki	1856177	JP	409118	18.8	displayed city	name
NIM	Niamey	Niamey	2440485	NE	1323691	8.7	displayed city	name
NJC	Nizhnevartovsk	Nizhnevartovsk	1497543	RU	244937	4.1	displayed city	name
NJF	Najaf	Najaf	98860	IQ	482576	6.8	displayed city	name
NKC	Nouakchott	Nouakchott	2377450	MR	1184530	24.9	displayed city	name
NKG	Nanjing	Nanjing	1799962	CN	9314685	37.3	displayed city	name
NKM	Nagoya	Nagoya	1856057	JP	2332176	8.4	displayed city	name
NKT	Şırnak	Şırnak	300640	TR	67662	38.7	displayed city	name
NLA	Ndola	Ndola	901344	ZM	627503	13.1	displayed city	name
NLD	Nuevo Laredo	Nuevo Laredo	3522551	MX	416055	6.4	displayed city	name
NLH	Ninglang	Daxing	1813299	CN	52568	32.4	displayed city	alternate
NLT	Xinyuan	Xinyuan	1529046	CN	282718	10.4	displayed city	name
NLU	Mexico City	Mexico City	3530597	MX	12294193	37.0	displayed city	name
NMA	Namangan	Namangan	1513157	UZ	713220	9.8	displayed city	name
NMI	Navi Mumbai	Navi Mumbai	6619347	IN	2600000	7.8	displayed city	name
NNG	Nanning (Jiangnan)	Nanning	1799869	CN	5977185	28.0	displayed city	name
NNM	Naryan Mar	Nar'yan-Mar	523392	RU	18041	5.0	displayed city	alternate
NNY	Nanyang (Wancheng)	Nanyang	1799629	CN	1811812	7.1	displayed city	name
NOB	Nicoya	Nicoya	3622716	CR	15313	29.4	displayed city	name
NOC	Charlestown	Charlestown	2965518	IE	1033	6.2	displayed city	name
NOD	Norddeich	Norddeich	2862136	DE	1759	2.9	displayed city	name
NOJ	Noyabrsk	Noyabrsk	1496503	RU	110000	8.5	displayed city	name
NOP	Sinop	Sinop	739600	TR	34834	7.6	displayed city	name
NOU	Nouméa (La Tontouta)	Nouméa	2139521	NC	93060	37.7	displayed city	name
NOV	Huambo	Huambo	3348313	AO	595304	4.3	displayed city	name
NOZ	Novokuznetsk	Novokuznetsk	1496990	RU	539616	18.0	displayed city	name
NPE	Napier	Napier	2186313	NZ	66400	4.7	displayed city	name
NPL	New Plymouth	New Plymouth	2186239	NZ	90100	10.5	displayed city	name
NPT	Newport	Newport	5223593	US	24232	5.4	displayed city	name
NQN	Neuquén	Neuquén	3843123	AR	231198	8.3	displayed city	name
NQU	Nuquí	Nuquí	3673690	CO	2741	1.0	displayed city	name
NQY	Newquay	Newquay	2641589	GB	20189	6.2	displayed city	name
NQZ	Astana	Astana	1526273	KZ	1544142	17.1	displayed city	name
NRA	Narrandera	Narrandera	2155731	AU	4391	6.2	displayed city	name
NRD	Norderney	Norderney	2862041	DE	5949	4.8	displayed city	name
NRK	Norrköping	Norrköping	2688368	SE	93765	4.0	displayed city	name
NRN	Weeze	Weeze	2813410	DE	10131	4.8	displayed city	name
NRR	Ceiba	Ceiba	4563378	PR	6277	2.1	displayed city	name
NRT	Narita	Narita	2111684	JP	132906	6.7	displayed city	name
NSH	Nowshahr	Nowshahr	121959	IR	40000	3.5	displayed city	name
NSI	Yaoundé	Yaoundé	2220957	CM	1299369	16.5	displayed city	name
NSK	Norilsk	Norilsk	1497337	RU	140800	34.8	displayed city	name
NSN	Nelson	Nelson	2186280	NZ	54400	5.8	displayed city	name
NST	Nakhon Si Thammarat	Nakhon Si Thammarat	1151933	TH	102152	12.1	displayed city	name
NTE	Nantes	Nantes	2990969	FR	325070	8.3	displayed city	name
NTG	Nantong (Tongzhou)	Nantong	1799722	CN	2273326	11.0	displayed city	name
NTL	Williamtown	Williamtown	2143560	AU	1091	1.4	displayed city	name
NTN	Normanton	Normanton	2155085	AU	1555	1.6	displayed city	name
NTQ	Wajima	Wajima	1848976	JP	24608	13.6	displayed city	name
NUE	Nuremberg	Nuremberg	2861650	DE	515543	4.9	displayed city	name
NUS	Norsup	Norsup	2135517	VU	2998	1.6	displayed city	name
NUX	Novy Urengoy	Novyy Urengoy	1496511	RU	94212	5.3	displayed city	alternate
NVA	Neiva	Neiva	3673899	CO	357392	2.7	displayed city	name
NVI	Navoi	Navoiy	1513131	UZ	144158	17.9	displayed city	alternate
NVT	Navegantes	Navegantes	3456370	BR	86401	2.2	displayed city	name
NWI	Norwich, Norfolk	Norwich	2641181	GB	143135	5.4	displayed city	name
NYA	Nyagan	Nyagan	1496476	RU	52137	12.0	displayed city	name
NYI	Sunyani	Sunyani	2295021	GH	92825	2.4	displayed city	name
NYM	Nadym	Nadym	1498087	RU	46339	10.2	displayed city	name
NYO	Nyköping	Nyköping	2687700	SE	38780	6.9	displayed city	name
NYS	New York	New York City	5128581	US	8804190	3.6	displayed city	alternate
NYT	Naypyitaw	Nay Pyi Taw	6611854	MM	925000	15.4	displayed city	alternate
NYU	Nyaung U	Nyaung-U	1303351	MM	48528	3.3	displayed city	name
NZC	Nazca	Nazca	3934356	PE	23556	3.5	displayed city	name
NZG	Nizhneangarsk	Nizhneangarsk	2019199	RU	5493	1.2	displayed city	name
NZH	Manzhouli	Manzhouli	2035836	CN	54808	8.3	displayed city	name
NZL	Zhalantun	Zhalantun	2033225	CN	132224	16.1	displayed city	name
OAJ	Richlands	Richlands	4487941	US	1689	9.8	displayed city	name
OAK	Oakland	Oakland	5378538	US	419267	10.3	displayed city	name
OAL	Cacoal	Cacoal	3925212	BR	85893	6.4	displayed city	name
OAX	Oaxaca	Oaxaca	3522507	MX	255029	6.8	displayed city	name
OBO	Obihiro	Obihiro	2128815	JP	166536	20.5	displayed city	name
OCC	Coca	Puerto Francisco de Orellana	3652743	EC	48144	1.9	displayed city	alternate
OCE	Ocean City	Ocean City	4364312	US	7055	4.5	displayed city	name
ODB	Córdoba	Córdoba	2519240	ES	325708	8.7	displayed city	name
ODE	Odense	Odense	2615876	DK	180863	9.6	displayed city	name
ODO	Bodaybo	Bodaybo	2026583	RU	15933	2.7	displayed city	name
ODY	Oudomsay	Muang Xay	1655078	LA	25000	1.5	displayed city	alternate
OER	Örnsköldsvik	Örnsköldsvik	2686469	SE	32493	18.9	displayed city	name
OES	San Antonio Oeste	San Antonio Oeste	3837980	AR	16966	7.6	displayed city	name
OFU	Ofu	Ofu	5881544	AS	254	1.7	displayed city	name
OGD	Ogden	Ogden	5779206	US	85444	4.4	displayed city	name
OGG	Kahului	Kahului	5847411	US	26337	4.3	displayed city	name
OGN	Yonaguni	Yonakuni	1848266	JP	1684	2.0	displayed city	alternate
OGS	Ogdensburg	Ogdensburg	5129626	US	10883	2.1	displayed city	name
OGU	Ordu	Ordu	741100	TR	229214	16.5	displayed city	name
OGX	Ouargla	Ouargla	2485801	DZ	169928	9.0	displayed city	name
OGZ	Beslan	Beslan	576697	RU	35604	6.1	displayed city	name
OHD	Ohrid	Ohrid	787487	MK	42033	8.6	displayed city	name
OHE	Mohe	Mohe	2033822	CN	0	9.2	displayed city	name
OHO	Okhotsk	Okhotsk	2122605	RU	5570	10.4	displayed city	name
OHS	Suhar	Sohar	286282	OM	108274	9.5	displayed city	alternate
OIT	Oita	Ōita	1854487	JP	477715	30.2	displayed city	name
OKA	Naha	Naha	1856035	JP	317625	4.5	displayed city	name
OKC	Oklahoma City	Oklahoma City	4544349	US	681054	11.1	displayed city	name
OKD	Sapporo	Sapporo	2128295	JP	1973832	6.2	displayed city	name
OKE	Wadomari	Wadomari	1848988	JP	6929	7.7	displayed city	name
OKI	Okinoshima	Nishida	8651153	JP	13433	2.9	displayed city	alternate
OKJ	Okayama	Okayama	1854383	JP	724691	13.9	displayed city	name
OKL	Oksibil	Oksibil	11012574	ID	0	0.4	displayed city	name
OLB	Olbia (SS)	Olbia	3172087	IT	60345	3.2	displayed city	name
OLF	Wolf Point	Wolf Point	5687028	US	2850	4.9	displayed city	name
OLM	Olympia	Olympia	5805687	US	55733	8.4	displayed city	name
OLZ	Olyokminsk	Olyokminsk	2018571	RU	8813	4.3	displayed city	name
OMA	Omaha	Omaha	5074472	US	486051	6.5	displayed city	name
OMD	Oranjemund	Oranjemund	3354071	NA	8496	4.2	displayed city	name
OME	Nome	Nome	5870133	US	3806	2.2	displayed city	name
OMH	Urmia	Orūmīyeh	121801	IR	577307	12.8	displayed city	alternate
OMN	Zomin	Zomin Shaharchasi	1215694	UZ	27077	6.1	displayed city	alternate
OMO	Mostar	Mostar	3194828	BA	104518	7.4	displayed city	name
OMR	Oradea	Oradea	671768	RO	183105	2.6	displayed city	name
OMS	Omsk	Omsk	1496153	RU	1172070	4.8	displayed city	name
OND	Ondangwa	Ondangwa	3354247	NA	27049	4.4	displayed city	name
ONQ	Zonguldak	Zonguldak	737022	TR	101749	25.4	displayed city	name
ONT	Ontario	Ontario	5379439	US	171214	4.7	displayed city	name
ONX	Colón	Colón	3712076	PA	78000	3.6	displayed city	name
OOL	Gold Coast	Gold Coast	2165087	AU	640778	19.9	displayed city	name
OOM	Cooma	Cooma	2170577	AU	6555	15.4	displayed city	name
OPF	Miami	Miami	4164138	US	487014	17.0	displayed city	name
OPO	Porto	Porto	2735943	PT	252687	12.5	displayed city	name
OPP	Salinópolis	Salinópolis	3389822	BR	44772	8.6	displayed city	name
OPS	Sinop	Sinop	6318696	BR	223780	9.4	displayed city	name
ORB	Örebro	Örebro	2686657	SE	155989	11.1	displayed city	name
ORD	Chicago	Chicago	4887398	US	2664452	25.5	displayed city	name
ORF	Norfolk	Norfolk	4776222	US	238005	9.2	displayed city	name
ORG	Paramaribo	Paramaribo	3383330	SR	223757	6.8	displayed city	name
ORH	Worcester	Worcester	4956184	US	206518	6.1	displayed city	name
ORK	Cork	Cork	2965140	IE	224004	6.5	displayed city	name
ORN	Es-Sénia	Es Senia	2497060	DZ	39064	3.0	displayed city	name
ORU	Oruro	Oruro	3909234	BO	208684	2.5	displayed city	name
ORY	Paris (Orly, Val-de-Marne)	Paris	2988507	FR	2138551	13.8	displayed city	name
ORZ	Orange Walk	Orange Walk	3581514	BZ	15298	4.4	displayed city	name
OSD	Östersund	Östersund	2685750	SE	49806	6.8	displayed city	name
OSI	Osijek(Klisa)	Osijek	3193935	HR	75535	13.4	displayed city	name
OSL	Oslo (Gardermoen)	Oslo	3143244	NO	1082575	36.9	displayed city	name
OSS	Osh	Osh	1527534	KG	322164	9.0	displayed city	name
OST	Oostende	Ostend	2789786	BE	69011	4.0	displayed city	alternate
OSW	Orsk	Orsk	514734	RU	246836	19.3	displayed city	name
OSY	Namsos	Namsos	3145023	NO	8413	4.0	displayed city	name
OTH	North Bend	North Bend	5742974	US	9673	2.1	displayed city	name
OTS	Anacortes	Anacortes	5785657	US	18103	4.0	displayed city	name
OTZ	Kotzebue	Kotzebue	5866726	US	3277	1.5	displayed city	name
OUA	Ouagadougou	Ouagadougou	2357048	BF	2415266	2.7	displayed city	name
OUZ	Zouérate	Zouérat	2375558	MR	55183	2.7	displayed city	alternate
OVB	Novosibirsk	Novosibirsk	1496747	RU	1612833	20.0	displayed city	name
OVD	Ranón	Ranón	3112286	ES	1722	2.7	displayed city	name
OVS	Sovetskiy	Sovetskiy	1491230	RU	23685	4.0	displayed city	name
OWB	Owensboro	Owensboro	4303436	US	59042	6.0	displayed city	name
OXB	Bissau	Bissau	2374775	GW	439704	7.0	displayed city	name
OYE	Oyem	Oyem	2396646	GA	72939	6.3	displayed city	name
OZC	Ozamiz	Ozamiz City	1696899	PH	93082	3.4	displayed city	alternate
OZG	Zagora	Zagora	2526452	MA	43752	7.7	displayed city	name
OZZ	Ouarzazate	Ouarzazate	2540850	MA	77603	2.7	displayed city	name
PAB	Bilaspur	Bilāspur	1275637	IN	365579	11.2	displayed city	name
PAD	Büren	Büren	2941570	DE	22263	7.9	displayed city	name
PAE	Everett	Everett	5793933	US	108010	10.0	displayed city	name
PAG	Pagadian	Pagadian	1696710	PH	206483	2.5	displayed city	name
PAH	Paducah	Paducah	4048662	US	24864	15.6	displayed city	name
PAP	Port-au-Prince	Port-au-Prince	3718426	HT	1234742	6.3	displayed city	name
PAS	Paros	Páros	255721	GR	5289	7.7	displayed city	name
PAT	Patna	Patna	1260086	IN	1684297	4.8	displayed city	name
PAV	Paulo Afonso	Paulo Afonso	3392734	BR	119418	4.0	displayed city	name
PAZ	Poza Rica	Poza Rica de Hidalgo	3521168	MX	185242	7.7	displayed city	alternate
PBC	Puebla	Puebla	3521081	MX	1692181	21.2	displayed city	name
PBD	Porbandar	Porbandar	1259395	IN	152760	4.9	displayed city	name
PBG	Plattsburgh	Plattsburgh	5131692	US	19806	5.5	displayed city	name
PBH	Paro	Paro	1252490	BT	11448	3.2	displayed city	name
PBM	Paramaribo	Paramaribo	3383330	SR	223757	46.0	displayed city	name
PBO	Paraburdoo	Paraburdoo	8310764	AU	1740	8.5	displayed city	name
PBR	Puerto Barrios	Puerto Barrios	3591062	GT	100593	1.6	displayed city	name
PBU	Putao	Putao	1299371	MM	10000	3.6	displayed city	name
PCL	Pucallpa	Pucallpa	3693345	PE	326040	2.3	displayed city	name
PCR	Puerto Carreño	Puerto Carreño	3671519	CO	20936	1.2	displayed city	name
PDA	Puerto Inírida	Inírida	3671450	CO	7298	2.4	displayed city	alternate
PDG	Padang (Katapiang)	Padang	1633419	ID	942938	19.9	displayed city	name
PDK	Atlanta	Atlanta	4180439	US	510823	16.2	displayed city	name
PDL	Ponta Delgada	Ponta Delgada	6941014	PT	20056	2.6	displayed city	name
PDM	Pedasí	Pedasí	3703239	PA	1920	1.9	displayed city	name
PDP	Punta del Este	Punta del Este	3440939	UY	9277	17.9	displayed city	name
PDS	Piedras Negras	Piedras Negras	3992619	MX	150178	8.1	displayed city	name
PDT	Pendleton	Pendleton	5745380	US	16881	4.8	displayed city	name
PDV	Plovdiv	Plovdiv	728193	BG	329489	12.7	displayed city	name
PDX	Portland	Portland	5746545	US	652503	9.5	displayed city	name
PED	Pardubice	Pardubice	3068582	CZ	88520	3.9	displayed city	name
PEE	Perm	Perm	511196	RU	982419	17.2	displayed city	name
PEG	Perugia (PG)	Perugia	3171180	IT	120137	10.3	displayed city	name
PEI	Pereira	Pereira	3672486	CO	467269	4.9	displayed city	name
PEK	Beijing	Beijing	1816670	CN	18960744	25.4	displayed city	name
PEM	Puerto Maldonado	Puerto Maldonado	3931470	PE	85024	4.1	displayed city	name
PEN	Penang	George Town	1735106	MY	158336	14.4	displayed city	alternate
PER	Perth	Perth	2063523	AU	2384371	10.1	displayed city	name
PES	Petrozavodsk	Petrozavodsk	509820	RU	279190	15.0	displayed city	name
PET	Pelotas	Pelotas	3454244	BR	336150	6.0	displayed city	name
PEU	Puerto Lempira	Puerto Lempira	3603157	HN	5000	0.8	displayed city	name
PEV	Pécs	Pécs	3046526	HU	145347	9.8	displayed city	name
PEW	Peshawar	Peshawar	1168197	PK	4758762	6.1	displayed city	name
PEX	Pechora	Pechora	511794	RU	46113	5.2	displayed city	name
PEZ	Penza	Penza	511565	RU	523553	9.5	displayed city	name
PFB	Passo Fundo	Passo Fundo	3454857	BR	214811	8.0	displayed city	name
PFO	Paphos	Paphos	146214	CY	35961	8.6	displayed city	name
PFQ	Parsabad	Pārsābād	121380	IR	102996	5.8	displayed city	name
PFR	Ilebo	Ilebo	215976	CD	117245	0.4	displayed city	name
PGA	Page	Page	5307778	US	7490	1.3	displayed city	name
PGD	Punta Gorda	Punta Gorda	4169452	US	18150	5.5	displayed city	name
PGV	Greenville	Greenville	4469160	US	90597	3.0	displayed city	name
PGZ	Ponta Grossa	Ponta Grossa	3453186	BR	292177	10.1	displayed city	name
PHB	Parnaíba	Parnaíba	3393001	BR	170491	5.1	displayed city	name
PHC	Port Harcourt	Port Harcourt	2324774	NG	2120000	27.4	displayed city	name
PHE	Port Hedland	Port Hedland	2063042	AU	15298	8.1	displayed city	name
PHF	Newport News	Newport News	4776024	US	186247	17.8	displayed city	name
PHG	Port Harcourt	Port Harcourt	2324774	NG	2120000	7.7	displayed city	name
PHH	Pokhara	Pokhara	1282898	NP	600051	10.3	displayed city	name
PHL	Philadelphia	Philadelphia	4560349	US	1573916	11.1	displayed city	name
PHS	Phitsanulok	Phitsanulok	1607708	TH	62584	5.1	displayed city	name
PHW	Phalaborwa	Phalaborwa	965528	ZA	109468	1.6	displayed city	name
PHX	Phoenix	Phoenix	5308655	US	1650070	6.5	displayed city	name
PIA	Peoria	Peoria	4905687	US	115070	9.3	displayed city	name
PIE	Pinellas Park	Pinellas Park	4168630	US	51617	7.6	displayed city	name
PIH	Pocatello	Pocatello	5604045	US	54441	13.0	displayed city	name
PIK	Prestwick, South Ayrshire	Prestwick	2639896	GB	14880	3.2	displayed city	name
PIR	Pierre	Pierre	5767918	US	14091	5.4	displayed city	name
PIT	Pittsburgh	Pittsburgh	5206379	US	304391	20.8	displayed city	name
PIU	Piura	Piura	3693528	PE	630000	5.2	displayed city	name
PJA	Pajala	Pajala	603761	SE	2032	13.0	displayed city	name
PKB	Parkersburg (Williamstown)	Parkersburg	4817641	US	30991	13.7	displayed city	name
PKC	Petropavlovsk-Kamchatsky	Petropavlovsk-Kamchatsky	2122104	RU	181216	16.6	displayed city	name
PKE	Parkes	Parkes	2153778	AU	9832	5.9	displayed city	name
PKN	Pangkalanbun	Pangkalanbuun	1632694	ID	108814	5.8	displayed city	alternate
PKR	Pokhara	Pokhara	1282898	NP	600051	7.5	displayed city	name
PKU	Pekanbaru	Pekanbaru	1631761	ID	1167599	6.5	displayed city	name
PKV	Pskov	Pskov	504341	RU	210501	5.6	displayed city	name
PKX	Beijing	Beijing	1816670	CN	18960744	45.2	displayed city	name
PKY	Palangkaraya	Palangkaraya	1633118	ID	318247	3.6	displayed city	name
PKZ	Pakse	Pakse	1654379	LA	77900	2.6	displayed city	name
PLJ	Placencia	Placencia	3581447	BZ	4300	2.6	displayed city	name
PLM	Palembang	Palembang	1633070	ID	1801367	5.7	displayed city	name
PLO	Port Lincoln	Port Lincoln	2063036	AU	13810	13.5	displayed city	name
PLQ	Palanga	Palanga	596238	LT	18207	6.4	displayed city	name
PLS	Providenciales	Providenciales	11703857	TC	23769	1.9	displayed city	name
PLW	Palu	Palu	1633034	ID	389959	4.3	displayed city	name
PLX	Semey	Semey	1519422	KZ	292780	7.8	displayed city	name
PLZ	Gqeberha (Port Elizabeth)	Gqeberha	964420	ZA	1050078	3.2	displayed city	name
PMC	Puerto Montt	Puerto Montt	3874960	CL	245902	13.0	displayed city	name
PMF	Parma (PR)	Parma	3171457	IT	198292	3.8	displayed city	name
PMG	Ponta Porã	Ponta Porã	3453150	BR	98598	2.8	displayed city	name
PMI	Palma de Mallorca	Palma	2512989	ES	438234	7.8	displayed city	alternate
PMO	Palermo	Palermo	2523920	IT	648260	24.7	displayed city	name
PMQ	Perito Moreno	Perito Moreno	3841475	AR	7812	7.1	displayed city	name
PMR	Palmerston North	Palmerston North	2185018	NZ	90500	4.0	displayed city	name
PMW	Palmas	Palmas	3474574	BR	306296	14.2	displayed city	name
PMY	Puerto Madryn	Puerto Madryn	3840092	AR	64555	5.4	displayed city	name
PNA	Pamplona	Pamplona	3114472	ES	208243	5.2	displayed city	name
PND	Punta Gorda	Punta Gorda	3581398	BZ	5406	0.5	displayed city	name
PNK	Pontianak	Pontianak	1630789	ID	686019	16.0	displayed city	name
PNL	Pantelleria (TP)	Pantelleria	2523890	IT	6044	2.4	displayed city	name
PNP	Popondetta	Popondetta	2088163	PG	28198	9.5	displayed city	name
PNQ	Pune	Pune	1259229	IN	3124458	9.7	displayed city	name
PNR	Pointe Noire	Pointe-Noire	2255414	CG	1032000	5.1	displayed city	name
PNS	Pensacola	Pensacola	4168228	US	53724	6.4	displayed city	name
PNT	Puerto Natales	Puerto Natales	3874958	CL	18505	6.8	displayed city	name
PNY	Puducherry (Pondicherry)	Puducherry	1259425	IN	657209	4.3	displayed city	name
PNZ	Petrolina	Petrolina	3392242	BR	418444	8.5	displayed city	name
POA	Porto Alegre	Porto Alegre	3452925	BR	1488252	7.4	displayed city	name
POG	Port Gentil	Port-Gentil	2396518	GA	164018	3.1	displayed city	name
POL	Pemba	Pemba	1028918	MZ	232932	2.3	displayed city	name
POM	Port Moresby	Port Moresby	2088122	PG	283733	8.5	displayed city	name
POP	Puerto Plata	Puerto Plata	3493175	DO	146000	13.0	displayed city	name
POR	Pori	Pori	640999	FI	83157	2.3	displayed city	name
POS	Port of Spain	Port of Spain	3573890	TT	49031	21.3	displayed city	name
POZ	Poznań	Poznań	3088171	PL	536151	7.4	displayed city	name
PPB	Presidente Prudente	Presidente Prudente	3452324	BR	234706	6.6	displayed city	name
PPE	Puerto Peñasco	Puerto Peñasco	3991347	MX	62689	22.4	displayed city	name
PPG	Pago Pago	Pago Pago	5881576	AS	11500	5.9	displayed city	name
PPK	Petropavl	Petropavl	1520172	KZ	200920	11.1	displayed city	name
PPN	Popayán	Popayán	3671916	CO	318059	1.8	displayed city	name
PPP	Proserpine	Proserpine	2152490	AU	3614	10.7	displayed city	name
PPS	Puerto Princesa	Puerto Princesa	1692685	PH	222673	2.6	displayed city	name
PPT	Papeete	Papeete	4033936	PF	26357	4.6	displayed city	name
PQI	Presque Isle	Presque Isle	4975966	US	9171	2.4	displayed city	name
PQQ	Port Macquarie	Port Macquarie	2152659	AU	51965	4.4	displayed city	name
PRA	Parana	Paraná	3841956	AR	247139	8.3	displayed city	name
PRC	Prescott	Prescott	5309842	US	41899	13.4	displayed city	name
PRG	Prague	Prague	3067696	CZ	1165581	11.6	displayed city	name
PRM	Portimão	Portimão	2264456	PT	38487	4.3	displayed city	name
PRN	Prishtina	Pristina	786714	XK	550000	15.4	displayed city	alternate
PSA	Pisa (PI)	Pisa	3170647	IT	109960	2.9	displayed city	name
PSC	Pasco	Pasco	5806298	US	69451	3.1	displayed city	name
PSD	Port Said	Port Said	358619	EG	780515	6.0	displayed city	name
PSE	Ponce	Ponce	4566880	PR	137491	6.5	displayed city	name
PSG	Petersburg	Petersburg	5556338	US	2948	1.4	displayed city	name
PSM	Portsmouth	Portsmouth	5091383	US	21530	5.3	displayed city	name
PSO	Chachagüí	Chachagüí	3686867	CO	4899	4.2	displayed city	name
PSP	Palm Springs	Palm Springs	5380668	US	47371	3.5	displayed city	name
PSR	Pescara	Pescara	3171168	IT	119554	3.4	displayed city	name
PSS	Posadas	Posadas	3429886	AR	305874	4.7	displayed city	name
PSY	Stanley	Stanley	3426691	FK	2213	5.5	displayed city	name
PSZ	Puerto Suárez	Puerto Suárez	3444199	BO	12546	2.2	displayed city	name
PTG	Polokwane	Polokwane	965289	ZA	272461	6.7	displayed city	name
PTO	Pato Branco	Pato Branco	3454818	BR	84779	2.7	displayed city	name
PTP	Pointe-à-Pitre	Pointe-à-Pitre	3578599	GP	15181	3.2	displayed city	name
PTY	Tocumen	Tocumen	3700563	PA	50844	2.0	displayed city	name
PUB	Pueblo	Pueblo	5435464	US	109412	10.5	displayed city	name
PUD	Puerto Deseado	Puerto Deseado	3840104	AR	16747	1.9	displayed city	name
PUJ	Punta Cana	Punta Cana	3494242	DO	100023	4.5	displayed city	name
PUQ	Punta Arenas	Punta Arenas	3874787	CL	117430	18.2	displayed city	name
PUS	Busan	Busan	1838524	KR	3285147	12.0	displayed city	name
PUU	Puerto Asís	Puerto Asís	3671549	CO	29782	0.6	displayed city	name
PUW	Pullman	Pullman	5807540	US	32816	5.3	displayed city	name
PUY	Pula	Pula	3192224	HR	52220	6.5	displayed city	name
PUZ	Puerto Cabezas	Puerto Cabezas	3617154	NI	33635	1.4	displayed city	name
PVG	Shanghai (Pudong)	Shanghai	1796236	CN	24874500	34.1	displayed city	name
PVH	Porto Velho	Porto Velho	3662762	BR	548952	5.9	displayed city	name
PVK	Preveza	Préveza	254698	GR	17283	3.6	displayed city	name
PVR	Puerto Vallarta	Puerto Vallarta	3991328	MX	224166	7.4	displayed city	name
PVU	Provo	Provo	5780026	US	115162	5.7	displayed city	name
PWM	Portland	Portland	4975802	US	66881	4.2	displayed city	name
PWQ	Pavlodar	Pavlodar	1520240	KZ	329002	11.5	displayed city	name
PXM	Puerto Escondido	Puerto Escondido	3520994	MX	29903	2.7	displayed city	name
PXO	Vila Baleira	Vila Baleira	2261658	PT	0	2.2	displayed city	name
PXR	Surin	Surin	1606030	TH	46673	1.6	displayed city	name
PXU	Pleiku	Pleiku	1569684	VN	114225	3.0	displayed city	name
PYK	Karaj	Karaj	128747	IR	1448075	16.1	displayed city	name
PYT	Paracatu	Paracatu	3455168	BR	94023	2.4	displayed city	name
PZB	Pietermaritzburg	Pietermaritzburg	965301	ZA	839327	3.6	displayed city	name
PZE	Penzance, Cornwall	Penzance	2640377	GB	19872	2.1	displayed city	name
PZH	Fort Sandeman	Zhob	1162105	PK	50537	2.4	displayed city	alternate
PZI	Panzhihua (Renhe)	Panzhihua	6929460	CN	787177	9.9	displayed city	name
PZU	Port Sudan	Port Sudan	377039	SD	489725	20.4	displayed city	name
QBC	Bella Coola	Bella Coola	8062543	CA	2163	10.9	displayed city	name
QOW	Owerri	Owerri	2325330	NG	545000	20.1	displayed city	name
QRO	Querétaro	Santiago de Querétaro	3991164	MX	1594212	21.3	displayed city	alternate
QSF	Sétif	Sétif	2481700	DZ	252127	7.7	displayed city	name
QSR	Salerno	Salerno	3168673	IT	125797	11.7	displayed city	name
QSZ	Shache	Shache	1280037	CN	128145	24.9	displayed city	name
QUO	Uyo	Uyo	2319480	NG	436606	26.6	displayed city	name
RAB	Kokopo	Kokopo	2093685	PG	26273	12.3	displayed city	name
RAE	Arar	Arar	108512	SA	148540	12.2	displayed city	name
RAI	Praia	Praia	3374333	CV	137868	3.2	displayed city	name
RAK	Marrakesh	Marrakesh	2542997	MA	995871	4.7	displayed city	name
RAO	Ribeirão Preto	Ribeirão Preto	3451328	BR	698642	6.1	displayed city	name
RAP	Rapid City	Rapid City	5768233	US	73569	14.4	displayed city	name
RAR	Avarua	Avarua	4035715	CK	13373	3.2	displayed city	name
RAS	Rasht	Rasht	118743	IR	594590	5.9	displayed city	name
RBA	Rabat	Rabat	2538475	MA	1655753	8.6	displayed city	name
RBB	Borba	Borba	3405051	BR	41748	2.3	displayed city	name
RBQ	Rurrenabaque	Rurrenabaque	3906209	BO	11749	3.7	displayed city	name
RBR	Rio Branco	Rio Branco	3662574	BR	419452	14.9	displayed city	name
RCB	Richards Bay	Richards Bay	962367	ZA	252968	7.1	displayed city	name
RCH	Riohacha	Riohacha	3670745	CO	188014	2.9	displayed city	name
RDD	Redding	Redding	5570160	US	91582	12.0	displayed city	name
RDM	Redmond	Redmond	5747882	US	28654	2.8	displayed city	name
RDO	Radom	Radom	760778	PL	226794	4.9	displayed city	name
RDP	Durgapur	Durgapur	1272175	IN	518872	13.6	displayed city	name
REC	Recife	Recife	3390760	BR	1653461	9.4	displayed city	name
REG	Reggio Calabria	Reggio Calabria	2523630	IT	182455	4.4	displayed city	name
REL	Rawson	Rawson	3839307	AR	26335	16.7	displayed city	name
REN	Orenburg	Orenburg	515003	RU	564773	24.8	displayed city	name
RER	Retalhuleu	Retalhuleu	3590858	GT	90505	2.6	displayed city	name
RES	Resistencia	Resistencia	3429577	AR	290793	7.0	displayed city	name
RET	Røst	Røst	3141214	NO	0	1.2	displayed city	name
REU	Reus	Reus	3111933	ES	103477	5.2	displayed city	name
REW	Rewa	Rewa	1258182	IN	235654	8.0	displayed city	name
REX	Reynosa	Reynosa	3520339	MX	589466	9.7	displayed city	name
RFP	Uturoa	Uturoa	4033205	PF	3668	2.6	displayed city	name
RGA	Rio Grande	Río Grande	3838854	AR	52681	2.8	displayed city	name
RGL	Rio Gallegos	Río Gallegos	3838859	AR	95796	4.3	displayed city	name
RGN	Yangon	Yangon	1298824	MM	4477638	11.6	displayed city	name
RHD	Termas de Río Hondo	Termas de Río Hondo	3834502	AR	27838	7.5	displayed city	name
RHI	Rhinelander	Rhinelander	5268720	US	7526	4.4	displayed city	name
RHO	Rhodes	Rhodes	400666	GR	56128	12.6	displayed city	name
RIA	Santa Maria	Santa Maria	3450083	BR	271735	11.9	displayed city	name
RIB	Riberalta	Riberalta	3906466	BO	99070	2.5	displayed city	name
RIC	Richmond	Richmond	4781708	US	226610	13.5	displayed city	name
RIH	Río Hato	Río Hato	3701861	PA	5615	4.2	displayed city	name
RIS	Rishiri	Rishiri Town	7303387	JP	2684	9.2	displayed city	alternate
RIW	Riverton	Riverton	5836665	US	10873	7.8	displayed city	name
RIX	Riga	Riga	456172	LV	742572	8.7	displayed city	name
RIY	Mukalla(Riyan)	Mukalla	78754	YE	594951	30.1	displayed city	name
RIZ	Rizhao (Donggang)	Rizhao	9072919	CN	661943	18.6	displayed city	name
RJH	Rajshahi	Rajshahi	1185128	BD	763580	7.2	displayed city	name
RJK	Rijeka(Omišalj)	Rijeka	3191648	HR	107964	15.9	displayed city	name
RJL	Logroño	Logroño	3118150	ES	151164	10.6	displayed city	name
RJM	Waisai	Waisai	1622293	ID	22541	36.2	displayed city	name
RJN	Rafsanjan	Rafsanjān	118994	IR	147680	13.2	displayed city	name
RKD	Rockland	Rockland	4832458	US	7237	4.9	displayed city	name
RKE	Roskilde	Roskilde	2614481	DK	51916	7.0	displayed city	name
RKS	Rock Springs	Rock Springs	5836898	US	23962	11.5	displayed city	name
RKT	Ras Al Khaimah	Ras Al Khaimah	291074	AE	351943	19.6	displayed city	name
RKV	Reykjavík	Reykjavík	3413829	IS	118918	2.2	displayed city	name
RKZ	Xigazê (Samzhubzê)	Rikaze	1279715	CN	80000	41.9	displayed city	alternate
RLG	Laage	Laage	2882141	DE	8156	4.7	displayed city	name
RMA	Roma	Roma	2151187	AU	7105	2.8	displayed city	name
RMI	Rimini (RN)	Rimini	3169361	IT	148688	5.6	displayed city	name
RML	Colombo	Colombo	1248991	LK	648034	13.3	displayed city	name
RMO	Chişinău	Chisinau	618426	MD	635994	10.6	displayed city	name
RMQ	Taichung (Qingshui)	Taichung	1668399	TW	2850285	14.6	displayed city	name
RMZ	Tobolsk	Tobolsk	1489530	RU	113800	16.3	displayed city	name
RNB	Ronneby	Ronneby	2681825	SE	12612	6.3	displayed city	name
RNJ	Yoron	Chabana	1864655	JP	5115	1.7	displayed city	alternate
RNN	Rønne	Rønne	2614553	DK	13807	5.4	displayed city	name
RNO	Reno	Reno	5511077	US	264165	5.2	displayed city	name
RNS	Saint-Jacques-de-la-Lande, Ille-et-Vilaine	Saint-Jacques-de-la-Lande	2979415	FR	8505	1.2	displayed city	name
ROA	Roanoke	Roanoke	4782167	US	100011	6.8	displayed city	name
ROB	Monrovia	Monrovia	2274895	LR	1542549	48.6	displayed city	name
ROC	Rochester	Rochester	5134086	US	209802	6.1	displayed city	name
ROI	Roi Et	Roi Et	1607001	TH	39328	14.5	displayed city	name
ROK	Rockhampton	Rockhampton	2151437	AU	81021	3.1	displayed city	name
ROO	Rondonópolis	Rondonópolis	3450909	BR	263708	15.8	displayed city	name
ROS	Rosario	Rosario	3838583	AR	948312	14.4	displayed city	name
ROT	Rotorua	Rotorua	6241325	NZ	65901	7.1	displayed city	name
ROW	Roswell	Roswell	5488441	US	48544	10.3	displayed city	name
RPR	Raipur	Raipur	1258980	IN	1027264	12.4	displayed city	name
RRG	Port Mathurin	Port Mathurin	1545752	MU	8350	10.1	displayed city	name
RRS	Røros	Røros	3141332	NO	5572	2.2	displayed city	name
RSA	Santa Rosa	Santa Rosa	3835994	AR	102860	3.3	displayed city	name
RST	Rochester	Rochester	5043473	US	112225	12.8	displayed city	name
RSU	Yeosu	Yeosu	1884138	KR	268823	10.0	displayed city	name
RSW	Fort Myers	Fort Myers	4155995	US	74013	13.0	displayed city	name
RTB	Coxen Hole	Coxen Hole	3602736	HN	7514	1.8	displayed city	name
RTM	Rotterdam	Rotterdam	2747891	NL	868135	4.8	displayed city	name
RUA	Arua	Arua	235039	UG	72400	3.2	displayed city	name
RUH	Riyadh	Riyadh	108410	SA	4205961	30.1	displayed city	name
RUN	Sainte-Marie	Sainte-Marie	935255	RE	34344	3.4	displayed city	name
RUT	Rutland	Rutland	5240509	US	15824	9.2	displayed city	name
RVE	Saravena	Saravena	3668257	CO	0	3.0	displayed city	name
RVK	Rørvik	Rørvik	3141310	NO	2615	5.1	displayed city	name
RVN	Rovaniemi	Rovaniemi	638936	FI	65670	9.5	displayed city	name
RXS	Roxas City	Roxas City	1691444	PH	185236	1.4	displayed city	name
RYK	Rahim Yar Khan	Rahim Yar Khan	1167460	PK	517000	4.6	displayed city	name
RYO	Rio Turbio	Río Turbio	8521759	AR	6650	11.1	displayed city	name
RZR	Ramsar	Rāmsar	117773	IR	35997	3.7	displayed city	name
RZV	Rize	Rize	740483	TR	119828	32.6	displayed city	name
SAF	Santa Fe	Santa Fe	5490263	US	87505	15.7	displayed city	name
SAH	Sanaa	Sanaa	71137	YE	1937451	13.6	displayed city	name
SAI	Siem Reap	Siem Reap	1822214	KH	139458	39.3	displayed city	name
SAL	San Salvador (San Luis Talpa)	San Salvador	3583361	SV	525990	30.7	displayed city	name
SAN	San Diego	San Diego	5391811	US	1404452	3.1	displayed city	name
SAP	San Pedro Sula	San Pedro Sula	3601782	HN	801259	12.5	displayed city	name
SAT	San Antonio	San Antonio	4726206	US	1526656	12.4	displayed city	name
SAV	Savannah	Savannah	4221552	US	147780	10.6	displayed city	name
SAW	Pendik, Istanbul	Pendik	740616	TR	0	3.9	displayed city	name
SBA	Santa Barbara	Santa Barbara	5392952	US	91842	13.0	displayed city	name
SBD	San Bernardino	San Bernardino	5391710	US	216108	5.1	displayed city	name
SBH	Gustavia	Gustavia	3579132	BL	5988	1.1	displayed city	name
SBN	South Bend	South Bend	4926563	US	101516	6.2	displayed city	name
SBP	San Luis Obispo	San Luis Obispo	5392323	US	47339	5.4	displayed city	name
SBW	Sibu	Sibu	1735902	MY	198239	19.2	displayed city	name
SBY	Salisbury	Salisbury	4368711	US	32899	8.1	displayed city	name
SBZ	Sibiu	Sibiu	667268	RO	134309	5.2	displayed city	name
SCE	State College	State College	5213681	US	42161	6.3	displayed city	name
SCK	Stockton	Stockton	5399020	US	305658	8.5	displayed city	name
SCL	Santiago	Santiago	3871336	CL	4837295	14.6	displayed city	name
SCN	Saarbrücken	Saarbrücken	2842647	DE	182971	7.5	displayed city	name
SCO	Aktau	Aktau	610612	KZ	147443	23.1	displayed city	name
SCQ	Santiago de Compostela	Santiago de Compostela	3109642	ES	99536	10.8	displayed city	name
SCU	Santiago	Santiago de Cuba	3536729	CU	555865	5.5	displayed city	alternate
SCV	Suceava	Suceava	665850	RO	84308	9.9	displayed city	name
SCW	Syktyvkar	Syktyvkar	485239	RU	245083	2.4	displayed city	name
SCY	Puerto Baquerizo Moreno	Puerto Baquerizo Moreno	3652758	EC	7290	1.2	displayed city	name
SDD	Lubango	Lubango	3347762	AO	600751	9.1	displayed city	name
SDE	Santiago del Estero	Santiago del Estero	3835869	AR	252192	6.0	displayed city	name
SDF	Louisville	Louisville	4299276	US	624444	9.5	displayed city	name
SDJ	Natori	Natori-shi	2111669	JP	78718	4.2	displayed city	alternate
SDK	Sandakan	Sandakan	1734052	MY	439050	9.4	displayed city	name
SDN	Sandane	Sandane	3140431	NO	2447	8.6	displayed city	name
SDP	Sand Point	Sand Point	5873349	US	1064	2.8	displayed city	name
SDQ	Santo Domingo	Santo Domingo	3492908	DO	2201941	24.0	displayed city	name
SDR	Santander	Santander	3109718	ES	173635	4.5	displayed city	name
SDS	Sado	Sado	6825492	JP	51492	6.2	displayed city	name
SDU	Rio de Janeiro	Rio de Janeiro	3451190	BR	6747815	2.0	displayed city	name
SDY	Sidney	Sidney	5677735	US	6828	3.1	displayed city	name
SEA	Seattle	Seattle	5809844	US	780995	17.7	displayed city	name
SEB	Sabha	Sabha	2212775	LY	149329	6.3	displayed city	name
SEK	Srednekolymsk	Srednekolymsk	2121025	RU	3459	3.1	displayed city	name
SEN	Southend-on-Sea, Essex	Southend-on-Sea	2637433	GB	295310	3.9	displayed city	name
SET	Serra Talhada	Serra Talhada	3387786	BR	92228	8.4	displayed city	name
SEZ	Victoria	Victoria	241131	SC	22881	9.6	displayed city	name
SFA	Sfax	Sfax	2467454	TN	280566	6.8	displayed city	name
SFB	Orlando	Orlando	4167147	US	334854	29.8	displayed city	name
SFG	Grand Case	Grand-Case	3579247	MF	6333	0.8	displayed city	name
SFL	São Filipe	São Filipe	3374210	CV	10097	2.1	displayed city	name
SFN	Santa Fe	Santa Fe	3836277	AR	391164	12.0	displayed city	name
SFO	San Francisco	San Francisco	5391959	US	827526	17.7	displayed city	name
SFS	Olongapo	Olongapo	1697175	PH	221178	4.0	displayed city	name
SFT	Skellefteå	Skellefteå	602913	SE	35516	15.2	displayed city	name
SGC	Surgut	Surgut	1490624	RU	300367	9.2	displayed city	name
SGD	Sønderborg	Sønderborg	2613102	DK	27766	6.2	displayed city	name
SGF	Springfield	Springfield	4409896	US	170188	8.7	displayed city	name
SGN	Ho Chi Minh City	Ho Chi Minh City	1566083	VN	14002598	2.5	displayed city	name
SGU	St George	Saint George	5546220	US	72897	10.0	displayed city	alternate
SGY	Skagway	Skagway	5557317	US	1240	0.3	displayed city	name
SHA	Shanghai (Minhang)	Shanghai	1796236	CN	24874500	12.1	displayed city	name
SHB	Nakashibetsu	Nakashibetsu	2129034	JP	24014	3.4	displayed city	name
SHD	Weyers Cave	Weyers Cave	4793125	US	2473	3.1	displayed city	name
SHE	Shenyang	Shenyang	2034937	CN	9070093	17.5	displayed city	name
SHF	Shihezi	Shihezi	1529195	CN	572772	13.4	displayed city	name
SHI	Miyakojima	Miyakojima	6822158	JP	54908	17.2	displayed city	name
SHJ	Sharjah	Sharjah	292672	AE	1800000	10.6	displayed city	name
SHL	Shillong	Shillong	1256523	IN	143229	17.8	displayed city	name
SHM	Shirahama	Shirahama	1851936	JP	23325	2.7	displayed city	name
SHR	Sheridan	Sheridan	5838198	US	17873	3.6	displayed city	name
SHS	Jingzhou (Shashi)	Jingzhou	1805540	CN	1052282	25.6	displayed city	name
SHV	Shreveport	Shreveport	4341513	US	187593	11.5	displayed city	name
SHY	Shinyanga	Shinyanga	150006	TZ	139727	11.0	displayed city	name
SID	Espargos	Espargos	8521418	CV	24500	1.6	displayed city	name
SIG	San Juan	San Juan	4568127	PR	418140	1.3	displayed city	name
SIN	Singapore	Singapore	1880252	SG	5638700	17.4	displayed city	name
SIT	Sitka	Sitka	5557293	US	8863	2.0	displayed city	name
SJC	San Jose	San Jose	5392171	US	997368	4.0	displayed city	name
SJD	San José del Cabo	San José del Cabo	3986172	MX	136285	11.0	displayed city	name
SJE	San José Del Guaviare	San José del Guaviare	3828545	CO	52815	1.3	displayed city	name
SJI	San Jose	San Jose	1689510	PH	143495	2.4	displayed city	name
SJJ	Sarajevo	Sarajevo	3191281	BA	696731	3.3	displayed city	name
SJK	São José Dos Campos	São José dos Campos	3448636	BR	727078	6.1	displayed city	name
SJL	São Gabriel da Cachoeira	São Gabriel da Cachoeira	3662342	BR	51795	11.6	displayed city	name
SJO	San José (Alajuela)	San José	3621849	CR	335007	15.1	displayed city	name
SJP	São José do Rio Preto	São José do Rio Preto	3448639	BR	480393	2.9	displayed city	name
SJT	San Angelo	San Angelo	5530022	US	99893	13.1	displayed city	name
SJU	San Juan	San Juan	4568127	PR	418140	11.4	displayed city	name
SJW	Shijiazhuang	Shijiazhuang	1795270	CN	5758403	32.8	displayed city	name
SJZ	Velas	Velas	3372485	PT	1980	3.4	displayed city	name
SKB	Basseterre	Basseterre	3575551	KN	12920	1.8	displayed city	name
SKD	Samarkand	Samarkand	1216265	UZ	595200	5.5	displayed city	name
SKG	Thessaloniki	Thessaloníki	734077	GR	317778	13.8	displayed city	name
SKH	Surkhet	Surkhet	7649119	NP	0	15.9	displayed city	name
SKO	Sokoto	Sokoto	2322911	NG	1040000	16.8	displayed city	name
SKP	Ilinden	Ilinden	833357	MK	16406	5.2	displayed city	name
SKT	Sialkot	Sialkot	1164909	PK	911817	16.4	displayed city	name
SKX	Saransk	Saransk	498698	RU	318841	7.1	displayed city	name
SKZ	Sukkur	Sukkur	1164408	PK	563851	6.9	displayed city	name
SLA	Salta	Salta	3838233	AR	520683	8.7	displayed city	name
SLC	Salt Lake City	Salt Lake City	5780993	US	215548	8.1	displayed city	name
SLD	Sliač	Sliač	3057576	SK	4786	2.4	displayed city	name
SLE	Salem	Salem	5750162	US	175535	4.5	displayed city	name
SLH	Sola	Sola	2134814	VU	1171	3.1	displayed city	name
SLI	Solwesi	Solwezi	897045	ZM	301370	2.7	displayed city	alternate
SLK	Saranac Lake	Saranac Lake	5136322	US	5274	8.6	displayed city	name
SLL	Salalah	Şalālah	286621	OM	163140	2.6	displayed city	name
SLM	Salamanca	Salamanca	3111108	ES	144825	13.7	displayed city	name
SLN	Salina	Salina	4278890	US	47813	6.5	displayed city	name
SLP	San Luis Potosí	San Luis Potosí	3985606	MX	722772	12.7	displayed city	name
SLU	Castries	Castries	3576812	LC	20000	3.1	displayed city	name
SLW	Saltillo	Saltillo	3988086	MX	709671	13.5	displayed city	name
SLY	Salekhard	Salekhard	1493197	RU	49214	6.3	displayed city	name
SLZ	São Luís	São Luís	3388368	BR	917237	9.8	displayed city	name
SMF	Sacramento	Sacramento	5389489	US	524943	15.2	displayed city	name
SMN	Salmon	Salmon	5606275	US	3036	6.1	displayed city	name
SMQ	Sampit	Sampit	1628884	ID	166773	4.6	displayed city	name
SMR	Santa Marta	Santa Marta	3668605	CO	499192	13.8	displayed city	name
SMT	Sorriso	Sorriso	6318714	BR	124665	8.5	displayed city	name
SMX	Santa Maria	Santa Maria	5393180	US	105093	6.3	displayed city	name
SNA	Santa Ana	Santa Ana	5392900	US	310227	7.8	displayed city	name
SNN	Shannon	Shannon	3310247	IE	10256	4.1	displayed city	name
SNU	Santa Clara	Santa Clara	3537906	CU	250512	9.7	displayed city	name
SNV	Santa Elena de Uairén	Santa Elena de Uairén	3627382	VE	29795	6.6	displayed city	name
SNX	Semnan	Semnan	116402	IR	124826	9.5	displayed city	name
SOB	Sármellék	Sármellék	3045520	HU	1836	3.0	displayed city	name
SOC	Surakarta	Surakarta	1625812	ID	526870	9.3	displayed city	name
SOD	Sorocaba	Sorocaba	3447399	BR	762172	4.2	displayed city	name
SOF	Sofia	Sofia	727011	BG	1152556	7.6	displayed city	name
SOG	Sogndal	Sogndal	7288345	NO	3995	8.4	displayed city	name
SOM	El Tigre	El Tigre	3641351	VE	222450	12.8	displayed city	name
SON	Luganville	Luganville	2136150	VU	13397	6.4	displayed city	name
SOQ	Sorong	Sorong	1626542	ID	219958	3.3	displayed city	name
SOU	Southampton	Southampton	2637487	GB	269781	6.1	displayed city	name
SOW	Show Low	Show Low	5314245	US	10860	2.4	displayed city	name
SPB	Charlotte Amalie	Charlotte Amalie	4795467	VI	20000	1.0	displayed city	name
SPD	Saidpur	Saidpur	6545349	BD	199422	2.7	displayed city	name
SPI	Springfield	Springfield	4250542	US	114394	5.5	displayed city	name
SPP	Menongue	Menongue	3347353	AO	251178	3.1	displayed city	name
SPR	San Pedro	San Pedro	3581164	BZ	17429	0.6	displayed city	name
SPS	Wichita Falls	Wichita Falls	4741752	US	104710	8.4	displayed city	name
SPU	Split	Split	3190261	HR	149830	11.9	displayed city	name
SQD	Shangrao (Hengfeng)	Shangrao	1787858	CN	1116486	8.3	displayed city	name
SQG	Sintang	Sintang	1626887	ID	85000	13.3	displayed city	name
SQJ	Sanming (Sha)	Sanming	1796663	CN	602166	29.1	displayed city	name
SQL	San Carlos	San Carlos	5391760	US	29931	1.1	displayed city	name
SRA	Santa Rosa	Santa Rosa	3449822	BR	77519	5.5	displayed city	name
SRE	Sucre	Sucre	3903987	BO	224838	26.5	displayed city	name
SRG	Semarang	Semarang	1627896	ID	1694740	5.8	displayed city	name
SRL	Mulegé	Mulegé	3995236	MX	3851	25.2	displayed city	name
SRP	Leirvik	Leirvik	3147822	NO	14126	9.0	displayed city	name
SRT	Soroti	Soroti	226234	UG	60900	1.9	displayed city	name
SRY	Sari	Sari	116996	IR	255396	14.6	displayed city	name
SRZ	Santa Cruz	Santa Cruz de la Sierra	3904906	BO	1831434	3.0	displayed city	alternate
SSA	Salvador	Salvador	3450554	BR	2711840	19.7	displayed city	name
SSB	Christiansted	Christiansted	4795479	VI	1866	0.3	displayed city	name
SSG	Malabo	Malabo	2309527	GQ	155963	8.1	displayed city	name
SSH	Sharm El Sheikh	Sharm el-Sheikh	349340	EG	38478	9.3	displayed city	name
SST	Santa Teresita	Santa Teresita	3428123	AR	15213	2.6	displayed city	name
SSW	Friday Harbor	Friday Harbor	5795104	US	2340	19.4	displayed city	name
SSY	Mbanza Congo	Mbanza Kongo	2239520	AO	148000	1.0	displayed city	alternate
STC	Saint Cloud	Saint Cloud	5044407	US	65842	8.1	displayed city	name
STI	Santiago	Santiago de los Caballeros	3492914	DO	1200000	10.4	displayed city	alternate
STL	St Louis	St. Louis	4407066	US	279695	20.1	displayed city	name
STM	Santarém	Santarém	3389353	BR	360871	9.7	displayed city	name
STN	London, Essex	London	2643743	GB	8961989	48.7	displayed city	name
STR	Stuttgart	Stuttgart	2825297	DE	612663	10.8	displayed city	name
STS	Santa Rosa	Santa Rosa	5393287	US	178127	11.5	displayed city	name
STT	Charlotte Amalie	Charlotte Amalie	4795467	VI	20000	4.9	displayed city	name
STV	Surat	Surat	1255364	IN	4591246	12.7	displayed city	name
STW	Stavropol	Stavropol	487846	RU	433931	14.3	displayed city	name
STX	Christiansted	Christiansted	4795479	VI	1866	11.5	displayed city	name
SUB	Surabaya	Surabaya	1625822	ID	3018022	15.1	displayed city	name
SUF	Lamezia Terme (CZ)	Lamezia Terme	6534232	IT	70501	8.3	displayed city	name
SUG	Surigao City	Surigao	1685218	PH	87832	4.0	displayed city	alternate
SUI	Sukhumi	Sokhumi	611847	GE	65439	20.0	displayed city	alternate
SUJ	Satu Mare	Satu Mare	667873	RO	112490	10.8	displayed city	name
SUK	Batagay-Alyta	Batagay-Alyta	2027042	RU	1666	0.8	displayed city	name
SUN	Hailey	Hailey	5594956	US	8134	2.3	displayed city	name
SUX	Sioux City	Sioux City	4876523	US	82821	11.5	displayed city	name
SUY	Suntar	Suntar	2015913	RU	8639	2.9	displayed city	name
SVB	Sambava	Sambava	1056899	MG	89003	1.6	displayed city	name
SVC	Silver City	Silver City	5491487	US	10004	18.9	displayed city	name
SVD	Kingstown	Kingstown	3577887	VC	24518	8.5	displayed city	name
SVG	Stavanger	Stavanger	3137115	NO	151669	11.7	displayed city	name
SVI	San Vicente Del Caguán	San Vicente del Caguán	3668290	CO	0	3.4	displayed city	name
SVJ	Svolvær	Svolvær	3135020	NO	4720	4.3	displayed city	name
SVL	Savonlinna	Savonlinna	637292	FI	31283	8.8	displayed city	name
SVO	Moscow	Moscow	524901	RU	10381222	28.1	displayed city	name
SVQ	Seville	Sevilla	2510911	ES	686741	8.1	displayed city	alternate
SVU	Savusavu	Savusavu	2198520	FJ	6833	2.7	displayed city	name
SVX	Yekaterinburg	Yekaterinburg	1486209	RU	1495066	17.1	displayed city	name
SVZ	San Antonio del Tachira	San Antonio del Táchira	3628549	VE	66392	3.3	displayed city	name
SWA	Jieyang (Rongcheng)	Jieyang	1797121	CN	1899394	14.1	displayed city	name
SWF	Newburgh	Newburgh	5128654	US	28290	8.2	displayed city	name
SWL	San Vicente	San Vicente	1687474	PH	4576	2.1	displayed city	name
SWO	Stillwater	Stillwater	4552215	US	48967	5.7	displayed city	name
SWQ	Sumbawa Besar	Sumbawa Besar	1626185	ID	62753	1.0	displayed city	name
SWX	Shakawe	Shakawe	933077	BW	10589	1.4	displayed city	name
SXB	Strasbourg	Strasbourg	2973783	FR	274845	10.0	displayed city	name
SXR	Srinagar	Srinagar	1255634	IN	1206419	11.3	displayed city	name
SYD	Sydney (Mascot)	Sydney	2147714	AU	5638830	9.1	displayed city	name
SYM	Pu'er	Pu'er	1794209	CN	296565	1.7	displayed city	name
SYO	Shonai	Shonai	10630004	JP	20940	10.8	displayed city	name
SYQ	San Jose	San José	3621849	CR	335007	6.5	displayed city	name
SYR	Syracuse	Syracuse	5140405	US	144142	7.8	displayed city	name
SYS	Saskylakh	Saskylakh	2017155	RU	1920	4.0	displayed city	name
SYX	Sanya (Tianya)	Sanya	1796556	CN	1031396	11.6	displayed city	name
SYY	Stornoway, Western Isles	Stornoway	2636790	GB	7500	3.3	displayed city	name
SYZ	Shiraz	Shiraz	115019	IR	1249942	9.7	displayed city	name
SZA	Soyo	Soyo	2236967	AO	221555	0.8	displayed city	name
SZB	Subang	Kampung Baru Subang	1771023	MY	833571	2.8	displayed city	alternate
SZE	Semera	Samara	6913519	ET	50000	1.7	displayed city	alternate
SZF	Samsun	Samsun	740264	TR	394050	19.6	displayed city	name
SZG	Salzburg	Salzburg	2766824	AT	157245	3.0	displayed city	name
SZH	Shuozhou	Shuozhou	1794328	CN	433700	23.6	displayed city	name
SZI	Zaysan	Zaysan	1517060	KZ	17600	2.6	displayed city	name
SZX	Shenzhen	Shenzhen	1795565	CN	17494398	29.1	displayed city	name
SZZ	Szczecin(Glewice)	Szczecin	3083829	PL	395513	28.9	displayed city	name
TAB	Scarborough	Scarborough	3573703	TT	17000	11.1	displayed city	name
TAC	Tacloban City	Tacloban	1684712	PH	259353	3.1	displayed city	alternate
TAE	Daegu	Daegu	1835329	KR	2365523	6.5	displayed city	name
TAG	Panglao	Panglao	1695262	PH	6854	2.7	displayed city	name
TAI	Taiz	Taiz	70225	YE	940600	17.4	displayed city	name
TAK	Takamatsu	Takamatsu	1851100	JP	418994	13.5	displayed city	name
TAM	Ciudad Madero	Ciudad Madero	3530594	MX	197216	5.9	displayed city	name
TAO	Qingdao (Jiaozhou)	Qingdao	1797929	CN	7172451	42.2	displayed city	name
TAP	Tapachula	Tapachula	3516266	MX	353706	17.2	displayed city	name
TAS	Tashkent	Tashkent	1512569	UZ	1978028	5.5	displayed city	name
TAT	Poprad	Poprad	723846	SK	49091	4.3	displayed city	name
TAY	Tartu	Tartu	588335	EE	91407	8.4	displayed city	name
TAZ	Daşoguz	Daşoguz	601734	TM	201142	13.8	displayed city	name
TBB	Tuy Hoa	Tuy Hòa	1563281	VN	155921	5.3	displayed city	name
TBG	Tabubil	Tabubil	8520810	PG	10270	0.8	displayed city	name
TBJ	Tabarka	Tabarka	2464871	TN	19770	10.9	displayed city	name
TBN	Fort Leonard Wood	Fort Leonard Wood	7259265	US	15061	4.2	displayed city	name
TBO	Tabora	Tabora	149658	TZ	308741	6.7	displayed city	name
TBP	Tumbes	Tumbes	3691148	PE	96946	6.8	displayed city	name
TBS	Tbilisi	Tbilisi	611717	GE	1049498	10.3	displayed city	name
TBT	Tabatinga	Tabatinga	3662075	BR	67182	2.7	displayed city	name
TBU	Nuku'alofa	Nuku‘alofa	4032402	TO	22400	12.8	displayed city	name
TBZ	Tabriz	Tabriz	113646	IR	1424641	7.8	displayed city	name
TCA	Tennant Creek	Tennant Creek	2060436	AU	3080	1.9	displayed city	name
TCB	Treasure Cay	Treasure Cay	7535668	BS	1187	12.9	displayed city	name
TCD	Tarapacá	Tarapacá	3667410	CO	3100	1.0	displayed city	name
TCG	Tacheng	Tacheng	1529167	CN	161037	30.3	displayed city	name
TCO	Tumaco	Tumaco	3666640	CO	86713	5.5	displayed city	name
TCQ	Tacna	Tacna	3928128	PE	286240	4.9	displayed city	name
TDD	Trinidad	Trinidad	3902377	BO	84259	2.2	displayed city	name
TDK	Taldykorgan	Taldykorgan	1518542	KZ	116558	13.1	displayed city	name
TDX	Laem Ngop	Laem Ngop	1609283	TH	17198	14.1	displayed city	name
TEN	Tongren (Daxing)	Tongren	1792592	CN	90593	22.1	displayed city	name
TEQ	Çorlu	Çorlu	748893	TR	202578	10.2	displayed city	name
TER	Praia da Vitória	Praia da Vitória	3372760	PT	6061	3.8	displayed city	name
TET	Tete	Tete	1026014	MZ	357000	8.1	displayed city	name
TEX	Telluride	Telluride	5441199	US	2399	8.6	displayed city	name
TFF	Tefé	Tefé	3661944	BR	79278	1.7	displayed city	name
TFN	Tenerife	Santa Cruz de Tenerife	2511174	ES	211359	8.7	displayed city	alternate
TGD	Podgorica	Podgorica	3193044	ME	236852	9.1	displayed city	name
TGG	Kuala Terengganu	Kuala Terengganu	1734705	MY	426500	7.2	displayed city	name
TGO	Tongliao	Tongliao	2034400	CN	261110	8.1	displayed city	name
TGQ	Tangará da Serra	Tangará da Serra	6318738	BR	114603	6.5	displayed city	name
TGR	Touggourt	Touggourt	2475475	DZ	143270	5.1	displayed city	name
TGT	Tanga	Tanga	149606	TZ	393429	4.0	displayed city	name
TGU	Tegucigalpa	Tegucigalpa	3600949	HN	850848	2.6	displayed city	name
TGZ	Tuxtla Gutiérrez	Tuxtla	3515001	MX	604147	23.4	displayed city	alternate
THD	Thanh Hóa	Thanh Hóa	1566166	VN	850000	33.2	displayed city	name
THE	Teresina	Teresina	3386496	BR	871126	4.0	displayed city	name
THG	Biloela	Biloela	2175819	AU	6108	12.7	displayed city	name
THL	Tachileik	Tachilek	1295301	MM	51553	7.0	displayed city	alternate
THN	Trollhättan	Trollhättan	2667303	SE	48573	5.1	displayed city	name
THQ	Tianshui (Maiji)	Tianshui	1792892	CN	1212791	11.0	displayed city	name
THR	Tehran	Tehran	112931	IR	7153309	9.7	displayed city	name
THX	Turukhansk	Turukhansk	1488903	RU	4774	1.5	displayed city	name
TIE	Tippi	Tēpī	327694	ET	66700	3.9	displayed city	alternate
TIF	Taif	Ta’if	107968	SA	688693	27.3	displayed city	alternate
TIJ	Tijuana	Tijuana	3981609	MX	1922523	5.3	displayed city	name
TIM	Timika	Timika	1623834	ID	142909	25.2	displayed city	name
TIN	Tindouf	Tindouf	2476301	DZ	45610	3.8	displayed city	name
TIR	Tirupati	Tirupati	1254360	IN	295323	13.0	displayed city	name
TIV	Tivat	Tivat	3189073	ME	6280	4.3	displayed city	name
TIW	Tacoma	Tacoma	5812944	US	222906	10.2	displayed city	name
TIZ	Tari	Tari	2085772	PG	8186	0.1	displayed city	name
TJA	Tarija	Tarija	3903320	BO	159269	3.7	displayed city	name
TJH	Toyooka	Toyooka	1849831	JP	78348	4.3	displayed city	name
TJK	Tokat	Tokat	738743	TR	129702	13.9	displayed city	name
TJL	Três Lagoas	Três Lagoas	3446098	BR	143523	4.5	displayed city	name
TJM	Tyumen	Tyumen	1488754	RU	768358	12.4	displayed city	name
TJQ	Tanjung Pandan	Tanjung Pandan	1624877	ID	103062	13.4	displayed city	name
TJU	Kulob	Kŭlob	1221194	TJ	214700	8.4	displayed city	name
TKD	Sekondi-Takoradi	Sekondi-Takoradi	2295458	GH	138872	3.9	displayed city	name
TKF	Truckee	Truckee	5403676	US	16299	3.8	displayed city	name
TKG	Bandar Lampung	Bandar Lampung	1624917	ID	1166066	22.1	displayed city	name
TKJ	Tok	Tok	5876363	US	1258	1.8	displayed city	name
TKM	Taksimo	Taksimo	2015701	RU	10359	2.8	displayed city	name
TKN	Amagi	Amagi	1865376	JP	6350	2.9	displayed city	name
TKQ	Kigoma	Kigoma	157738	TZ	232388	5.0	displayed city	name
TKS	Tokushima	Tokushima	1850158	JP	267345	8.2	displayed city	name
TKU	Turku	Turku	633679	FI	206655	7.0	displayed city	name
TLC	Toluca	Toluca	3515302	MX	489333	10.7	displayed city	name
TLE	Toliara	Toliara	1055429	MG	178725	7.3	displayed city	name
TLH	Tallahassee	Tallahassee	4174715	US	201731	8.2	displayed city	name
TLL	Tallinn	Tallinn	588409	EE	394024	5.2	displayed city	name
TLN	Hyères, Var	Hyères	3012937	FR	50487	2.9	displayed city	name
TLQ	Turpan	Turpan	1529114	CN	273385	11.3	displayed city	name
TLU	Santiago de Tolú	Santiago de Tolú	3666939	CO	27390	1.7	displayed city	name
TLV	Tel Aviv	Tel Aviv	293397	IL	432892	12.6	displayed city	name
TLY	Plastun	Plastun	2017912	RU	6082	6.1	displayed city	name
TME	Tame	Tame	3667478	CO	29099	2.9	displayed city	name
TMH	Tanah Merah	Tanah Merah	2082430	ID	0	0.3	displayed city	name
TMJ	Termez	Tirmiz	1215957	UZ	182800	7.6	displayed city	alternate
TML	Tamale	Tamale	2294877	GH	464316	17.3	displayed city	name
TMM	Toamasina	Toamasina	1053384	MG	345107	4.1	displayed city	name
TMR	Tamanrasset	Tamanghasset	2478216	DZ	81752	7.9	displayed city	alternate
TMS	São Tomé	São Tomé	2410763	ST	53300	4.9	displayed city	name
TMW	Tamworth	Tamworth	2147497	AU	43874	8.1	displayed city	name
TMX	Timimoun	Timimoun	2476403	DZ	22086	4.9	displayed city	name
TNA	Jinan (Licheng)	Jinan	1805753	CN	8352574	28.7	displayed city	name
TND	Trinidad	Trinidad	3534915	CU	60206	1.9	displayed city	name
TNG	Tangier	Tangier	2530335	MA	1035141	11.7	displayed city	name
TNH	Tonghua	Tonghua	2034414	CN	510000	39.9	displayed city	name
TNN	Tainan (Rende)	Tainan	1668355	TW	1856642	4.6	displayed city	name
TNR	Antananarivo	Antananarivo	1070940	MG	1349501	14.3	displayed city	name
TOE	Tozeur	Tozeur	2464648	TN	37370	3.1	displayed city	name
TOF	Tomsk	Tomsk	1489425	RU	574002	19.3	displayed city	name
TOL	Toledo	Toledo	5174035	US	265638	22.7	displayed city	name
TOM	Timbuktu	Timbuktu	2449067	ML	84208	4.8	displayed city	name
TOS	Tromsø	Tromsø	3133895	NO	41915	4.1	displayed city	name
TOU	Touho	Touho	2137873	NC	2283	1.0	displayed city	name
TOW	Toledo	Toledo	3446370	BR	160701	5.5	displayed city	name
TOY	Toyama	Toyama	1849876	JP	415844	6.3	displayed city	name
TPA	Tampa	Tampa	4174757	US	414547	8.0	displayed city	name
TPE	Taoyuan	Taoyuan	6696918	TW	475798	11.3	displayed city	name
TPP	Tarapoto	Tarapoto	3691474	PE	0	1.2	displayed city	name
TPQ	Tepic	Tepic	3981941	MX	332863	11.1	displayed city	name
TPS	Trapani (TP)	Trapani	2522876	IT	67531	12.5	displayed city	name
TQO	Tulum	Tulum	3515040	MX	18233	21.0	displayed city	name
TRA	Tarama	Tarama	6822156	JP	1194	3.2	displayed city	name
TRC	Torreón	Torreón	3981254	MX	735340	2.5	displayed city	name
TRD	Trondheim	Trondheim	3133880	NO	216518	26.5	displayed city	name
TRF	Sandefjord(Torp)	Sandefjord	3140390	NO	64345	6.6	displayed city	name
TRG	Tauranga	Tauranga	2208032	NZ	161000	3.0	displayed city	name
TRI	Blountville	Blountville	4607201	US	3074	9.7	displayed city	name
TRK	Tarakan	Tarakan	1624725	ID	255310	3.3	displayed city	name
TRN	Caselle Torinese (TO)	Caselle Torinese	3179911	IT	11817	3.0	displayed city	name
TRR	Trincomalee	Trincomalee	1226260	LK	108420	6.8	displayed city	name
TRU	Trujillo	Trujillo	3691175	PE	1067700	9.4	displayed city	name
TRV	Thiruvananthapuram	Thiruvananthapuram	1254163	IN	788271	3.2	displayed city	name
TRW	South Tarawa	Tarawa	2110257	KI	40311	19.8	displayed city	alternate
TRZ	Tiruchirappalli	Tiruchirappalli	1254388	IN	1022518	6.3	displayed city	name
TSA	Taipei (Songshan)	Taipei	1668341	TW	7871900	3.1	displayed city	name
TSF	Treviso (TV)	Treviso	3165201	IT	85760	4.2	displayed city	name
TSJ	Tsushima	Tsushima	10630007	JP	28502	9.5	displayed city	name
TSM	Taos	Taos	5493811	US	5740	10.6	displayed city	name
TSN	Tianjin	Tianjin	1792947	CN	13866009	14.7	displayed city	name
TSR	Timişoara	Timişoara	665087	RO	250849	10.7	displayed city	name
TSS	New York	New York City	5128581	US	8804190	4.2	displayed city	alternate
TST	Trang	Trang	1150007	TH	66713	5.3	displayed city	name
TSV	Townsville	Townsville	2146142	AU	201313	4.4	displayed city	name
TTA	Tan Tan	Tan-Tan	2530241	MA	79942	5.8	displayed city	name
TTE	Ternate	Ternate	1624041	ID	210836	4.5	displayed city	name
TTJ	Tottori	Tottori-shi	1849892	JP	188465	7.0	displayed city	alternate
TTS	Tsaratanana	Tsaratanana	1055059	MG	26446	6.2	displayed city	name
TTU	Tétouan	Tétouan	2528910	MA	415810	4.7	displayed city	name
TUA	Tulcán	Tulcán	3650472	EC	86498	1.1	displayed city	name
TUC	San Miguel de Tucumán	San Miguel de Tucumán	3836873	AR	548866	10.8	displayed city	name
TUF	Tours, Indre-et-Loire	Tours	2972191	FR	141621	4.5	displayed city	name
TUG	Tuguegarao City	Tuguegarao	1680932	PH	167297	3.3	displayed city	alternate
TUI	Turaif	Turaif	101312	SA	40819	6.8	displayed city	name
TUK	Turbat	Turbat	1163054	PK	75694	2.7	displayed city	name
TUL	Tulsa	Tulsa	4553433	US	413066	10.7	displayed city	name
TUN	Tunis	Tunis	2464470	TN	693210	6.5	displayed city	name
TUO	Taupo	Taupo	2181742	NZ	27000	6.3	displayed city	name
TUP	Tupelo	Tupelo	4448903	US	35680	6.1	displayed city	name
TUR	Tucuruí	Tucuruí	3385935	BR	115144	5.1	displayed city	name
TUS	Tucson	Tucson	5318313	US	542629	11.9	displayed city	name
TUU	Tabuk	Tabuk	101628	SA	667000	6.1	displayed city	name
TVC	Traverse City	Traverse City	5012495	US	15218	3.9	displayed city	name
TVF	Thief River Falls	Thief River Falls	5049970	US	8752	5.9	displayed city	name
TVS	Tangshan (Fengrun)	Tangshan	1793346	CN	3372102	17.5	displayed city	name
TVT	Tashkent	Tashkent	1512569	UZ	1978028	15.9	displayed city	name
TVY	Dawei	Dawei	1293625	MM	136783	2.7	displayed city	name
TWC	Tumxuk	Tumxuk	12022102	CN	135727	14.8	displayed city	name
TWF	Twin Falls	Twin Falls	5610810	US	47468	9.3	displayed city	name
TWT	Bongao	Bongao	1724088	PH	26518	3.9	displayed city	name
TWU	Tawau	Tawau	1734199	MY	372615	26.7	displayed city	name
TXE	Takengon	Takengon	1213593	ID	0	11.1	displayed city	name
TXK	Texarkana	Texarkana	4736096	US	37280	6.1	displayed city	name
TXN	Huangshan	Huangshan	1792359	CN	460786	6.0	displayed city	name
TYF	Torsby	Torsby	2667876	SE	4419	2.7	displayed city	name
TYL	Talara	Talara	3691582	PE	99074	2.0	displayed city	name
TYN	Taiyuan	Taiyuan	1793511	CN	5305061	14.9	displayed city	name
TYR	Tyler	Tyler	4738214	US	103700	9.5	displayed city	name
TZA	Belize City	Belize City	3582677	BZ	65222	2.0	displayed city	name
TZL	Dubrave Gornje	Dubrave Gornje	3201060	BA	4821	1.4	displayed city	name
TZX	Trabzon	Trabzon	738648	TR	244083	5.4	displayed city	name
UAI	Suai	Suai	1626459	TL	21539	3.5	displayed city	name
UAQ	San Juan	San Juan	3837213	AR	109123	10.9	displayed city	name
UAR	Bouarfa	Bouarfa	2555157	MA	31499	2.9	displayed city	name
UBA	Uberaba	Uberaba	3445839	BR	356781	3.9	displayed city	name
UBJ	Ube	Ube	1849498	JP	173733	3.0	displayed city	name
UBN	Ulaanbaatar (Sergelen)	Ulan Bator	2028462	MN	844818	29.4	displayed city	alternate
UBP	Ubon Ratchathani	Ubon Ratchathani	1605245	TH	122533	2.7	displayed city	name
UCB	Ulanqab	Ulanqab	8335361	CN	550231	15.4	displayed city	name
UCT	Ukhta	Ukhta	479411	RU	102187	5.6	displayed city	name
UDI	Uberlândia	Uberlândia	3445831	BR	754954	6.7	displayed city	name
UDR	Udaipur	Udaipur	1253986	IN	451100	18.8	displayed city	name
UEL	Quelimane	Quelimane	1028434	MZ	349842	3.3	displayed city	name
UEO	Kumejima	Kumejima	6822157	JP	7192	9.4	displayed city	name
UET	Quetta	Quetta	1167528	PK	1565546	9.7	displayed city	name
UFA	Ufa	Ufa	479561	RU	1120547	21.5	displayed city	name
UGA	Bulgan	Bulgan	2032201	MN	17348	6.4	displayed city	name
UGC	Urgench	Urganch	1512473	UZ	145000	3.6	displayed city	alternate
UGU	Bilogai	Bilogai	8530839	ID	0	40.3	displayed city	name
UIB	Quibdó	Quibdó	3671116	CO	129237	1.9	displayed city	name
UIN	Quincy	Quincy	4247703	US	40780	18.4	displayed city	name
UIO	Quito	Quito	3652462	EC	2781641	22.2	displayed city	name
UKB	Kobe	Kobe	1859171	JP	1525152	7.5	displayed city	name
UKE	Bhawanipatna	Bhawānipatna	1276023	IN	69045	21.3	displayed city	name
UKG	Ust-Kuyga	Ust-Kuyga	2013921	RU	1517	3.8	displayed city	name
UKK	Ust-Kamenogorsk (Oskemen)	Ust-Kamenogorsk	1520316	KZ	319067	10.6	displayed city	name
UKX	Ust-Kut	Ust’-Kut	2013923	RU	48202	7.4	displayed city	name
ULG	Ölgii	Ölgii	1515436	MN	28400	4.0	displayed city	name
ULH	Al-Ula	Al-`Ula	108841	SA	32413	23.8	displayed city	name
ULK	Lensk	Lensk	2020838	RU	23694	5.9	displayed city	name
ULO	Ulaangom	Ulaangom	1515029	MN	30092	13.2	displayed city	name
ULU	Gulu	Gulu	233346	UG	177400	4.6	displayed city	name
ULV	Ulyanovsk	Ulyanovsk	479123	RU	626540	12.3	displayed city	name
ULY	Cherdakly	Cherdakly	569360	RU	11939	5.8	displayed city	name
ULZ	Uliastai	Uliastay	1515007	MN	16265	24.1	displayed city	alternate
UMD	Uummannaq	Uummannaq	3426193	GL	1407	0.8	displayed city	name
UME	Umeå	Umeå	602150	SE	130224	4.2	displayed city	name
UMS	Ust-Maya	Ust-Maya	2013918	RU	3062	8.7	displayed city	name
UMU	Umuarama	Umuarama	3445782	BR	123059	3.8	displayed city	name
UNA	Una	Una	3445781	BR	18544	10.7	displayed city	name
UNG	Kiunga	Kiunga	2093846	PG	11536	1.0	displayed city	name
UNN	Ranong	Ranong	1150965	TH	24561	21.6	displayed city	name
UOL	Buol	Buol	1647574	ID	0	6.6	displayed city	name
UPG	Makassar	Makassar	1622786	ID	1474393	15.7	displayed city	name
UPN	Uruapan	Uruapan	3980760	MX	299523	3.0	displayed city	name
URA	Uralsk	Oral	608668	KZ	330000	13.3	displayed city	alternate
URC	Ürümqi	Ürümqi	1529102	CN	4054000	15.8	displayed city	name
URE	Kuressaare	Kuressaare	590939	EE	12698	2.8	displayed city	name
URG	Uruguaiana	Uruguaiana	3445679	BR	120819	5.7	displayed city	name
URJ	Uray	Uray	1488429	RU	39878	3.7	displayed city	name
URT	Surat Thani	Surat Thani	1150515	TH	132040	21.7	displayed city	name
URY	Gurayat	Qurayyat	108648	SA	102903	10.8	displayed city	alternate
USA	Concord	Concord	4461574	US	87696	11.8	displayed city	name
USH	Ushuaia	Ushuaia	3833367	AR	56825	3.8	displayed city	name
USJ	Usharal	Usharal	1517836	KZ	0	9.0	displayed city	name
USK	Usinsk	Usinsk	863061	RU	44078	7.4	displayed city	name
USN	Ulsan	Ulsan	1833747	KR	1098421	7.0	displayed city	name
USR	Ust-Nera	Ust-Nera	2120048	RU	9148	6.2	displayed city	name
UST	St Augustine	Saint Augustine	4170894	US	12975	7.6	displayed city	alternate
USU	Coron	Coron	1716834	PH	8723	17.7	displayed city	name
UTH	Udon Thani	Udon Thani	1605239	TH	130531	3.3	displayed city	name
UTN	Upington	Upington	945945	ZA	71373	5.3	displayed city	name
UTP	Rayong	Rayong	1607017	TH	106737	27.4	displayed city	name
UTT	Mthatha	Mthatha	946058	ZA	164848	11.5	displayed city	name
UUA	Bugulma	Bugulma	571170	RU	91900	11.5	displayed city	name
UUD	Ulan Ude	Ulan-Ude	2014407	RU	360278	11.2	displayed city	name
UUS	Yuzhno-Sakhalinsk	Yuzhno-Sakhalinsk	2119441	RU	198973	7.8	displayed city	name
UVE	Ouvéa	Ouvéa	2141305	NC	3401	4.0	displayed city	name
UVF	Vieux Fort	Vieux Fort	3576414	LC	4574	1.9	displayed city	name
UVI	União da Vitória	União da Vitória	3445746	BR	57913	2.0	displayed city	name
UYL	Nyala	Nyala	369004	SD	565734	8.2	displayed city	name
UYN	Yulin	Yulinshi	1785777	CN	90870	14.9	displayed city	alternate
UZR	Urzhar	Urzhar	1517721	KZ	14826	2.9	displayed city	name
VAA	Vaasa	Vaasa	632978	FI	69819	9.0	displayed city	name
VAI	Vanimo	Vanimo	2084442	PG	11204	1.0	displayed city	name
VAK	Chevak	Chevak	5859114	US	1018	1.6	displayed city	name
VAL	Valença	Valença	3445597	BR	97873	12.0	displayed city	name
VAN	Van	Van	298117	TR	525016	5.3	displayed city	name
VAQ	Vanavara	Vanavara	2013727	RU	3090	1.7	displayed city	name
VAR	Varna	Varna	726050	BG	318737	7.0	displayed city	name
VAS	Sivas	Sivas	300619	TR	264022	12.1	displayed city	name
VAW	Vardø	Vardø	777019	NO	1875	3.0	displayed city	name
VBS	Montichiari (BS)	Montichiari	3172681	IT	15030	5.5	displayed city	name
VBY	Visby	Visby	2662689	SE	23402	3.9	displayed city	name
VCA	Can Tho	Cần Thơ	1586203	VN	1507187	10.1	displayed city	name
VCE	Venezia (VE)	Venice	3164603	IT	51298	7.7	displayed city	alternate
VCP	Campinas	Campinas	3467865	BR	1031554	13.6	displayed city	name
VCT	Victoria	Victoria	4739157	US	67574	9.8	displayed city	name
VDC	Vitória da Conquista	Vitória da Conquista	3444914	BR	396613	9.3	displayed city	name
VDH	Dong Hoi	Đồng Hới	1582886	VN	133672	6.1	displayed city	alternate
VDS	Vadsø	Vadsø	777073	NO	4654	3.7	displayed city	name
VDZ	Valdez	Valdez	5877389	US	3870	5.5	displayed city	name
VEL	Vernal	Vernal	5784154	US	11200	2.6	displayed city	name
VEO	Severo-Yeniseysk	Severo-Yeniseyskiy	1492566	RU	6564	1.0	displayed city	alternate
VER	Veracruz	Veracruz	3514783	MX	428323	6.6	displayed city	name
VFA	Victoria Falls	Victoria Falls	879431	ZW	35215	18.3	displayed city	name
VGA	Vijayawada	Vijayawada	1253184	IN	1143232	17.1	displayed city	name
VGO	Vigo	Vigo	3105976	ES	293642	7.9	displayed city	name
VHM	Vilhelmina	Vilhelmina	2662935	SE	3572	9.8	displayed city	name
VIE	Vienna	Vienna	2761369	AT	1691468	18.3	displayed city	name
VIG	El Vigía	El Vigía	3641099	VE	162289	2.1	displayed city	name
VII	Vinh	Vinh	1562798	VN	790000	7.5	displayed city	name
VIJ	Spanish Town	Spanish Town	3577369	VG	3800	0.7	displayed city	name
VIL	Dakhla	Dakhla	2463447	EH	106277	4.6	displayed city	name
VIX	Vitória	Vitória	3444924	BR	312656	8.8	displayed city	name
VJB	Xai-Xai	Xai-Xai	1024552	MZ	154356	20.8	displayed city	name
VKG	Rach Gia	Rạch Giá	1568510	VN	459860	8.3	displayed city	name
VKO	Moscow	Moscow	524901	RU	10381222	28.6	displayed city	name
VKT	Vorkuta	Vorkuta	1486910	RU	80039	3.8	displayed city	name
VLC	Valencia	Valencia	2509954	ES	824340	8.9	displayed city	name
VLD	Valdosta	Valdosta	4228147	US	55724	5.7	displayed city	name
VLI	Port Vila	Port-Vila	2135171	VU	35901	4.2	displayed city	name
VLL	Valladolid	Valladolid	3106672	ES	300618	12.1	displayed city	name
VLN	Valencia	Valencia	3625549	VE	1619470	8.0	displayed city	name
VLV	Valera	Valera	3625542	VE	244708	3.3	displayed city	name
VNO	Vilnius	Vilnius	593116	LT	542366	6.1	displayed city	name
VNS	Varanasi	Varanasi	1253405	IN	1164404	21.2	displayed city	name
VNX	Vilanculo	Vilankulo	1024683	MZ	43183	2.1	displayed city	alternate
VOG	Volgograd	Volgograd	472757	RU	1013533	13.8	displayed city	name
VOL	Nea Anchialos	Néa Anchiálos	256627	GR	5881	7.0	displayed city	name
VOZ	Voronezh	Voronezh	472045	RU	1047549	16.5	displayed city	name
VPS	Valparaiso	Valparaiso	4176316	US	5023	3.3	displayed city	name
VPY	Chimoio	Chimoio	1049261	MZ	422046	6.9	displayed city	name
VQS	Vieques	Vieques	4568570	PR	4325	48.2	displayed city	name
VRA	Matanzas	Matanzas	3547398	CU	146733	15.1	displayed city	name
VRB	Vero Beach	Vero Beach	4176409	US	16358	2.8	displayed city	name
VRC	Virac	Virac	1679802	PH	75135	3.5	displayed city	name
VRL	Vila Real	Vila Real	2732438	PT	17001	3.4	displayed city	name
VRN	Caselle (VR)	Caselle	6951015	IT	4791	2.2	displayed city	name
VSA	Villahermosa	Villahermosa	3514670	MX	353577	12.8	displayed city	name
VSE	Viseu	Viseu	2732265	PT	103502	7.3	displayed city	name
VTE	Vientiane	Vientiane	1651944	LA	840940	4.1	displayed city	name
VTU	Las Tunas	Las Tunas	3550598	CU	203684	3.4	displayed city	name
VTZ	Visakhapatnam	Visakhapatnam	1253102	IN	1063178	45.5	displayed city	name
VUP	Valledupar	Valledupar	3666304	CO	490075	3.4	displayed city	name
VUS	Velikiy Ustyug	Velikiy Ustyug	476062	RU	32642	4.1	displayed city	name
VVC	Villavicencio	Villavicencio	3665900	CO	321717	4.2	displayed city	name
VVI	Santa Cruz	Santa Cruz de la Sierra	3904906	BO	1831434	16.5	displayed city	alternate
VVO	Artyom	Artëm	2027456	RU	102300	5.5	displayed city	alternate
VVZ	Illizi	Illizi	2493456	DZ	13029	30.9	displayed city	name
VXC	Lichinga	Lichinga	1043893	MZ	281341	5.1	displayed city	name
VXE	São Pedro	São Pedro	3374201	CV	1060	1.2	displayed city	name
VXO	Växjö	Växjö	2663536	SE	71282	7.5	displayed city	name
VYI	Vilyuisk	Vilyuysk	2013392	RU	9948	3.0	displayed city	alternate
WAG	Wanganui	Whanganui	2179670	NZ	49200	4.0	displayed city	alternate
WAW	Warsaw	Warsaw	756135	PL	1702139	7.7	displayed city	name
WDH	Windhoek	Windhoek	3352136	NA	386219	40.8	displayed city	name
WDS	Shiyan (Maojian)	Shiyan	1794903	CN	3460000	13.5	displayed city	name
WEF	Weifang (Kuiwen)	Weifang	1791681	CN	9386705	7.2	displayed city	name
WEH	Weihai	Weihai	1791673	CN	844310	37.2	displayed city	name
WEI	Weipa	Weipa	2144209	AU	2830	7.7	displayed city	name
WFB	Ketchikan	Ketchikan	5554428	US	8197	2.1	displayed city	name
WGA	Forest Hill	Forest Hill	2166335	AU	2482	1.7	displayed city	name
WHA	Wuhu	Wuhu	7069199	CN	0	10.8	displayed city	name
WHK	Whakatāne	Whakatane	2208330	NZ	18602	7.2	displayed city	name
WIC	Wick	Wick	2633982	GB	7140	2.2	displayed city	name
WIL	Nairobi	Nairobi	184745	KE	4397073	4.3	displayed city	name
WJR	Wajir	Wajir	178443	KE	90116	4.1	displayed city	name
WJU	Wonju	Wŏnju	1833105	KR	332849	9.6	displayed city	name
WKA	Wanaka	Wanaka	2184707	NZ	13200	8.0	displayed city	name
WKJ	Wakkanai	Wakkanai	2127515	JP	33869	9.9	displayed city	name
WLG	Wellington	Wellington	2179537	NZ	381900	5.2	displayed city	name
WMI	Nowy Dwór Mazowiecki	Nowy Dwór Mazowiecki	763556	PL	27633	5.0	displayed city	name
WMN	Maroantsetra	Maroantsetra	1060283	MG	45041	5.2	displayed city	name
WMX	Wamena	Wamena	1622167	ID	66080	0.5	displayed city	name
WNH	Wenshan	Wenshan City	8505006	CN	450000	23.0	displayed city	alternate
WNP	Naga	Naga	1698829	PH	174931	10.3	displayed city	name
WNZ	Wenzhou (Longwan)	Wenzhou	1791388	CN	2650000	20.8	displayed city	name
WOS	Wonsan	Wŏnsan	1866923	KP	329207	4.1	displayed city	name
WPL	Powell River	Powell River	6112608	CA	13157	6.1	displayed city	name
WRE	Whangarei	Whangarei	6230919	NZ	50900	5.5	displayed city	name
WRG	Wrangell	Wrangell	5558586	US	2382	1.6	displayed city	name
WRO	Wrocław	Wrocław	3081368	PL	672545	10.3	displayed city	name
WSK	Wushan	Wushan	1790920	CN	117873	16.0	displayed city	name
WST	Westerly	Westerly	5225631	US	17936	3.7	displayed city	name
WSZ	Westport	Westport	2206900	NZ	4600	2.7	displayed city	name
WTB	Toowoomba	Toowoomba	2146268	AU	142163	15.8	displayed city	name
WTE	Wotje	Wotje	7306528	MH	880	0.5	displayed city	name
WUA	Wuhai	Wuhai	1791249	CN	218427	12.2	displayed city	name
WUH	Wuhan (Huangpi)	Wuhan	1791247	CN	13739000	21.9	displayed city	name
WUS	Wuyishan	Wuyishan	1922014	CN	137133	7.1	displayed city	name
WUT	Xinzhou	Xinzhou	1788450	CN	544683	29.3	displayed city	name
WUU	Wau	Wau	363885	SS	127384	3.2	displayed city	name
WUX	Wuxi	Wuxi	1790923	CN	4396835	15.6	displayed city	name
WVB	Walvis Bay(Rooikop)	Walvis Bay	3359638	NA	73598	14.7	displayed city	name
WWK	Wewak	Wewak	2083537	PG	18230	5.6	displayed city	name
WXN	Wanzhou	Wanzhou	12358576	CN	1545900	5.4	displayed city	name
WYA	Whyalla	Whyalla	2058430	AU	20880	5.6	displayed city	name
WYS	West Yellowstone	West Yellowstone	5685767	US	1339	3.1	displayed city	name
XAI	Xinyang	Xinyang	1788534	CN	1416800	46.5	displayed city	name
XAP	Chapecó	Chapecó	3466296	BR	282648	5.7	displayed city	name
XBJ	Birjand	Bīrjand	140463	IR	196982	6.5	displayed city	name
XCH	Flying Fish Cove	Flying Fish Cove	2078127	CX	500	3.4	displayed city	name
XCR	Chalons en Champagne	Châlons-en-Champagne	3027487	FR	51257	23.3	displayed city	name
XFN	Xiangyang (Xiangzhou)	Xiangyang	1790587	CN	1294733	18.5	displayed city	name
XIL	Xilinhot	Xilinhot	8054802	CN	349953	8.9	displayed city	name
XIY	Xi'an	Xi’an	1790630	CN	12952907	25.5	displayed city	name
XMN	Xiamen	Xiamen	1790645	CN	4617251	8.5	displayed city	name
XMS	Macas	Macas	3654541	EC	23687	0.9	displayed city	name
XNN	Haidong (Huzhu Tu Autonomous County)	Nianbo	1799471	CN	260184	34.0	displayed city	alternate
XQP	Quepos	Quepos	3622193	CR	7810	3.8	displayed city	name
XQU	Qualicum Beach	Qualicum Beach	6114862	CA	9303	3.7	displayed city	name
XRY	Jerez de la Frontera	Jerez de la Frontera	2516326	ES	212879	9.4	displayed city	name
XUZ	Xuzhou	Xuzhou	10630003	CN	1253991	29.8	displayed city	name
XWA	Williston	Williston	5692947	US	26977	16.1	displayed city	name
YAA	Anahim Lake	Anahim Lake	12188701	CA	1500	1.7	displayed city	name
YAG	Fort Frances	Fort Frances	5955826	CA	7739	5.4	displayed city	name
YAM	Sault Ste Marie	Sault Ste. Marie	6141439	CA	72051	13.9	displayed city	name
YAQ	Maple Bay	Maple Bay	6065568	CA	2640	0.8	displayed city	name
YAT	Attawapiskat	Attawapiskat	5888118	CA	1501	1.0	displayed city	name
YAY	St. Anthony	St. Anthony	6155302	CA	2049	33.8	displayed city	name
YAZ	Tofino	Tofino	6354950	CA	2516	12.6	displayed city	name
YBC	Baie-Comeau	Baie-Comeau	5889745	CA	21536	10.2	displayed city	name
YBG	Saguenay	Saguenay	6137270	CA	148886	11.1	displayed city	name
YBK	Baker Lake	Baker Lake	5891871	CA	2061	3.6	displayed city	name
YBL	Campbell River	Campbell River	5914132	CA	33430	7.5	displayed city	name
YBP	Yibin (Cuiping)	Yibin	1786770	CN	836340	15.6	displayed city	name
YBR	Brandon	Brandon	5907896	CA	48859	7.0	displayed city	name
YBY	Bonnyville	Bonnyville	5905616	CA	5975	4.2	displayed city	name
YCB	Cambridge Bay	Cambridge Bay	5913698	CA	1760	3.4	displayed city	name
YCD	Nanaimo	Nanaimo	6085772	CA	90504	13.4	displayed city	name
YCG	Castlegar	Castlegar	5918118	CA	8338	3.5	displayed city	name
YCM	Niagara-on-the-Lake	Niagara-on-the-Lake	6087905	CA	17511	10.1	displayed city	name
YCO	Kugluktuk	Kugluktuk	5994339	CA	1382	2.3	displayed city	name
YCU	Yuncheng (Yanhu)	Yuncheng	1785738	CN	680036	11.2	displayed city	name
YCY	Clyde River	Clyde River	5924351	CA	1181	3.1	displayed city	name
YDA	Dawson City	Dawson City	6943713	CA	1375	15.0	displayed city	name
YDF	Deer Lake	Deer Lake	5937252	CA	5319	5.3	displayed city	name
YDN	Dauphin	Dauphin	5935341	CA	8457	5.4	displayed city	name
YDP	Nain	Nain	6943610	CA	1204	1.3	displayed city	name
YEG	Edmonton	Edmonton	5946768	CA	1010899	27.7	displayed city	name
YEI	Yenişehir	Yenişehir	737611	TR	28656	7.7	displayed city	name
YEK	Arviat	Arviat	5887448	CA	2864	1.8	displayed city	name
YEV	Inuvik	Inuvik	5983607	CA	3243	11.9	displayed city	name
YFB	Iqaluit	Iqaluit	5983720	CA	7429	2.2	displayed city	name
YFC	Fredericton	Fredericton	5957776	CA	63116	13.5	displayed city	name
YFO	Flin Flon	Flin Flon	5954718	CA	5865	15.8	displayed city	name
YFS	Fort Simpson	Fort Simpson	5955953	CA	1100	12.9	displayed city	name
YGJ	Yonago	Yonago	1848277	JP	148720	11.0	displayed city	name
YGP	Gaspé	Gaspé	5959878	CA	14819	6.5	displayed city	name
YGR	Les Îles-de-la-Madeleine	Cap-aux-Meules	5915327	CA	12190	7.8	displayed city	alternate
YGT	Igloolik	Igloolik	5979345	CA	2049	1.6	displayed city	name
YGV	Havre-Saint-Pierre	Havre-Saint-Pierre	5972291	CA	3460	4.3	displayed city	name
YGX	Gillam	Gillam	5961153	CA	1007	1.1	displayed city	name
YHH	Campbell River	Campbell River	5914132	CA	33430	3.8	displayed city	name
YHK	Gjoa Haven	Gjoa Haven	5961560	CA	1349	1.6	displayed city	name
YHM	Hamilton	Hamilton	5969782	CA	569353	10.9	displayed city	name
YHU	Montréal	Montréal	6077243	CA	1762949	13.4	displayed city	name
YHY	Hay River	Hay River	5972762	CA	3528	2.8	displayed city	name
YHZ	Halifax	Halifax	6324729	CA	471559	27.0	displayed city	name
YIA	Yogyakarta	Yogyakarta	1621177	ID	375699	35.8	displayed city	name
YIC	Yichun	Yichun	1786746	CN	1045952	9.8	displayed city	name
YIE	Arxan	Wenquan	8054538	CN	32301	15.3	displayed city	alternate
YIH	Yichang (Xiaoting)	Yichang	1786764	CN	1350150	26.0	displayed city	name
YIO	Pond Inlet	Pond Inlet	6109205	CA	1555	1.1	displayed city	name
YKA	Kamloops	Kamloops	5989045	CA	104460	10.0	displayed city	name
YKF	Breslau	Breslau	5908481	CA	5053	3.1	displayed city	name
YKH	Yingkou (Laobian)	Yingkou	2033370	CN	591159	17.3	displayed city	name
YKM	Yakima	Yakima	5816605	US	93701	4.8	displayed city	name
YKO	Hakkari	Hakkâri	318137	TR	77699	43.9	displayed city	name
YKQ	Waskaganish	Waskaganish	6176563	CA	1839	1.3	displayed city	name
YKS	Yakutsk	Yakutsk	2013159	RU	235600	7.4	displayed city	name
YKU	Chisasibi	Chisasibi	5921588	CA	5397	2.7	displayed city	name
YLK	Barrie	Barrie	5894171	CA	147829	13.0	displayed city	name
YLL	Lloydminster	Lloydminster	6058024	CA	31582	5.3	displayed city	name
YLW	Kelowna	Kelowna	5990579	CA	144576	11.2	displayed city	name
YLX	Yulin	Yulin	1785781	CN	1056743	22.1	displayed city	name
YMM	Fort McMurray	Fort McMurray	5955895	CA	66573	12.7	displayed city	name
YMO	Moosonee	Moosonee	6078372	CA	1405	2.3	displayed city	name
YMP	Port McNeill	Port McNeill	6111953	CA	2234	4.5	displayed city	name
YMS	Yurimaguas	Yurimaguas	3690654	PE	41827	1.0	displayed city	name
YMT	Chibougamau	Chibougamau	5921147	CA	7563	19.9	displayed city	name
YMX	Montréal	Montréal	6077243	CA	1762949	39.9	displayed city	name
YNB	Yanbu	Yanbu	100425	SA	200161	6.1	displayed city	name
YND	Gatineau	Gatineau	5959974	CA	300045	11.8	displayed city	name
YNE	Norway House	Norway House	7732488	CA	5753	2.8	displayed city	name
YNJ	Yanji	Yanji	2033467	CN	326957	4.2	displayed city	name
YNT	Yantai	Yantai	1787093	CN	7102100	45.6	displayed city	name
YNZ	Yancheng (Tinghu)	Yancheng	1787746	CN	1615717	9.1	displayed city	name
YOH	Oxford House	Oxford House	6095788	CA	1950	1.9	displayed city	name
YOJ	High Level	High Level	5975004	CA	3159	11.7	displayed city	name
YOL	Yola	Yola	2318044	NG	460000	7.8	displayed city	name
YOW	Ottawa	Ottawa	6094817	CA	1017449	10.1	displayed city	name
YPA	Prince Albert	Prince Albert	6113335	CA	35102	6.5	displayed city	name
YPE	Peace River	Peace River	6100069	CA	6842	9.7	displayed city	name
YPH	Inukjuak	Inukjuak	5983577	CA	1821	2.4	displayed city	name
YPQ	Peterborough	Peterborough	6101645	CA	85807	8.4	displayed city	name
YPR	Prince Rupert	Prince Rupert	6113406	CA	14708	8.7	displayed city	name
YPW	Powell River	Powell River	6112608	CA	13157	1.7	displayed city	name
YPX	Puvirnituq	Puvirnituq	6114471	CA	2129	1.8	displayed city	name
YPZ	Burns Lake	Burns Lake	5911745	CA	1779	20.5	displayed city	name
YQA	Gravenhurst	Gravenhurst	5965546	CA	12312	8.0	displayed city	name
YQB	Quebec	Québec	6325494	CA	531902	13.8	displayed city	name
YQD	The Pas	The Pas	6164499	CA	5513	19.5	displayed city	name
YQG	Windsor	Windsor	6182962	CA	229660	5.7	displayed city	name
YQH	Watson Lake	Watson Lake	6176992	CA	1547	8.6	displayed city	name
YQK	Kenora	Kenora	5991055	CA	15096	9.4	displayed city	name
YQL	Lethbridge	Lethbridge	6053154	CA	103197	7.9	displayed city	name
YQM	Moncton	Moncton	6076211	CA	86106	9.4	displayed city	name
YQQ	Comox	Comox	5926432	CA	14806	4.7	displayed city	name
YQR	Regina	Regina	6119109	CA	226404	3.7	displayed city	name
YQT	Thunder Bay	Thunder Bay	6166142	CA	108843	5.6	displayed city	name
YQU	Grande Prairie	Grande Prairie	5964347	CA	70385	5.4	displayed city	name
YQX	Gander	Gander	5959335	CA	11880	4.2	displayed city	name
YQY	Sydney	Sydney	6354908	CA	105968	10.7	displayed city	name
YQZ	Quesnel	Quesnel	6115187	CA	9879	5.4	displayed city	name
YRA	Gamètì	Gamèti	6115754	CA	0	2.1	displayed city	name
YRJ	Roberval	Roberval	6125653	CA	10227	2.5	displayed city	name
YRL	Red Lake	Red Lake	6118417	CA	4366	6.1	displayed city	name
YRO	Ottawa	Ottawa	6094817	CA	1017449	6.9	displayed city	name
YRT	Rankin Inlet	Rankin Inlet	6116548	CA	2975	1.6	displayed city	name
YSB	Sudbury	Greater Sudbury	5964700	CA	166004	20.9	displayed city	alternate
YSJ	Saint John	Saint John	6138517	CA	71808	13.9	displayed city	name
YSK	Sanikiluaq	Sanikiluaq	6140995	CA	1010	1.6	displayed city	name
YSM	Fort Smith	Fort Smith	5955954	CA	2542	4.4	displayed city	name
YTE	Kinngait	Kinngait	5915732	CA	1396	0.9	displayed city	name
YTH	Thompson	Thompson	6165406	CA	13678	6.4	displayed city	name
YTP	Tofino	Tofino	6354950	CA	2516	0.3	displayed city	name
YTS	Timmins	Timmins	6166739	CA	41788	11.9	displayed city	name
YTY	Yangzhou	Yangzhou	1787227	CN	4559797	32.4	displayed city	name
YTZ	Toronto	Toronto	6167865	CA	2794356	8.7	displayed city	name
YUL	Montréal	Montréal	6077243	CA	1762949	12.9	displayed city	name
YUM	Yuma	Yuma	5322053	US	95548	8.4	displayed city	name
YUS	Yushu (Batang)	Yushu	1281105	CN	141308	18.5	displayed city	name
YUT	Repulse Bay	Naujaat	6119528	CA	1225	1.2	displayed city	alternate
YUY	Rouyn-Noranda	Rouyn-Noranda	6128577	CA	23504	14.3	displayed city	name
YVB	Bonaventure	Bonaventure	6943825	CA	2673	3.7	displayed city	name
YVC	La Ronge	La Ronge	6050066	CA	5671	5.9	displayed city	name
YVO	Val-d'Or	Val-d'Or	6173017	CA	25541	5.0	displayed city	name
YVP	Kuujjuaq	Kuujjuaq	5994517	CA	2668	2.0	displayed city	name
YVQ	Norman Wells	Norman Wells	6089245	CA	1027	1.6	displayed city	name
YVR	Vancouver	Vancouver	6173331	CA	662248	7.8	displayed city	name
YVV	Wiarton	Wiarton	8556287	CA	1996	2.6	displayed city	name
YWG	Winnipeg	Winnipeg	6183235	CA	749607	7.2	displayed city	name
YWH	Victoria	Victoria	6174041	CA	289625	2.0	displayed city	name
YWK	Wabush	Wabush	6174844	CA	1964	2.4	displayed city	name
YWL	Williams Lake	Williams Lake	6182212	CA	14168	7.7	displayed city	name
YWS	Whistler	Whistler	6180144	CA	8713	2.8	displayed city	name
YXC	Cranbrook	Cranbrook	5931800	CA	20047	12.4	displayed city	name
YXE	Saskatoon	Saskatoon	6141256	CA	266141	4.8	displayed city	name
YXH	Medicine Hat	Medicine Hat	6071618	CA	63138	3.9	displayed city	name
YXL	Sioux Lookout	Sioux Lookout	6148373	CA	5839	2.0	displayed city	name
YXP	Pangnirtung	Pangnirtung	6096551	CA	1504	0.6	displayed city	name
YXS	Prince George	Prince George	6113365	CA	78943	6.7	displayed city	name
YXT	Terrace	Terrace	6162949	CA	19443	5.6	displayed city	name
YXU	London	London	6058560	CA	422324	8.8	displayed city	name
YXX	Abbotsford	Abbotsford	5881791	CA	141397	8.7	displayed city	name
YXY	Whitehorse	Whitehorse	6180550	CA	28201	1.1	displayed city	name
YYA	Yueyang (Yueyanglou)	Yueyang	1927639	CN	991465	19.4	displayed city	name
YYB	North Bay	North Bay	6089426	CA	50396	6.2	displayed city	name
YYC	Calgary	Calgary	5913490	CA	1306784	9.3	displayed city	name
YYD	Smithers	Smithers	6149996	CA	5351	5.0	displayed city	name
YYE	Fort Nelson	Fort Nelson	5955902	CA	2611	6.9	displayed city	name
YYF	Penticton	Penticton	6101141	CA	33761	2.3	displayed city	name
YYG	Charlottetown	Charlottetown	5920288	CA	38809	6.0	displayed city	name
YYJ	Victoria	Victoria	6174041	CA	289625	24.2	displayed city	name
YYT	St. John's	St. John's	6324733	CA	110525	6.8	displayed city	name
YYY	Mont-Joli	Mont-Joli	6944113	CA	6568	3.0	displayed city	name
YYZ	Toronto	Toronto	6167865	CA	2794356	18.9	displayed city	name
YZF	Yellowknife	Yellowknife	6185377	CA	20340	3.6	displayed city	name
YZG	Salluit	Salluit	6139393	CA	1075	3.0	displayed city	name
YZS	Coral Harbour	Coral Harbour	5927708	CA	1035	11.2	displayed city	name
YZT	Port Hardy	Port Hardy	6111862	CA	3902	9.9	displayed city	name
YZU	Whitecourt	Whitecourt	6180285	CA	8763	6.6	displayed city	name
YZV	Sept-Îles	Sept-Îles	6144312	CA	28534	8.7	displayed city	name
YZY	Zhangye (Ganzhou)	Zhangye	1785036	CN	507433	24.3	displayed city	name
YZZ	Trail	Trail	6168326	CA	7920	8.4	displayed city	name
ZAD	Zadar	Zadar	3186952	HR	67309	10.5	displayed city	name
ZAH	Zahedan	Zahedan	1159301	IR	551980	4.8	displayed city	name
ZAL	Valdivia	Valdivia	3868707	CL	133419	22.8	displayed city	name
ZAM	Zamboanga	Zamboanga	1679432	PH	1018849	2.0	displayed city	name
ZAT	Zhaotong	Zhaotong	1784841	CN	787845	12.6	displayed city	name
ZAZ	Zaragoza	Zaragoza	3104324	ES	686986	13.7	displayed city	name
ZBR	Konarak	Konārak	1160500	IR	43258	9.4	displayed city	name
ZCL	Zacatecas	Zacatecas	3979844	MX	129011	17.8	displayed city	name
ZCO	Temuco	Temuco	3870011	CL	238129	21.6	displayed city	name
ZEL	Bella Bella	Bella Bella	5897730	CA	1193	2.6	displayed city	name
ZFL	Zhaosu	Zhaosu	1528992	CN	0	11.2	displayed city	name
ZHA	Zhanjiang	Zhanjiang	1784990	CN	1400709	34.6	displayed city	name
ZHY	Zhongwei (Shapotou)	Zhongwei	1784285	CN	1174600	7.6	displayed city	name
ZIA	Moscow	Moscow	524901	RU	10381222	40.0	displayed city	name
ZIG	Ziguinchor	Ziguinchor	2243940	SN	214874	1.8	displayed city	name
ZIH	Ixtapa	Ixtapa	4004294	MX	8992	20.5	displayed city	name
ZIX	Zhigansk	Zhigansk	2012530	RU	3237	3.2	displayed city	name
ZKE	Kashechewan	Kashechewan	5989520	CA	3309	2.7	displayed city	name
ZKP	Zyryanka	Zyryanka	2119283	RU	3627	1.5	displayed city	name
ZLO	Manzanillo	Manzanillo	3996663	MX	159853	23.0	displayed city	name
ZNA	Nanaimo	Nanaimo	6085772	CA	90504	0.6	displayed city	name
ZND	Zinder	Zinder	2437798	NE	318874	3.2	displayed city	name
ZNE	Newman	Newman	2064768	AU	12316	9.7	displayed city	name
ZNZ	Zanzibar	Zanzibar	148730	TZ	709809	7.1	displayed city	name
ZOS	Osorno	Osorno	3877949	CL	135773	7.4	displayed city	name
ZPC	Pucon	Pucón	3875070	CL	26953	3.5	displayed city	name
ZQN	Queenstown	Queenstown	6204696	NZ	10442	6.7	displayed city	name
ZQZ	Zhangjiakou	Zhangjiakou	2033196	CN	692602	7.2	displayed city	name
ZRH	Zurich	Zürich	2657896	CH	415367	10.2	displayed city	name
ZSE	Saint-Pierre	Saint-Pierre	935214	RE	84077	6.2	displayed city	name
ZTH	Zakynthos	Zakynthos	251280	GR	11541	3.4	displayed city	name
ZUH	Zhuhai (Jinwan)	Zhuhai	1790437	CN	2207090	36.0	displayed city	name
ZYI	Zunyi	Zunyi	1783621	CN	2037775	36.2	displayed city	name
ZYL	Sylhet	Sylhet	1185099	BD	237000	7.3	displayed city	name
